2024-03-29 18:09:27,236 - INFO - dispatcher.py - 527 - Start polling
2024-03-29 18:09:27,284 - INFO - dispatcher.py - 341 - Run polling for bot @GiftWinner_bot id=6727463369 - 'Бот участник в розыгрышах'
2024-03-29 18:09:46,494 - WARNING - dispatcher.py - 455 - Received SIGINT signal
2024-03-29 18:09:46,497 - INFO - dispatcher.py - 359 - Polling stopped for bot @GiftWinner_bot id=6727463369 - 'Бот участник в розыгрышах'
2024-03-29 18:09:46,497 - INFO - dispatcher.py - 554 - Polling stopped
2024-03-31 18:19:38,950 - INFO - dispatcher.py - 527 - Start polling
2024-03-31 18:19:39,005 - INFO - dispatcher.py - 341 - Run polling for bot @GiftWinner_bot id=6727463369 - 'Бот участник в розыгрышах'
2024-03-31 18:19:51,914 - INFO - dispatcher.py - 172 - Update id=56115918 is handled. Duration 267 ms by bot id=6727463369
2024-03-31 18:19:53,174 - INFO - dispatcher.py - 172 - Update id=56115919 is handled. Duration 167 ms by bot id=6727463369
2024-03-31 18:20:00,865 - INFO - dispatcher.py - 172 - Update id=56115920 is handled. Duration 7143 ms by bot id=6727463369
2024-03-31 18:20:05,663 - INFO - vk_api.py - 172 - Auth with login: +79998773625
2024-03-31 18:20:05,663 - INFO - vk_api.py - 431 - Checking remixsid...
2024-03-31 18:20:05,663 - INFO - vk_api.py - 434 - No remixsid
2024-03-31 18:20:05,663 - INFO - vk_api.py - 202 - remixsid from config is not valid: None
2024-03-31 18:20:05,663 - INFO - vk_api.py - 242 - Logging in...
2024-03-31 18:20:06,668 - INFO - vk_api.py - 323 - Got remixsid
2024-03-31 18:20:06,671 - INFO - vk_api.py - 389 - Checking security check request
2024-03-31 18:20:06,671 - INFO - vk_api.py - 395 - Security check is not required
2024-03-31 18:20:06,671 - INFO - vk_api.py - 209 - access_token from config is not valid: None
2024-03-31 18:20:07,061 - INFO - vk_api.py - 543 - Got access_token
2024-03-31 18:21:07,067 - INFO - services.py - 69 - аккаунт Albina Vladimirovna комментирует запись wall-209070464_6296
2024-03-31 18:21:09,541 - INFO - services.py - 77 - аккаунт Albina Vladimirovna репостит запись wall-209070464_6296
2024-03-31 18:21:11,977 - INFO - services.py - 83 - аккаунт Albina Vladimirovna вступает в группу поста wall-209070464_6296
2024-03-31 18:21:12,459 - INFO - services.py - 96 - ----------КОНЕЦ-РЕПОСТА----------
2024-03-31 18:22:12,463 - INFO - services.py - 69 - аккаунт Albina Vladimirovna комментирует запись wall-37268163_1448183
2024-03-31 18:22:14,693 - INFO - services.py - 77 - аккаунт Albina Vladimirovna репостит запись wall-37268163_1448183
2024-03-31 18:22:17,029 - INFO - services.py - 83 - аккаунт Albina Vladimirovna вступает в группу поста wall-37268163_1448183
2024-03-31 18:22:17,373 - INFO - services.py - 96 - ----------КОНЕЦ-РЕПОСТА----------
2024-03-31 18:23:17,378 - INFO - services.py - 69 - аккаунт Albina Vladimirovna комментирует запись wall-146112919_13257
2024-03-31 18:23:19,798 - INFO - services.py - 77 - аккаунт Albina Vladimirovna репостит запись wall-146112919_13257
2024-03-31 18:23:22,250 - INFO - services.py - 83 - аккаунт Albina Vladimirovna вступает в группу поста wall-146112919_13257
2024-03-31 18:23:22,298 - ERROR - services.py - 93 - Ошибка при работе с постом wall-146112919_13257:
[15] Access denied: you are already in this community
2024-03-31 18:23:22,298 - INFO - services.py - 96 - ----------КОНЕЦ-РЕПОСТА----------
2024-03-31 18:24:22,299 - INFO - services.py - 69 - аккаунт Albina Vladimirovna комментирует запись wall-215425316_26524
2024-03-31 18:24:24,721 - INFO - services.py - 77 - аккаунт Albina Vladimirovna репостит запись wall-215425316_26524
2024-03-31 18:24:27,058 - INFO - services.py - 83 - аккаунт Albina Vladimirovna вступает в группу поста wall-215425316_26524
2024-03-31 18:24:27,135 - ERROR - services.py - 93 - Ошибка при работе с постом wall-215425316_26524:
[15] Access denied: you are already in this community
2024-03-31 18:24:27,135 - INFO - services.py - 96 - ----------КОНЕЦ-РЕПОСТА----------
2024-03-31 18:25:27,141 - INFO - services.py - 69 - аккаунт Albina Vladimirovna комментирует запись wall-157921718_45356
2024-03-31 18:25:29,469 - INFO - services.py - 77 - аккаунт Albina Vladimirovna репостит запись wall-157921718_45356
2024-03-31 18:25:31,897 - INFO - services.py - 83 - аккаунт Albina Vladimirovna вступает в группу поста wall-157921718_45356
2024-03-31 18:25:32,364 - ERROR - services.py - 93 - Ошибка при работе с постом wall-157921718_45356:
[15] Access denied: you are already in this community
2024-03-31 18:25:32,364 - INFO - services.py - 96 - ----------КОНЕЦ-РЕПОСТА----------
2024-03-31 18:26:32,366 - INFO - services.py - 69 - аккаунт Albina Vladimirovna комментирует запись wall-128976064_17979
2024-03-31 18:26:34,772 - INFO - services.py - 77 - аккаунт Albina Vladimirovna репостит запись wall-128976064_17979
2024-03-31 18:26:37,231 - INFO - services.py - 83 - аккаунт Albina Vladimirovna вступает в группу поста wall-128976064_17979
2024-03-31 18:26:37,526 - INFO - services.py - 96 - ----------КОНЕЦ-РЕПОСТА----------
2024-03-31 18:27:37,528 - INFO - services.py - 69 - аккаунт Albina Vladimirovna комментирует запись wall-223174343_656
2024-03-31 18:27:39,968 - INFO - services.py - 77 - аккаунт Albina Vladimirovna репостит запись wall-223174343_656
2024-03-31 18:27:42,469 - INFO - services.py - 83 - аккаунт Albina Vladimirovna вступает в группу поста wall-223174343_656
2024-03-31 18:27:43,077 - INFO - services.py - 96 - ----------КОНЕЦ-РЕПОСТА----------
2024-03-31 18:28:43,082 - INFO - services.py - 69 - аккаунт Albina Vladimirovna комментирует запись wall-178423538_790
2024-03-31 18:28:45,864 - INFO - services.py - 77 - аккаунт Albina Vladimirovna репостит запись wall-178423538_790
2024-03-31 18:28:48,411 - INFO - services.py - 83 - аккаунт Albina Vladimirovna вступает в группу поста wall-178423538_790
2024-03-31 18:28:48,793 - INFO - services.py - 96 - ----------КОНЕЦ-РЕПОСТА----------
2024-03-31 18:29:48,797 - INFO - services.py - 69 - аккаунт Albina Vladimirovna комментирует запись wall-171555209_4458
2024-03-31 18:29:51,072 - INFO - services.py - 77 - аккаунт Albina Vladimirovna репостит запись wall-171555209_4458
2024-03-31 18:29:53,504 - INFO - services.py - 83 - аккаунт Albina Vladimirovna вступает в группу поста wall-171555209_4458
2024-03-31 18:29:53,546 - ERROR - services.py - 93 - Ошибка при работе с постом wall-171555209_4458:
[15] Access denied: you are already in this community
2024-03-31 18:29:53,547 - INFO - services.py - 96 - ----------КОНЕЦ-РЕПОСТА----------
2024-03-31 18:30:53,552 - INFO - services.py - 69 - аккаунт Albina Vladimirovna комментирует запись wall-196017287_41690
2024-03-31 18:30:56,020 - INFO - services.py - 77 - аккаунт Albina Vladimirovna репостит запись wall-196017287_41690
2024-03-31 18:30:58,475 - INFO - services.py - 83 - аккаунт Albina Vladimirovna вступает в группу поста wall-196017287_41690
2024-03-31 18:30:58,531 - ERROR - services.py - 93 - Ошибка при работе с постом wall-196017287_41690:
[15] Access denied: you are already in this community
2024-03-31 18:30:58,531 - INFO - services.py - 96 - ----------КОНЕЦ-РЕПОСТА----------
2024-03-31 18:31:58,541 - INFO - services.py - 69 - аккаунт Albina Vladimirovna комментирует запись wall-114389229_139550
2024-03-31 18:32:00,872 - INFO - services.py - 77 - аккаунт Albina Vladimirovna репостит запись wall-114389229_139550
2024-03-31 18:32:03,296 - INFO - services.py - 83 - аккаунт Albina Vladimirovna вступает в группу поста wall-114389229_139550
2024-03-31 18:32:03,362 - ERROR - services.py - 93 - Ошибка при работе с постом wall-114389229_139550:
[15] Access denied: you are already in this community
2024-03-31 18:32:03,362 - INFO - services.py - 96 - ----------КОНЕЦ-РЕПОСТА----------
2024-03-31 18:33:03,367 - INFO - services.py - 69 - аккаунт Albina Vladimirovna комментирует запись wall-211034613_72529
2024-03-31 18:33:05,753 - INFO - services.py - 77 - аккаунт Albina Vladimirovna репостит запись wall-211034613_72529
2024-03-31 18:33:08,144 - INFO - services.py - 83 - аккаунт Albina Vladimirovna вступает в группу поста wall-211034613_72529
2024-03-31 18:33:08,345 - INFO - services.py - 96 - ----------КОНЕЦ-РЕПОСТА----------
2024-03-31 18:34:08,350 - INFO - services.py - 69 - аккаунт Albina Vladimirovna комментирует запись wall-211995436_37586
2024-03-31 18:34:10,734 - INFO - services.py - 77 - аккаунт Albina Vladimirovna репостит запись wall-211995436_37586
2024-03-31 18:34:13,553 - INFO - services.py - 83 - аккаунт Albina Vladimirovna вступает в группу поста wall-211995436_37586
2024-03-31 18:34:14,107 - INFO - services.py - 96 - ----------КОНЕЦ-РЕПОСТА----------
2024-03-31 18:35:14,112 - INFO - services.py - 69 - аккаунт Albina Vladimirovna комментирует запись wall-215308440_428992
2024-03-31 18:35:16,657 - INFO - services.py - 77 - аккаунт Albina Vladimirovna репостит запись wall-215308440_428992
2024-03-31 18:35:19,291 - INFO - services.py - 83 - аккаунт Albina Vladimirovna вступает в группу поста wall-215308440_428992
2024-03-31 18:35:19,350 - ERROR - services.py - 93 - Ошибка при работе с постом wall-215308440_428992:
[15] Access denied: you are already in this community
2024-03-31 18:35:19,351 - INFO - services.py - 96 - ----------КОНЕЦ-РЕПОСТА----------
2024-03-31 18:36:19,356 - INFO - services.py - 69 - аккаунт Albina Vladimirovna комментирует запись wall-63659353_67728
2024-03-31 18:36:21,970 - INFO - services.py - 77 - аккаунт Albina Vladimirovna репостит запись wall-63659353_67728
2024-03-31 18:36:24,534 - INFO - services.py - 83 - аккаунт Albina Vladimirovna вступает в группу поста wall-63659353_67728
2024-03-31 18:36:24,894 - INFO - services.py - 96 - ----------КОНЕЦ-РЕПОСТА----------
2024-03-31 18:37:24,895 - INFO - services.py - 69 - аккаунт Albina Vladimirovna комментирует запись wall-51382345_9059
2024-03-31 18:37:27,302 - INFO - services.py - 77 - аккаунт Albina Vladimirovna репостит запись wall-51382345_9059
2024-03-31 18:37:29,592 - INFO - services.py - 83 - аккаунт Albina Vladimirovna вступает в группу поста wall-51382345_9059
2024-03-31 18:37:30,105 - INFO - services.py - 96 - ----------КОНЕЦ-РЕПОСТА----------
2024-03-31 18:38:30,062 - INFO - services.py - 69 - аккаунт Albina Vladimirovna комментирует запись wall-36516005_926096
2024-03-31 18:38:32,570 - INFO - services.py - 77 - аккаунт Albina Vladimirovna репостит запись wall-36516005_926096
2024-03-31 18:38:34,988 - INFO - services.py - 83 - аккаунт Albina Vladimirovna вступает в группу поста wall-36516005_926096
2024-03-31 18:38:35,038 - ERROR - services.py - 93 - Ошибка при работе с постом wall-36516005_926096:
[15] Access denied: you are already in this community
2024-03-31 18:38:35,039 - INFO - services.py - 96 - ----------КОНЕЦ-РЕПОСТА----------
2024-03-31 18:39:35,047 - INFO - services.py - 69 - аккаунт Albina Vladimirovna комментирует запись wall-224677138_28
2024-03-31 18:39:37,516 - INFO - services.py - 77 - аккаунт Albina Vladimirovna репостит запись wall-224677138_28
2024-03-31 18:39:39,966 - INFO - services.py - 83 - аккаунт Albina Vladimirovna вступает в группу поста wall-224677138_28
2024-03-31 18:39:40,458 - INFO - services.py - 96 - ----------КОНЕЦ-РЕПОСТА----------
2024-03-31 18:40:40,467 - INFO - services.py - 69 - аккаунт Albina Vladimirovna комментирует запись wall-147224444_4855
2024-03-31 18:40:42,742 - INFO - services.py - 77 - аккаунт Albina Vladimirovna репостит запись wall-147224444_4855
2024-03-31 18:40:45,190 - INFO - services.py - 83 - аккаунт Albina Vladimirovna вступает в группу поста wall-147224444_4855
2024-03-31 18:40:45,268 - ERROR - services.py - 93 - Ошибка при работе с постом wall-147224444_4855:
[15] Access denied: you are already in this community
2024-03-31 18:40:45,268 - INFO - services.py - 96 - ----------КОНЕЦ-РЕПОСТА----------
2024-03-31 18:41:45,272 - INFO - services.py - 69 - аккаунт Albina Vladimirovna комментирует запись wall-52306073_18339
2024-03-31 18:41:45,342 - ERROR - services.py - 93 - Ошибка при работе с постом wall-52306073_18339:
[213] Access to status replies denied
2024-03-31 18:41:45,343 - INFO - services.py - 96 - ----------КОНЕЦ-РЕПОСТА----------
2024-03-31 18:42:45,346 - INFO - services.py - 69 - аккаунт Albina Vladimirovna комментирует запись wall-10958821_953016
2024-03-31 18:42:47,872 - INFO - services.py - 77 - аккаунт Albina Vladimirovna репостит запись wall-10958821_953016
2024-03-31 18:42:50,330 - INFO - services.py - 83 - аккаунт Albina Vladimirovna вступает в группу поста wall-10958821_953016
2024-03-31 18:42:50,775 - INFO - services.py - 96 - ----------КОНЕЦ-РЕПОСТА----------
2024-03-31 18:43:50,784 - INFO - services.py - 69 - аккаунт Albina Vladimirovna комментирует запись wall-53430884_102274
2024-03-31 18:43:53,098 - INFO - services.py - 77 - аккаунт Albina Vladimirovna репостит запись wall-53430884_102274
2024-03-31 18:43:55,460 - INFO - services.py - 83 - аккаунт Albina Vladimirovna вступает в группу поста wall-53430884_102274
2024-03-31 18:43:55,663 - INFO - services.py - 96 - ----------КОНЕЦ-РЕПОСТА----------
2024-03-31 18:44:55,672 - INFO - services.py - 69 - аккаунт Albina Vladimirovna комментирует запись wall-212677481_17029
2024-03-31 18:44:58,119 - INFO - services.py - 77 - аккаунт Albina Vladimirovna репостит запись wall-212677481_17029
2024-03-31 18:45:00,683 - INFO - services.py - 83 - аккаунт Albina Vladimirovna вступает в группу поста wall-212677481_17029
2024-03-31 18:45:01,139 - INFO - services.py - 96 - ----------КОНЕЦ-РЕПОСТА----------
2024-03-31 18:46:01,148 - INFO - services.py - 69 - аккаунт Albina Vladimirovna комментирует запись wall-198040439_4772
2024-03-31 18:46:03,556 - INFO - services.py - 77 - аккаунт Albina Vladimirovna репостит запись wall-198040439_4772
2024-03-31 18:46:06,131 - INFO - services.py - 83 - аккаунт Albina Vladimirovna вступает в группу поста wall-198040439_4772
2024-03-31 18:46:06,323 - INFO - services.py - 96 - ----------КОНЕЦ-РЕПОСТА----------
2024-03-31 18:47:06,331 - INFO - services.py - 69 - аккаунт Albina Vladimirovna комментирует запись wall-224579657_101
2024-03-31 18:47:08,792 - INFO - services.py - 77 - аккаунт Albina Vladimirovna репостит запись wall-224579657_101
2024-03-31 18:47:11,163 - INFO - services.py - 83 - аккаунт Albina Vladimirovna вступает в группу поста wall-224579657_101
2024-03-31 18:47:11,377 - INFO - services.py - 96 - ----------КОНЕЦ-РЕПОСТА----------
2024-03-31 18:48:11,382 - INFO - services.py - 69 - аккаунт Albina Vladimirovna комментирует запись wall-161733955_1339
2024-03-31 18:48:11,467 - ERROR - services.py - 93 - Ошибка при работе с постом wall-161733955_1339:
[213] Access to status replies denied
2024-03-31 18:48:11,467 - INFO - services.py - 96 - ----------КОНЕЦ-РЕПОСТА----------
2024-03-31 18:49:11,476 - INFO - services.py - 69 - аккаунт Albina Vladimirovna комментирует запись wall-211633705_11460
2024-03-31 18:49:13,862 - INFO - services.py - 77 - аккаунт Albina Vladimirovna репостит запись wall-211633705_11460
2024-03-31 18:49:16,301 - INFO - services.py - 83 - аккаунт Albina Vladimirovna вступает в группу поста wall-211633705_11460
2024-03-31 18:49:16,386 - ERROR - services.py - 93 - Ошибка при работе с постом wall-211633705_11460:
[15] Access denied: you are already in this community
2024-03-31 18:49:16,387 - INFO - services.py - 96 - ----------КОНЕЦ-РЕПОСТА----------
2024-03-31 18:50:16,388 - INFO - services.py - 69 - аккаунт Albina Vladimirovna комментирует запись wall-126076_1962392
2024-03-31 18:50:18,839 - INFO - services.py - 77 - аккаунт Albina Vladimirovna репостит запись wall-126076_1962392
2024-03-31 18:50:21,726 - INFO - services.py - 83 - аккаунт Albina Vladimirovna вступает в группу поста wall-126076_1962392
2024-03-31 18:50:21,788 - ERROR - services.py - 93 - Ошибка при работе с постом wall-126076_1962392:
[15] Access denied: you are already in this community
2024-03-31 18:50:21,788 - INFO - services.py - 96 - ----------КОНЕЦ-РЕПОСТА----------
2024-03-31 18:51:21,796 - INFO - services.py - 69 - аккаунт Albina Vladimirovna комментирует запись wall-62901720_33020
2024-03-31 18:51:24,655 - INFO - services.py - 77 - аккаунт Albina Vladimirovna репостит запись wall-62901720_33020
2024-03-31 18:51:27,293 - INFO - services.py - 83 - аккаунт Albina Vladimirovna вступает в группу поста wall-62901720_33020
2024-03-31 18:51:27,373 - ERROR - services.py - 93 - Ошибка при работе с постом wall-62901720_33020:
[15] Access denied: you are already in this community
2024-03-31 18:51:27,373 - INFO - services.py - 96 - ----------КОНЕЦ-РЕПОСТА----------
2024-03-31 18:52:27,377 - INFO - services.py - 69 - аккаунт Albina Vladimirovna комментирует запись wall-176271405_4067
2024-03-31 18:52:29,924 - INFO - services.py - 77 - аккаунт Albina Vladimirovna репостит запись wall-176271405_4067
2024-03-31 18:52:32,379 - INFO - services.py - 83 - аккаунт Albina Vladimirovna вступает в группу поста wall-176271405_4067
2024-03-31 18:52:32,479 - ERROR - services.py - 93 - Ошибка при работе с постом wall-176271405_4067:
[15] Access denied: you are already in this community
2024-03-31 18:52:32,479 - INFO - services.py - 96 - ----------КОНЕЦ-РЕПОСТА----------
2024-03-31 18:53:32,488 - INFO - services.py - 69 - аккаунт Albina Vladimirovna комментирует запись wall-34567148_20189
2024-03-31 18:53:35,098 - INFO - services.py - 77 - аккаунт Albina Vladimirovna репостит запись wall-34567148_20189
2024-03-31 18:53:37,618 - INFO - services.py - 83 - аккаунт Albina Vladimirovna вступает в группу поста wall-34567148_20189
2024-03-31 18:53:37,864 - INFO - services.py - 96 - ----------КОНЕЦ-РЕПОСТА----------
2024-03-31 18:54:37,871 - INFO - services.py - 69 - аккаунт Albina Vladimirovna комментирует запись wall-222387020_3877
2024-03-31 18:54:40,381 - INFO - services.py - 77 - аккаунт Albina Vladimirovna репостит запись wall-222387020_3877
2024-03-31 18:54:42,892 - INFO - services.py - 83 - аккаунт Albina Vladimirovna вступает в группу поста wall-222387020_3877
2024-03-31 18:54:43,116 - ERROR - services.py - 93 - Ошибка при работе с постом wall-222387020_3877:
[15] Access denied: you are already in this community
2024-03-31 18:54:43,116 - INFO - services.py - 96 - ----------КОНЕЦ-РЕПОСТА----------
2024-03-31 18:55:43,124 - INFO - services.py - 69 - аккаунт Albina Vladimirovna комментирует запись wall-219203178_59146
2024-03-31 18:55:45,842 - INFO - services.py - 77 - аккаунт Albina Vladimirovna репостит запись wall-219203178_59146
2024-03-31 18:55:48,314 - INFO - services.py - 83 - аккаунт Albina Vladimirovna вступает в группу поста wall-219203178_59146
2024-03-31 18:55:48,372 - ERROR - services.py - 93 - Ошибка при работе с постом wall-219203178_59146:
[15] Access denied: you are already in this community
2024-03-31 18:55:48,372 - INFO - services.py - 96 - ----------КОНЕЦ-РЕПОСТА----------
2024-03-31 18:56:48,376 - INFO - services.py - 69 - аккаунт Albina Vladimirovna комментирует запись wall-222213568_180
2024-03-31 18:56:50,742 - INFO - services.py - 77 - аккаунт Albina Vladimirovna репостит запись wall-222213568_180
2024-03-31 18:56:53,394 - INFO - services.py - 83 - аккаунт Albina Vladimirovna вступает в группу поста wall-222213568_180
2024-03-31 18:56:53,746 - INFO - services.py - 96 - ----------КОНЕЦ-РЕПОСТА----------
2024-03-31 18:57:53,745 - INFO - services.py - 69 - аккаунт Albina Vladimirovna комментирует запись wall-208274756_2869
2024-03-31 18:57:56,004 - INFO - services.py - 77 - аккаунт Albina Vladimirovna репостит запись wall-208274756_2869
2024-03-31 18:57:58,420 - INFO - services.py - 83 - аккаунт Albina Vladimirovna вступает в группу поста wall-208274756_2869
2024-03-31 18:57:58,780 - INFO - services.py - 96 - ----------КОНЕЦ-РЕПОСТА----------
2024-03-31 18:58:58,780 - INFO - services.py - 69 - аккаунт Albina Vladimirovna комментирует запись wall-12520251_34040
2024-03-31 18:59:01,086 - INFO - services.py - 77 - аккаунт Albina Vladimirovna репостит запись wall-12520251_34040
2024-03-31 18:59:03,665 - INFO - services.py - 83 - аккаунт Albina Vladimirovna вступает в группу поста wall-12520251_34040
2024-03-31 18:59:03,909 - INFO - services.py - 96 - ----------КОНЕЦ-РЕПОСТА----------
2024-03-31 19:00:03,913 - INFO - services.py - 69 - аккаунт Albina Vladimirovna комментирует запись wall-210709803_6142
2024-03-31 19:00:06,526 - INFO - services.py - 77 - аккаунт Albina Vladimirovna репостит запись wall-210709803_6142
2024-03-31 19:00:08,936 - INFO - services.py - 83 - аккаунт Albina Vladimirovna вступает в группу поста wall-210709803_6142
2024-03-31 19:00:08,985 - ERROR - services.py - 93 - Ошибка при работе с постом wall-210709803_6142:
[15] Access denied: you are already in this community
2024-03-31 19:00:08,985 - INFO - services.py - 96 - ----------КОНЕЦ-РЕПОСТА----------
2024-03-31 19:01:08,987 - INFO - services.py - 69 - аккаунт Albina Vladimirovna комментирует запись wall-193328698_17979
2024-03-31 19:01:11,361 - INFO - services.py - 77 - аккаунт Albina Vladimirovna репостит запись wall-193328698_17979
2024-03-31 19:01:13,921 - INFO - services.py - 83 - аккаунт Albina Vladimirovna вступает в группу поста wall-193328698_17979
2024-03-31 19:01:13,979 - ERROR - services.py - 93 - Ошибка при работе с постом wall-193328698_17979:
[15] Access denied: you are already in this community
2024-03-31 19:01:13,979 - INFO - services.py - 96 - ----------КОНЕЦ-РЕПОСТА----------
2024-03-31 19:02:13,988 - INFO - services.py - 69 - аккаунт Albina Vladimirovna комментирует запись wall-87067968_8916
2024-03-31 19:02:16,378 - INFO - services.py - 77 - аккаунт Albina Vladimirovna репостит запись wall-87067968_8916
2024-03-31 19:02:18,937 - INFO - services.py - 83 - аккаунт Albina Vladimirovna вступает в группу поста wall-87067968_8916
2024-03-31 19:02:19,016 - ERROR - services.py - 93 - Ошибка при работе с постом wall-87067968_8916:
[15] Access denied: you are already in this community
2024-03-31 19:02:19,016 - INFO - services.py - 96 - ----------КОНЕЦ-РЕПОСТА----------
2024-03-31 19:03:19,015 - INFO - services.py - 69 - аккаунт Albina Vladimirovna комментирует запись wall-77720739_6190
2024-03-31 19:03:21,400 - INFO - services.py - 77 - аккаунт Albina Vladimirovna репостит запись wall-77720739_6190
2024-03-31 19:03:23,746 - INFO - services.py - 83 - аккаунт Albina Vladimirovna вступает в группу поста wall-77720739_6190
2024-03-31 19:03:24,004 - INFO - services.py - 96 - ----------КОНЕЦ-РЕПОСТА----------
2024-03-31 19:04:24,013 - INFO - services.py - 69 - аккаунт Albina Vladimirovna комментирует запись wall-157921718_46134
2024-03-31 19:04:26,349 - INFO - services.py - 77 - аккаунт Albina Vladimirovna репостит запись wall-157921718_46134
2024-03-31 19:04:28,891 - INFO - services.py - 83 - аккаунт Albina Vladimirovna вступает в группу поста wall-157921718_46134
2024-03-31 19:04:28,966 - ERROR - services.py - 93 - Ошибка при работе с постом wall-157921718_46134:
[15] Access denied: you are already in this community
2024-03-31 19:04:28,966 - INFO - services.py - 96 - ----------КОНЕЦ-РЕПОСТА----------
2024-03-31 19:05:28,974 - INFO - services.py - 69 - аккаунт Albina Vladimirovna комментирует запись wall-133272972_6291
2024-03-31 19:05:31,293 - INFO - services.py - 77 - аккаунт Albina Vladimirovna репостит запись wall-133272972_6291
2024-03-31 19:05:33,809 - INFO - services.py - 83 - аккаунт Albina Vladimirovna вступает в группу поста wall-133272972_6291
2024-03-31 19:05:34,258 - INFO - services.py - 96 - ----------КОНЕЦ-РЕПОСТА----------
2024-03-31 19:06:34,266 - INFO - services.py - 69 - аккаунт Albina Vladimirovna комментирует запись wall-51969561_13255
2024-03-31 19:06:36,728 - INFO - services.py - 77 - аккаунт Albina Vladimirovna репостит запись wall-51969561_13255
2024-03-31 19:06:39,345 - INFO - services.py - 83 - аккаунт Albina Vladimirovna вступает в группу поста wall-51969561_13255
2024-03-31 19:06:39,692 - INFO - services.py - 96 - ----------КОНЕЦ-РЕПОСТА----------
2024-03-31 19:07:39,646 - INFO - services.py - 69 - аккаунт Albina Vladimirovna комментирует запись wall-171168285_613
2024-03-31 19:07:42,383 - INFO - services.py - 77 - аккаунт Albina Vladimirovna репостит запись wall-171168285_613
2024-03-31 19:07:44,840 - INFO - services.py - 83 - аккаунт Albina Vladimirovna вступает в группу поста wall-171168285_613
2024-03-31 19:07:45,389 - INFO - services.py - 96 - ----------КОНЕЦ-РЕПОСТА----------
2024-03-31 19:08:45,396 - INFO - services.py - 69 - аккаунт Albina Vladimirovna комментирует запись wall-224813487_21
2024-03-31 19:08:47,634 - INFO - services.py - 77 - аккаунт Albina Vladimirovna репостит запись wall-224813487_21
2024-03-31 19:08:49,943 - INFO - services.py - 83 - аккаунт Albina Vladimirovna вступает в группу поста wall-224813487_21
2024-03-31 19:08:50,194 - INFO - services.py - 96 - ----------КОНЕЦ-РЕПОСТА----------
2024-03-31 19:09:50,202 - INFO - services.py - 69 - аккаунт Albina Vladimirovna комментирует запись wall-223602603_14
2024-03-31 19:09:52,494 - INFO - services.py - 77 - аккаунт Albina Vladimirovna репостит запись wall-223602603_14
2024-03-31 19:09:54,942 - INFO - services.py - 83 - аккаунт Albina Vladimirovna вступает в группу поста wall-223602603_14
2024-03-31 19:09:55,165 - INFO - services.py - 96 - ----------КОНЕЦ-РЕПОСТА----------
2024-03-31 19:10:55,172 - INFO - services.py - 69 - аккаунт Albina Vladimirovna комментирует запись wall-219689404_574
2024-03-31 19:10:55,230 - ERROR - services.py - 93 - Ошибка при работе с постом wall-219689404_574:
[213] Access to status replies denied: replies disabled
2024-03-31 19:10:55,230 - INFO - services.py - 96 - ----------КОНЕЦ-РЕПОСТА----------
2024-03-31 19:11:55,238 - INFO - services.py - 69 - аккаунт Albina Vladimirovna комментирует запись wall-214456053_888
2024-03-31 19:11:57,854 - INFO - services.py - 77 - аккаунт Albina Vladimirovna репостит запись wall-214456053_888
2024-03-31 19:12:00,250 - INFO - services.py - 83 - аккаунт Albina Vladimirovna вступает в группу поста wall-214456053_888
2024-03-31 19:12:00,456 - INFO - services.py - 96 - ----------КОНЕЦ-РЕПОСТА----------
2024-03-31 19:13:00,456 - INFO - services.py - 69 - аккаунт Albina Vladimirovna комментирует запись wall-120733094_29580
2024-03-31 19:13:02,804 - INFO - services.py - 77 - аккаунт Albina Vladimirovna репостит запись wall-120733094_29580
2024-03-31 19:13:05,352 - INFO - services.py - 83 - аккаунт Albina Vladimirovna вступает в группу поста wall-120733094_29580
2024-03-31 19:13:05,595 - INFO - services.py - 96 - ----------КОНЕЦ-РЕПОСТА----------
2024-03-31 19:14:05,602 - INFO - services.py - 69 - аккаунт Albina Vladimirovna комментирует запись wall-44052632_23726
2024-03-31 19:14:05,674 - ERROR - services.py - 93 - Ошибка при работе с постом wall-44052632_23726:
[213] Access to status replies denied: replies disabled
2024-03-31 19:14:05,675 - INFO - services.py - 96 - ----------КОНЕЦ-РЕПОСТА----------
2024-03-31 19:15:05,678 - INFO - services.py - 69 - аккаунт Albina Vladimirovna комментирует запись wall-217181553_16248
2024-03-31 19:15:08,437 - INFO - services.py - 77 - аккаунт Albina Vladimirovna репостит запись wall-217181553_16248
2024-03-31 19:15:11,196 - INFO - services.py - 83 - аккаунт Albina Vladimirovna вступает в группу поста wall-217181553_16248
2024-03-31 19:15:11,256 - ERROR - services.py - 93 - Ошибка при работе с постом wall-217181553_16248:
[15] Access denied: you are already in this community
2024-03-31 19:15:11,257 - INFO - services.py - 96 - ----------КОНЕЦ-РЕПОСТА----------
2024-03-31 19:16:11,261 - INFO - services.py - 69 - аккаунт Albina Vladimirovna комментирует запись wall-157997889_20660
2024-03-31 19:16:11,334 - ERROR - services.py - 93 - Ошибка при работе с постом wall-157997889_20660:
[213] Access to status replies denied: replies disabled
2024-03-31 19:16:11,334 - INFO - services.py - 96 - ----------КОНЕЦ-РЕПОСТА----------
2024-03-31 19:17:11,342 - INFO - services.py - 69 - аккаунт Albina Vladimirovna комментирует запись wall-209424412_3937
2024-03-31 19:17:13,774 - INFO - services.py - 77 - аккаунт Albina Vladimirovna репостит запись wall-209424412_3937
2024-03-31 19:17:16,475 - INFO - services.py - 83 - аккаунт Albina Vladimirovna вступает в группу поста wall-209424412_3937
2024-03-31 19:17:16,878 - INFO - services.py - 96 - ----------КОНЕЦ-РЕПОСТА----------
2024-03-31 19:18:16,885 - INFO - services.py - 69 - аккаунт Albina Vladimirovna комментирует запись wall-62718443_39930
2024-03-31 19:18:19,232 - INFO - services.py - 77 - аккаунт Albina Vladimirovna репостит запись wall-62718443_39930
2024-03-31 19:18:21,652 - INFO - services.py - 83 - аккаунт Albina Vladimirovna вступает в группу поста wall-62718443_39930
2024-03-31 19:18:22,113 - INFO - services.py - 96 - ----------КОНЕЦ-РЕПОСТА----------
2024-03-31 19:19:22,116 - INFO - services.py - 69 - аккаунт Albina Vladimirovna комментирует запись wall-63976979_28121
2024-03-31 19:19:24,575 - INFO - services.py - 77 - аккаунт Albina Vladimirovna репостит запись wall-63976979_28121
2024-03-31 19:19:27,256 - INFO - services.py - 83 - аккаунт Albina Vladimirovna вступает в группу поста wall-63976979_28121
2024-03-31 19:19:27,463 - INFO - services.py - 96 - ----------КОНЕЦ-РЕПОСТА----------
2024-03-31 19:20:27,465 - INFO - services.py - 69 - аккаунт Albina Vladimirovna комментирует запись wall-213137018_16022
2024-03-31 19:20:29,751 - INFO - services.py - 77 - аккаунт Albina Vladimirovna репостит запись wall-213137018_16022
2024-03-31 19:20:32,332 - INFO - services.py - 83 - аккаунт Albina Vladimirovna вступает в группу поста wall-213137018_16022
2024-03-31 19:20:32,778 - INFO - services.py - 96 - ----------КОНЕЦ-РЕПОСТА----------
2024-03-31 19:21:32,786 - INFO - services.py - 69 - аккаунт Albina Vladimirovna комментирует запись wall-23482289_305005
2024-03-31 19:21:35,298 - INFO - services.py - 77 - аккаунт Albina Vladimirovna репостит запись wall-23482289_305005
2024-03-31 19:21:37,696 - INFO - services.py - 83 - аккаунт Albina Vladimirovna вступает в группу поста wall-23482289_305005
2024-03-31 19:21:37,921 - INFO - services.py - 96 - ----------КОНЕЦ-РЕПОСТА----------
2024-03-31 19:22:37,922 - INFO - services.py - 69 - аккаунт Albina Vladimirovna комментирует запись wall-23482289_305434
2024-03-31 19:22:40,316 - INFO - services.py - 77 - аккаунт Albina Vladimirovna репостит запись wall-23482289_305434
2024-03-31 19:22:42,723 - INFO - services.py - 83 - аккаунт Albina Vladimirovna вступает в группу поста wall-23482289_305434
2024-03-31 19:22:42,776 - ERROR - services.py - 93 - Ошибка при работе с постом wall-23482289_305434:
[15] Access denied: you are already in this community
2024-03-31 19:22:42,776 - INFO - services.py - 96 - ----------КОНЕЦ-РЕПОСТА----------
2024-03-31 19:23:42,776 - INFO - services.py - 69 - аккаунт Albina Vladimirovna комментирует запись wall-23482289_305895
2024-03-31 19:23:45,627 - INFO - services.py - 77 - аккаунт Albina Vladimirovna репостит запись wall-23482289_305895
2024-03-31 19:23:48,355 - INFO - services.py - 83 - аккаунт Albina Vladimirovna вступает в группу поста wall-23482289_305895
2024-03-31 19:23:48,434 - ERROR - services.py - 93 - Ошибка при работе с постом wall-23482289_305895:
[15] Access denied: you are already in this community
2024-03-31 19:23:48,434 - INFO - services.py - 96 - ----------КОНЕЦ-РЕПОСТА----------
2024-03-31 19:24:48,438 - INFO - services.py - 69 - аккаунт Albina Vladimirovna комментирует запись wall-97613249_726326
2024-03-31 19:24:50,997 - INFO - services.py - 77 - аккаунт Albina Vladimirovna репостит запись wall-97613249_726326
2024-03-31 19:24:53,436 - INFO - services.py - 83 - аккаунт Albina Vladimirovna вступает в группу поста wall-97613249_726326
2024-03-31 19:24:53,594 - INFO - services.py - 96 - ----------КОНЕЦ-РЕПОСТА----------
2024-03-31 19:25:53,602 - INFO - services.py - 69 - аккаунт Albina Vladimirovna комментирует запись wall-77217518_102808
2024-03-31 19:25:56,011 - INFO - services.py - 77 - аккаунт Albina Vladimirovna репостит запись wall-77217518_102808
2024-03-31 19:25:58,477 - INFO - services.py - 83 - аккаунт Albina Vladimirovna вступает в группу поста wall-77217518_102808
2024-03-31 19:25:58,837 - INFO - services.py - 96 - ----------КОНЕЦ-РЕПОСТА----------
2024-03-31 19:26:58,844 - INFO - services.py - 69 - аккаунт Albina Vladimirovna комментирует запись wall-29727543_5238274
2024-03-31 19:27:01,216 - INFO - services.py - 77 - аккаунт Albina Vladimirovna репостит запись wall-29727543_5238274
2024-03-31 19:27:03,628 - INFO - services.py - 83 - аккаунт Albina Vladimirovna вступает в группу поста wall-29727543_5238274
2024-03-31 19:27:03,823 - INFO - services.py - 96 - ----------КОНЕЦ-РЕПОСТА----------
2024-03-31 19:28:03,825 - INFO - services.py - 69 - аккаунт Albina Vladimirovna комментирует запись wall-118335380_42842
2024-03-31 19:28:06,260 - INFO - services.py - 77 - аккаунт Albina Vladimirovna репостит запись wall-118335380_42842
2024-03-31 19:28:08,820 - INFO - services.py - 83 - аккаунт Albina Vladimirovna вступает в группу поста wall-118335380_42842
2024-03-31 19:28:09,272 - INFO - services.py - 96 - ----------КОНЕЦ-РЕПОСТА----------
2024-03-31 19:29:09,276 - INFO - services.py - 69 - аккаунт Albina Vladimirovna комментирует запись wall-198782299_211745
2024-03-31 19:29:11,691 - INFO - services.py - 77 - аккаунт Albina Vladimirovna репостит запись wall-198782299_211745
2024-03-31 19:29:14,469 - INFO - services.py - 83 - аккаунт Albina Vladimirovna вступает в группу поста wall-198782299_211745
2024-03-31 19:29:14,521 - ERROR - services.py - 93 - Ошибка при работе с постом wall-198782299_211745:
[15] Access denied: you are already in this community
2024-03-31 19:29:14,522 - INFO - services.py - 96 - ----------КОНЕЦ-РЕПОСТА----------
2024-03-31 19:30:14,525 - INFO - services.py - 69 - аккаунт Albina Vladimirovna комментирует запись wall-27855463_2811639
2024-03-31 19:30:17,035 - INFO - services.py - 77 - аккаунт Albina Vladimirovna репостит запись wall-27855463_2811639
2024-03-31 19:30:19,390 - INFO - services.py - 83 - аккаунт Albina Vladimirovna вступает в группу поста wall-27855463_2811639
2024-03-31 19:30:19,434 - ERROR - services.py - 93 - Ошибка при работе с постом wall-27855463_2811639:
[15] Access denied: you are already in this community
2024-03-31 19:30:19,435 - INFO - services.py - 96 - ----------КОНЕЦ-РЕПОСТА----------
2024-03-31 19:31:19,442 - INFO - services.py - 69 - аккаунт Albina Vladimirovna комментирует запись wall-36047336_124006
2024-03-31 19:31:19,539 - ERROR - services.py - 93 - Ошибка при работе с постом wall-36047336_124006:
[213] Access to status replies denied
2024-03-31 19:31:19,539 - INFO - services.py - 96 - ----------КОНЕЦ-РЕПОСТА----------
2024-03-31 19:31:19,541 - INFO - vk_api.py - 172 - Auth with login: +79998643099
2024-03-31 19:31:19,542 - INFO - vk_api.py - 431 - Checking remixsid...
2024-03-31 19:31:19,542 - INFO - vk_api.py - 434 - No remixsid
2024-03-31 19:31:19,542 - INFO - vk_api.py - 202 - remixsid from config is not valid: None
2024-03-31 19:31:19,542 - INFO - vk_api.py - 242 - Logging in...
2024-03-31 19:31:21,771 - INFO - vk_api.py - 323 - Got remixsid
2024-03-31 19:31:21,773 - INFO - vk_api.py - 389 - Checking security check request
2024-03-31 19:31:21,773 - INFO - vk_api.py - 395 - Security check is not required
2024-03-31 19:31:21,773 - INFO - vk_api.py - 209 - access_token from config is not valid: None
2024-03-31 19:31:22,902 - INFO - vk_api.py - 543 - Got access_token
2024-03-31 19:32:22,916 - INFO - services.py - 69 - аккаунт София Богданова комментирует запись wall-209070464_6296
2024-03-31 19:32:26,168 - INFO - services.py - 77 - аккаунт София Богданова репостит запись wall-209070464_6296
2024-03-31 19:32:28,714 - INFO - services.py - 83 - аккаунт София Богданова вступает в группу поста wall-209070464_6296
2024-03-31 19:32:28,936 - INFO - services.py - 96 - ----------КОНЕЦ-РЕПОСТА----------
2024-03-31 19:33:28,942 - INFO - services.py - 69 - аккаунт София Богданова комментирует запись wall-37268163_1448183
2024-03-31 19:33:31,397 - INFO - services.py - 77 - аккаунт София Богданова репостит запись wall-37268163_1448183
2024-03-31 19:33:33,661 - INFO - services.py - 83 - аккаунт София Богданова вступает в группу поста wall-37268163_1448183
2024-03-31 19:33:34,053 - INFO - services.py - 96 - ----------КОНЕЦ-РЕПОСТА----------
2024-03-31 19:34:34,054 - INFO - services.py - 69 - аккаунт София Богданова комментирует запись wall-146112919_13257
2024-03-31 19:34:36,436 - INFO - services.py - 77 - аккаунт София Богданова репостит запись wall-146112919_13257
2024-03-31 19:34:38,771 - INFO - services.py - 83 - аккаунт София Богданова вступает в группу поста wall-146112919_13257
2024-03-31 19:34:38,843 - ERROR - services.py - 93 - Ошибка при работе с постом wall-146112919_13257:
[15] Access denied: you are already in this community
2024-03-31 19:34:38,843 - INFO - services.py - 96 - ----------КОНЕЦ-РЕПОСТА----------
2024-03-31 19:35:38,851 - INFO - services.py - 69 - аккаунт София Богданова комментирует запись wall-215425316_26524
2024-03-31 19:35:41,248 - INFO - services.py - 77 - аккаунт София Богданова репостит запись wall-215425316_26524
2024-03-31 19:35:43,577 - INFO - services.py - 83 - аккаунт София Богданова вступает в группу поста wall-215425316_26524
2024-03-31 19:35:43,645 - ERROR - services.py - 93 - Ошибка при работе с постом wall-215425316_26524:
[15] Access denied: you are already in this community
2024-03-31 19:35:43,646 - INFO - services.py - 96 - ----------КОНЕЦ-РЕПОСТА----------
2024-03-31 19:36:43,654 - INFO - services.py - 69 - аккаунт София Богданова комментирует запись wall-157921718_45356
2024-03-31 19:36:45,957 - INFO - services.py - 77 - аккаунт София Богданова репостит запись wall-157921718_45356
2024-03-31 19:36:48,316 - INFO - services.py - 83 - аккаунт София Богданова вступает в группу поста wall-157921718_45356
2024-03-31 19:36:48,382 - ERROR - services.py - 93 - Ошибка при работе с постом wall-157921718_45356:
[15] Access denied: you are already in this community
2024-03-31 19:36:48,383 - INFO - services.py - 96 - ----------КОНЕЦ-РЕПОСТА----------
2024-03-31 19:37:48,386 - INFO - services.py - 69 - аккаунт София Богданова комментирует запись wall-128976064_17979
2024-03-31 19:37:50,755 - INFO - services.py - 77 - аккаунт София Богданова репостит запись wall-128976064_17979
2024-03-31 19:37:53,186 - INFO - services.py - 83 - аккаунт София Богданова вступает в группу поста wall-128976064_17979
2024-03-31 19:37:53,605 - INFO - services.py - 96 - ----------КОНЕЦ-РЕПОСТА----------
2024-03-31 19:38:53,613 - INFO - services.py - 69 - аккаунт София Богданова комментирует запись wall-223174343_656
2024-03-31 19:38:56,200 - INFO - services.py - 77 - аккаунт София Богданова репостит запись wall-223174343_656
2024-03-31 19:38:58,670 - INFO - services.py - 83 - аккаунт София Богданова вступает в группу поста wall-223174343_656
2024-03-31 19:38:59,265 - INFO - services.py - 96 - ----------КОНЕЦ-РЕПОСТА----------
2024-03-31 19:39:59,270 - INFO - services.py - 69 - аккаунт София Богданова комментирует запись wall-178423538_790
2024-03-31 19:40:01,618 - INFO - services.py - 77 - аккаунт София Богданова репостит запись wall-178423538_790
2024-03-31 19:40:04,447 - INFO - services.py - 83 - аккаунт София Богданова вступает в группу поста wall-178423538_790
2024-03-31 19:40:04,820 - INFO - services.py - 96 - ----------КОНЕЦ-РЕПОСТА----------
2024-03-31 19:41:04,828 - INFO - services.py - 69 - аккаунт София Богданова комментирует запись wall-171555209_4458
2024-03-31 19:41:07,246 - INFO - services.py - 77 - аккаунт София Богданова репостит запись wall-171555209_4458
2024-03-31 19:41:09,750 - INFO - services.py - 83 - аккаунт София Богданова вступает в группу поста wall-171555209_4458
2024-03-31 19:41:09,820 - ERROR - services.py - 93 - Ошибка при работе с постом wall-171555209_4458:
[15] Access denied: you are already in this community
2024-03-31 19:41:09,820 - INFO - services.py - 96 - ----------КОНЕЦ-РЕПОСТА----------
2024-03-31 19:42:09,828 - INFO - services.py - 69 - аккаунт София Богданова комментирует запись wall-196017287_41690
2024-03-31 19:42:12,314 - INFO - services.py - 77 - аккаунт София Богданова репостит запись wall-196017287_41690
2024-03-31 19:42:14,632 - INFO - services.py - 83 - аккаунт София Богданова вступает в группу поста wall-196017287_41690
2024-03-31 19:42:14,686 - ERROR - services.py - 93 - Ошибка при работе с постом wall-196017287_41690:
[15] Access denied: you are already in this community
2024-03-31 19:42:14,686 - INFO - services.py - 96 - ----------КОНЕЦ-РЕПОСТА----------
2024-03-31 19:43:14,687 - INFO - services.py - 69 - аккаунт София Богданова комментирует запись wall-114389229_139550
2024-03-31 19:43:17,076 - INFO - services.py - 77 - аккаунт София Богданова репостит запись wall-114389229_139550
2024-03-31 19:43:19,491 - INFO - services.py - 83 - аккаунт София Богданова вступает в группу поста wall-114389229_139550
2024-03-31 19:43:19,540 - ERROR - services.py - 93 - Ошибка при работе с постом wall-114389229_139550:
[15] Access denied: you are already in this community
2024-03-31 19:43:19,540 - INFO - services.py - 96 - ----------КОНЕЦ-РЕПОСТА----------
2024-03-31 19:44:19,548 - INFO - services.py - 69 - аккаунт София Богданова комментирует запись wall-211034613_72529
2024-03-31 19:44:21,917 - INFO - services.py - 77 - аккаунт София Богданова репостит запись wall-211034613_72529
2024-03-31 19:44:24,276 - INFO - services.py - 83 - аккаунт София Богданова вступает в группу поста wall-211034613_72529
2024-03-31 19:44:24,658 - INFO - services.py - 96 - ----------КОНЕЦ-РЕПОСТА----------
2024-03-31 19:45:24,658 - INFO - services.py - 69 - аккаунт София Богданова комментирует запись wall-211995436_37586
2024-03-31 19:45:26,928 - INFO - services.py - 77 - аккаунт София Богданова репостит запись wall-211995436_37586
2024-03-31 19:45:29,498 - INFO - services.py - 83 - аккаунт София Богданова вступает в группу поста wall-211995436_37586
2024-03-31 19:45:29,881 - INFO - services.py - 96 - ----------КОНЕЦ-РЕПОСТА----------
2024-03-31 19:46:29,889 - INFO - services.py - 69 - аккаунт София Богданова комментирует запись wall-215308440_428992
2024-03-31 19:46:32,418 - INFO - services.py - 77 - аккаунт София Богданова репостит запись wall-215308440_428992
2024-03-31 19:46:34,782 - INFO - services.py - 83 - аккаунт София Богданова вступает в группу поста wall-215308440_428992
2024-03-31 19:46:34,858 - ERROR - services.py - 93 - Ошибка при работе с постом wall-215308440_428992:
[15] Access denied: you are already in this community
2024-03-31 19:46:34,859 - INFO - services.py - 96 - ----------КОНЕЦ-РЕПОСТА----------
2024-03-31 19:47:34,866 - INFO - services.py - 69 - аккаунт София Богданова комментирует запись wall-63659353_67728
2024-03-31 19:47:37,430 - INFO - services.py - 77 - аккаунт София Богданова репостит запись wall-63659353_67728
2024-03-31 19:47:40,018 - INFO - services.py - 83 - аккаунт София Богданова вступает в группу поста wall-63659353_67728
2024-03-31 19:47:40,353 - INFO - services.py - 96 - ----------КОНЕЦ-РЕПОСТА----------
2024-03-31 19:48:40,360 - INFO - services.py - 69 - аккаунт София Богданова комментирует запись wall-51382345_9059
2024-03-31 19:48:42,778 - INFO - services.py - 77 - аккаунт София Богданова репостит запись wall-51382345_9059
2024-03-31 19:48:45,231 - INFO - services.py - 83 - аккаунт София Богданова вступает в группу поста wall-51382345_9059
2024-03-31 19:48:45,670 - INFO - services.py - 96 - ----------КОНЕЦ-РЕПОСТА----------
2024-03-31 19:49:45,672 - INFO - services.py - 69 - аккаунт София Богданова комментирует запись wall-36516005_926096
2024-03-31 19:49:48,046 - INFO - services.py - 77 - аккаунт София Богданова репостит запись wall-36516005_926096
2024-03-31 19:49:50,447 - INFO - services.py - 83 - аккаунт София Богданова вступает в группу поста wall-36516005_926096
2024-03-31 19:49:50,486 - ERROR - services.py - 93 - Ошибка при работе с постом wall-36516005_926096:
[15] Access denied: you are already in this community
2024-03-31 19:49:50,486 - INFO - services.py - 96 - ----------КОНЕЦ-РЕПОСТА----------
2024-03-31 19:50:50,494 - INFO - services.py - 69 - аккаунт София Богданова комментирует запись wall-224677138_28
2024-03-31 19:50:50,537 - ERROR - services.py - 93 - Ошибка при работе с постом wall-224677138_28:
[213] Access to status replies denied: replies disabled
2024-03-31 19:50:50,538 - INFO - services.py - 96 - ----------КОНЕЦ-РЕПОСТА----------
2024-03-31 19:51:50,544 - INFO - services.py - 69 - аккаунт София Богданова комментирует запись wall-147224444_4855
2024-03-31 19:51:53,330 - INFO - services.py - 77 - аккаунт София Богданова репостит запись wall-147224444_4855
2024-03-31 19:51:55,688 - INFO - services.py - 83 - аккаунт София Богданова вступает в группу поста wall-147224444_4855
2024-03-31 19:51:55,749 - ERROR - services.py - 93 - Ошибка при работе с постом wall-147224444_4855:
[15] Access denied: you are already in this community
2024-03-31 19:51:55,750 - INFO - services.py - 96 - ----------КОНЕЦ-РЕПОСТА----------
2024-03-31 19:52:55,758 - INFO - services.py - 69 - аккаунт София Богданова комментирует запись wall-52306073_18339
2024-03-31 19:52:55,831 - ERROR - services.py - 93 - Ошибка при работе с постом wall-52306073_18339:
[213] Access to status replies denied
2024-03-31 19:52:55,831 - INFO - services.py - 96 - ----------КОНЕЦ-РЕПОСТА----------
2024-03-31 19:53:55,839 - INFO - services.py - 69 - аккаунт София Богданова комментирует запись wall-10958821_953016
2024-03-31 19:53:58,274 - INFO - services.py - 77 - аккаунт София Богданова репостит запись wall-10958821_953016
2024-03-31 19:54:00,606 - INFO - services.py - 83 - аккаунт София Богданова вступает в группу поста wall-10958821_953016
2024-03-31 19:54:01,268 - INFO - services.py - 96 - ----------КОНЕЦ-РЕПОСТА----------
2024-03-31 19:55:01,275 - INFO - services.py - 69 - аккаунт София Богданова комментирует запись wall-53430884_102274
2024-03-31 19:55:03,808 - INFO - services.py - 77 - аккаунт София Богданова репостит запись wall-53430884_102274
2024-03-31 19:55:06,272 - INFO - services.py - 83 - аккаунт София Богданова вступает в группу поста wall-53430884_102274
2024-03-31 19:55:06,721 - INFO - services.py - 96 - ----------КОНЕЦ-РЕПОСТА----------
2024-03-31 19:56:06,726 - INFO - services.py - 69 - аккаунт София Богданова комментирует запись wall-212677481_17029
2024-03-31 19:56:09,124 - INFO - services.py - 77 - аккаунт София Богданова репостит запись wall-212677481_17029
2024-03-31 19:56:11,685 - INFO - services.py - 83 - аккаунт София Богданова вступает в группу поста wall-212677481_17029
2024-03-31 19:56:12,044 - INFO - services.py - 96 - ----------КОНЕЦ-РЕПОСТА----------
2024-03-31 19:57:12,053 - INFO - services.py - 69 - аккаунт София Богданова комментирует запись wall-198040439_4772
2024-03-31 19:57:14,473 - INFO - services.py - 77 - аккаунт София Богданова репостит запись wall-198040439_4772
2024-03-31 19:57:16,920 - INFO - services.py - 83 - аккаунт София Богданова вступает в группу поста wall-198040439_4772
2024-03-31 19:57:17,262 - INFO - services.py - 96 - ----------КОНЕЦ-РЕПОСТА----------
2024-03-31 19:58:17,262 - INFO - services.py - 69 - аккаунт София Богданова комментирует запись wall-224579657_101
2024-03-31 19:58:19,536 - INFO - services.py - 77 - аккаунт София Богданова репостит запись wall-224579657_101
2024-03-31 19:58:21,897 - INFO - services.py - 83 - аккаунт София Богданова вступает в группу поста wall-224579657_101
2024-03-31 19:58:22,109 - INFO - services.py - 96 - ----------КОНЕЦ-РЕПОСТА----------
2024-03-31 19:59:22,116 - INFO - services.py - 69 - аккаунт София Богданова комментирует запись wall-161733955_1339
2024-03-31 19:59:22,179 - ERROR - services.py - 93 - Ошибка при работе с постом wall-161733955_1339:
[213] Access to status replies denied
2024-03-31 19:59:22,179 - INFO - services.py - 96 - ----------КОНЕЦ-РЕПОСТА----------
2024-03-31 20:00:22,187 - INFO - services.py - 69 - аккаунт София Богданова комментирует запись wall-211633705_11460
2024-03-31 20:00:24,626 - INFO - services.py - 77 - аккаунт София Богданова репостит запись wall-211633705_11460
2024-03-31 20:00:27,086 - INFO - services.py - 83 - аккаунт София Богданова вступает в группу поста wall-211633705_11460
2024-03-31 20:00:27,133 - ERROR - services.py - 93 - Ошибка при работе с постом wall-211633705_11460:
[15] Access denied: you are already in this community
2024-03-31 20:00:27,133 - INFO - services.py - 96 - ----------КОНЕЦ-РЕПОСТА----------
2024-03-31 20:01:27,141 - INFO - services.py - 69 - аккаунт София Богданова комментирует запись wall-126076_1962392
2024-03-31 20:01:29,538 - INFO - services.py - 77 - аккаунт София Богданова репостит запись wall-126076_1962392
2024-03-31 20:01:31,886 - INFO - services.py - 83 - аккаунт София Богданова вступает в группу поста wall-126076_1962392
2024-03-31 20:01:32,279 - INFO - services.py - 96 - ----------КОНЕЦ-РЕПОСТА----------
2024-03-31 20:02:32,287 - INFO - services.py - 69 - аккаунт София Богданова комментирует запись wall-62901720_33020
2024-03-31 20:02:34,653 - INFO - services.py - 77 - аккаунт София Богданова репостит запись wall-62901720_33020
2024-03-31 20:02:37,028 - INFO - services.py - 83 - аккаунт София Богданова вступает в группу поста wall-62901720_33020
2024-03-31 20:02:37,092 - ERROR - services.py - 93 - Ошибка при работе с постом wall-62901720_33020:
[15] Access denied: you are already in this community
2024-03-31 20:02:37,092 - INFO - services.py - 96 - ----------КОНЕЦ-РЕПОСТА----------
2024-03-31 20:03:37,095 - INFO - services.py - 69 - аккаунт София Богданова комментирует запись wall-176271405_4067
2024-03-31 20:03:39,377 - INFO - services.py - 77 - аккаунт София Богданова репостит запись wall-176271405_4067
2024-03-31 20:03:41,743 - INFO - services.py - 83 - аккаунт София Богданова вступает в группу поста wall-176271405_4067
2024-03-31 20:03:41,796 - ERROR - services.py - 93 - Ошибка при работе с постом wall-176271405_4067:
[15] Access denied: you are already in this community
2024-03-31 20:03:41,797 - INFO - services.py - 96 - ----------КОНЕЦ-РЕПОСТА----------
2024-03-31 20:04:41,800 - INFO - services.py - 69 - аккаунт София Богданова комментирует запись wall-34567148_20189
2024-03-31 20:04:44,187 - INFO - services.py - 77 - аккаунт София Богданова репостит запись wall-34567148_20189
2024-03-31 20:04:46,659 - INFO - services.py - 83 - аккаунт София Богданова вступает в группу поста wall-34567148_20189
2024-03-31 20:04:46,858 - INFO - services.py - 96 - ----------КОНЕЦ-РЕПОСТА----------
2024-03-31 20:05:46,861 - INFO - services.py - 69 - аккаунт София Богданова комментирует запись wall-222387020_3877
2024-03-31 20:05:49,425 - INFO - services.py - 77 - аккаунт София Богданова репостит запись wall-222387020_3877
2024-03-31 20:05:51,713 - INFO - services.py - 83 - аккаунт София Богданова вступает в группу поста wall-222387020_3877
2024-03-31 20:05:51,757 - ERROR - services.py - 93 - Ошибка при работе с постом wall-222387020_3877:
[15] Access denied: you are already in this community
2024-03-31 20:05:51,757 - INFO - services.py - 96 - ----------КОНЕЦ-РЕПОСТА----------
2024-03-31 20:06:51,756 - INFO - services.py - 69 - аккаунт София Богданова комментирует запись wall-219203178_59146
2024-03-31 20:06:54,267 - INFO - services.py - 77 - аккаунт София Богданова репостит запись wall-219203178_59146
2024-03-31 20:06:56,808 - INFO - services.py - 83 - аккаунт София Богданова вступает в группу поста wall-219203178_59146
2024-03-31 20:06:56,867 - ERROR - services.py - 93 - Ошибка при работе с постом wall-219203178_59146:
[15] Access denied: you are already in this community
2024-03-31 20:06:56,868 - INFO - services.py - 96 - ----------КОНЕЦ-РЕПОСТА----------
2024-03-31 20:07:56,866 - INFO - services.py - 69 - аккаунт София Богданова комментирует запись wall-222213568_180
2024-03-31 20:07:59,379 - INFO - services.py - 77 - аккаунт София Богданова репостит запись wall-222213568_180
2024-03-31 20:08:01,696 - INFO - services.py - 83 - аккаунт София Богданова вступает в группу поста wall-222213568_180
2024-03-31 20:08:02,138 - INFO - services.py - 96 - ----------КОНЕЦ-РЕПОСТА----------
2024-03-31 20:09:02,146 - INFO - services.py - 69 - аккаунт София Богданова комментирует запись wall-208274756_2869
2024-03-31 20:09:04,607 - INFO - services.py - 77 - аккаунт София Богданова репостит запись wall-208274756_2869
2024-03-31 20:09:06,949 - INFO - services.py - 83 - аккаунт София Богданова вступает в группу поста wall-208274756_2869
2024-03-31 20:09:07,204 - INFO - services.py - 96 - ----------КОНЕЦ-РЕПОСТА----------
2024-03-31 20:10:07,212 - INFO - services.py - 69 - аккаунт София Богданова комментирует запись wall-12520251_34040
2024-03-31 20:10:09,540 - INFO - services.py - 77 - аккаунт София Богданова репостит запись wall-12520251_34040
2024-03-31 20:10:11,982 - INFO - services.py - 83 - аккаунт София Богданова вступает в группу поста wall-12520251_34040
2024-03-31 20:10:12,258 - INFO - services.py - 96 - ----------КОНЕЦ-РЕПОСТА----------
2024-03-31 20:11:12,265 - INFO - services.py - 69 - аккаунт София Богданова комментирует запись wall-210709803_6142
2024-03-31 20:11:15,063 - INFO - services.py - 77 - аккаунт София Богданова репостит запись wall-210709803_6142
2024-03-31 20:11:17,446 - INFO - services.py - 83 - аккаунт София Богданова вступает в группу поста wall-210709803_6142
2024-03-31 20:11:17,503 - ERROR - services.py - 93 - Ошибка при работе с постом wall-210709803_6142:
[15] Access denied: you are already in this community
2024-03-31 20:11:17,504 - INFO - services.py - 96 - ----------КОНЕЦ-РЕПОСТА----------
2024-03-31 20:12:17,511 - INFO - services.py - 69 - аккаунт София Богданова комментирует запись wall-193328698_17979
2024-03-31 20:12:20,092 - INFO - services.py - 77 - аккаунт София Богданова репостит запись wall-193328698_17979
2024-03-31 20:12:22,545 - INFO - services.py - 83 - аккаунт София Богданова вступает в группу поста wall-193328698_17979
2024-03-31 20:12:22,713 - ERROR - services.py - 93 - Ошибка при работе с постом wall-193328698_17979:
[15] Access denied: you are already in this community
2024-03-31 20:12:22,713 - INFO - services.py - 96 - ----------КОНЕЦ-РЕПОСТА----------
2024-03-31 20:13:22,721 - INFO - services.py - 69 - аккаунт София Богданова комментирует запись wall-87067968_8916
2024-03-31 20:13:25,116 - INFO - services.py - 77 - аккаунт София Богданова репостит запись wall-87067968_8916
2024-03-31 20:13:27,571 - INFO - services.py - 83 - аккаунт София Богданова вступает в группу поста wall-87067968_8916
2024-03-31 20:13:27,634 - ERROR - services.py - 93 - Ошибка при работе с постом wall-87067968_8916:
[15] Access denied: you are already in this community
2024-03-31 20:13:27,635 - INFO - services.py - 96 - ----------КОНЕЦ-РЕПОСТА----------
2024-03-31 20:14:27,636 - INFO - services.py - 69 - аккаунт София Богданова комментирует запись wall-77720739_6190
2024-03-31 20:14:30,136 - INFO - services.py - 77 - аккаунт София Богданова репостит запись wall-77720739_6190
2024-03-31 20:14:32,446 - INFO - services.py - 83 - аккаунт София Богданова вступает в группу поста wall-77720739_6190
2024-03-31 20:14:32,608 - INFO - services.py - 96 - ----------КОНЕЦ-РЕПОСТА----------
2024-03-31 20:15:32,608 - INFO - services.py - 69 - аккаунт София Богданова комментирует запись wall-157921718_46134
2024-03-31 20:15:34,970 - INFO - services.py - 77 - аккаунт София Богданова репостит запись wall-157921718_46134
2024-03-31 20:15:37,424 - INFO - services.py - 83 - аккаунт София Богданова вступает в группу поста wall-157921718_46134
2024-03-31 20:15:37,471 - ERROR - services.py - 93 - Ошибка при работе с постом wall-157921718_46134:
[15] Access denied: you are already in this community
2024-03-31 20:15:37,472 - INFO - services.py - 96 - ----------КОНЕЦ-РЕПОСТА----------
2024-03-31 20:16:37,471 - INFO - services.py - 69 - аккаунт София Богданова комментирует запись wall-133272972_6291
2024-03-31 20:16:39,954 - INFO - services.py - 77 - аккаунт София Богданова репостит запись wall-133272972_6291
2024-03-31 20:16:42,428 - INFO - services.py - 83 - аккаунт София Богданова вступает в группу поста wall-133272972_6291
2024-03-31 20:16:42,705 - INFO - services.py - 96 - ----------КОНЕЦ-РЕПОСТА----------
2024-03-31 20:17:42,710 - INFO - services.py - 69 - аккаунт София Богданова комментирует запись wall-51969561_13255
2024-03-31 20:17:45,079 - INFO - services.py - 77 - аккаунт София Богданова репостит запись wall-51969561_13255
2024-03-31 20:17:47,306 - INFO - services.py - 83 - аккаунт София Богданова вступает в группу поста wall-51969561_13255
2024-03-31 20:17:47,624 - INFO - services.py - 96 - ----------КОНЕЦ-РЕПОСТА----------
2024-03-31 20:18:47,632 - INFO - services.py - 69 - аккаунт София Богданова комментирует запись wall-171168285_613
2024-03-31 20:18:50,239 - INFO - services.py - 77 - аккаунт София Богданова репостит запись wall-171168285_613
2024-03-31 20:18:52,588 - INFO - services.py - 83 - аккаунт София Богданова вступает в группу поста wall-171168285_613
2024-03-31 20:18:52,942 - INFO - services.py - 96 - ----------КОНЕЦ-РЕПОСТА----------
2024-03-31 20:19:52,942 - INFO - services.py - 69 - аккаунт София Богданова комментирует запись wall-224813487_21
2024-03-31 20:19:55,283 - INFO - services.py - 77 - аккаунт София Богданова репостит запись wall-224813487_21
2024-03-31 20:19:57,924 - INFO - services.py - 83 - аккаунт София Богданова вступает в группу поста wall-224813487_21
2024-03-31 20:19:58,373 - INFO - services.py - 96 - ----------КОНЕЦ-РЕПОСТА----------
2024-03-31 20:20:58,373 - INFO - services.py - 69 - аккаунт София Богданова комментирует запись wall-223602603_14
2024-03-31 20:21:00,587 - INFO - services.py - 77 - аккаунт София Богданова репостит запись wall-223602603_14
2024-03-31 20:21:02,881 - INFO - services.py - 83 - аккаунт София Богданова вступает в группу поста wall-223602603_14
2024-03-31 20:21:03,394 - INFO - services.py - 96 - ----------КОНЕЦ-РЕПОСТА----------
2024-03-31 20:22:03,398 - INFO - services.py - 69 - аккаунт София Богданова комментирует запись wall-219689404_574
2024-03-31 20:22:03,507 - ERROR - services.py - 93 - Ошибка при работе с постом wall-219689404_574:
[213] Access to status replies denied: replies disabled
2024-03-31 20:22:03,507 - INFO - services.py - 96 - ----------КОНЕЦ-РЕПОСТА----------
2024-03-31 20:23:03,515 - INFO - services.py - 69 - аккаунт София Богданова комментирует запись wall-214456053_888
2024-03-31 20:23:05,919 - INFO - services.py - 77 - аккаунт София Богданова репостит запись wall-214456053_888
2024-03-31 20:23:08,284 - INFO - services.py - 83 - аккаунт София Богданова вступает в группу поста wall-214456053_888
2024-03-31 20:23:08,487 - INFO - services.py - 96 - ----------КОНЕЦ-РЕПОСТА----------
2024-03-31 20:24:08,492 - INFO - services.py - 69 - аккаунт София Богданова комментирует запись wall-120733094_29580
2024-03-31 20:24:10,943 - INFO - services.py - 77 - аккаунт София Богданова репостит запись wall-120733094_29580
2024-03-31 20:24:13,401 - INFO - services.py - 83 - аккаунт София Богданова вступает в группу поста wall-120733094_29580
2024-03-31 20:24:13,648 - INFO - services.py - 96 - ----------КОНЕЦ-РЕПОСТА----------
2024-03-31 20:25:13,651 - INFO - services.py - 69 - аккаунт София Богданова комментирует запись wall-44052632_23726
2024-03-31 20:25:13,743 - ERROR - services.py - 93 - Ошибка при работе с постом wall-44052632_23726:
[213] Access to status replies denied: replies disabled
2024-03-31 20:25:13,743 - INFO - services.py - 96 - ----------КОНЕЦ-РЕПОСТА----------
2024-03-31 20:26:13,751 - INFO - services.py - 69 - аккаунт София Богданова комментирует запись wall-217181553_16248
2024-03-31 20:26:16,091 - INFO - services.py - 77 - аккаунт София Богданова репостит запись wall-217181553_16248
2024-03-31 20:26:18,540 - INFO - services.py - 83 - аккаунт София Богданова вступает в группу поста wall-217181553_16248
2024-03-31 20:26:18,611 - ERROR - services.py - 93 - Ошибка при работе с постом wall-217181553_16248:
[15] Access denied: you are already in this community
2024-03-31 20:26:18,612 - INFO - services.py - 96 - ----------КОНЕЦ-РЕПОСТА----------
2024-03-31 20:27:18,619 - INFO - services.py - 69 - аккаунт София Богданова комментирует запись wall-157997889_20660
2024-03-31 20:27:18,670 - ERROR - services.py - 93 - Ошибка при работе с постом wall-157997889_20660:
[213] Access to status replies denied: replies disabled
2024-03-31 20:27:18,670 - INFO - services.py - 96 - ----------КОНЕЦ-РЕПОСТА----------
2024-03-31 20:28:18,678 - INFO - services.py - 69 - аккаунт София Богданова комментирует запись wall-209424412_3937
2024-03-31 20:28:21,216 - INFO - services.py - 77 - аккаунт София Богданова репостит запись wall-209424412_3937
2024-03-31 20:28:23,672 - INFO - services.py - 83 - аккаунт София Богданова вступает в группу поста wall-209424412_3937
2024-03-31 20:28:24,325 - INFO - services.py - 96 - ----------КОНЕЦ-РЕПОСТА----------
2024-03-31 20:29:24,330 - INFO - services.py - 69 - аккаунт София Богданова комментирует запись wall-62718443_39930
2024-03-31 20:29:26,748 - INFO - services.py - 77 - аккаунт София Богданова репостит запись wall-62718443_39930
2024-03-31 20:29:29,198 - INFO - services.py - 83 - аккаунт София Богданова вступает в группу поста wall-62718443_39930
2024-03-31 20:29:29,420 - INFO - services.py - 96 - ----------КОНЕЦ-РЕПОСТА----------
2024-03-31 20:30:29,428 - INFO - services.py - 69 - аккаунт София Богданова комментирует запись wall-63976979_28121
2024-03-31 20:30:31,764 - INFO - services.py - 77 - аккаунт София Богданова репостит запись wall-63976979_28121
2024-03-31 20:30:34,340 - INFO - services.py - 83 - аккаунт София Богданова вступает в группу поста wall-63976979_28121
2024-03-31 20:30:34,682 - INFO - services.py - 96 - ----------КОНЕЦ-РЕПОСТА----------
2024-03-31 20:31:34,689 - INFO - services.py - 69 - аккаунт София Богданова комментирует запись wall-213137018_16022
2024-03-31 20:31:37,726 - INFO - services.py - 77 - аккаунт София Богданова репостит запись wall-213137018_16022
2024-03-31 20:31:40,193 - INFO - services.py - 83 - аккаунт София Богданова вступает в группу поста wall-213137018_16022
2024-03-31 20:31:40,397 - INFO - services.py - 96 - ----------КОНЕЦ-РЕПОСТА----------
2024-03-31 20:32:40,405 - INFO - services.py - 69 - аккаунт София Богданова комментирует запись wall-23482289_305005
2024-03-31 20:32:42,857 - INFO - services.py - 77 - аккаунт София Богданова репостит запись wall-23482289_305005
2024-03-31 20:32:45,308 - INFO - services.py - 83 - аккаунт София Богданова вступает в группу поста wall-23482289_305005
2024-03-31 20:32:45,493 - INFO - services.py - 96 - ----------КОНЕЦ-РЕПОСТА----------
2024-03-31 20:33:45,501 - INFO - services.py - 69 - аккаунт София Богданова комментирует запись wall-23482289_305434
2024-03-31 20:33:47,862 - INFO - services.py - 77 - аккаунт София Богданова репостит запись wall-23482289_305434
2024-03-31 20:33:50,345 - INFO - services.py - 83 - аккаунт София Богданова вступает в группу поста wall-23482289_305434
2024-03-31 20:33:50,394 - ERROR - services.py - 93 - Ошибка при работе с постом wall-23482289_305434:
[15] Access denied: you are already in this community
2024-03-31 20:33:50,394 - INFO - services.py - 96 - ----------КОНЕЦ-РЕПОСТА----------
2024-03-31 20:34:50,401 - INFO - services.py - 69 - аккаунт София Богданова комментирует запись wall-23482289_305895
2024-03-31 20:34:52,726 - INFO - services.py - 77 - аккаунт София Богданова репостит запись wall-23482289_305895
2024-03-31 20:34:55,049 - INFO - services.py - 83 - аккаунт София Богданова вступает в группу поста wall-23482289_305895
2024-03-31 20:34:55,092 - ERROR - services.py - 93 - Ошибка при работе с постом wall-23482289_305895:
[15] Access denied: you are already in this community
2024-03-31 20:34:55,092 - INFO - services.py - 96 - ----------КОНЕЦ-РЕПОСТА----------
2024-03-31 20:35:55,100 - INFO - services.py - 69 - аккаунт София Богданова комментирует запись wall-97613249_726326
2024-03-31 20:35:57,408 - INFO - services.py - 77 - аккаунт София Богданова репостит запись wall-97613249_726326
2024-03-31 20:35:59,759 - INFO - services.py - 83 - аккаунт София Богданова вступает в группу поста wall-97613249_726326
2024-03-31 20:35:59,919 - INFO - services.py - 96 - ----------КОНЕЦ-РЕПОСТА----------
2024-03-31 20:36:59,927 - INFO - services.py - 69 - аккаунт София Богданова комментирует запись wall-77217518_102808
2024-03-31 20:37:02,437 - INFO - services.py - 77 - аккаунт София Богданова репостит запись wall-77217518_102808
2024-03-31 20:37:05,091 - INFO - services.py - 83 - аккаунт София Богданова вступает в группу поста wall-77217518_102808
2024-03-31 20:37:05,544 - INFO - services.py - 96 - ----------КОНЕЦ-РЕПОСТА----------
2024-03-31 20:38:05,552 - INFO - services.py - 69 - аккаунт София Богданова комментирует запись wall-29727543_5238274
2024-03-31 20:38:08,175 - INFO - services.py - 77 - аккаунт София Богданова репостит запись wall-29727543_5238274
2024-03-31 20:38:10,639 - INFO - services.py - 83 - аккаунт София Богданова вступает в группу поста wall-29727543_5238274
2024-03-31 20:38:10,824 - INFO - services.py - 96 - ----------КОНЕЦ-РЕПОСТА----------
2024-03-31 20:39:10,831 - INFO - services.py - 69 - аккаунт София Богданова комментирует запись wall-118335380_42842
2024-03-31 20:39:13,081 - INFO - services.py - 77 - аккаунт София Богданова репостит запись wall-118335380_42842
2024-03-31 20:39:15,548 - INFO - services.py - 83 - аккаунт София Богданова вступает в группу поста wall-118335380_42842
2024-03-31 20:39:15,892 - INFO - services.py - 96 - ----------КОНЕЦ-РЕПОСТА----------
2024-03-31 20:40:15,900 - INFO - services.py - 69 - аккаунт София Богданова комментирует запись wall-198782299_211745
2024-03-31 20:40:18,322 - INFO - services.py - 77 - аккаунт София Богданова репостит запись wall-198782299_211745
2024-03-31 20:40:20,784 - INFO - services.py - 83 - аккаунт София Богданова вступает в группу поста wall-198782299_211745
2024-03-31 20:40:20,867 - ERROR - services.py - 93 - Ошибка при работе с постом wall-198782299_211745:
[15] Access denied: you are already in this community
2024-03-31 20:40:20,868 - INFO - services.py - 96 - ----------КОНЕЦ-РЕПОСТА----------
2024-03-31 20:41:20,871 - INFO - services.py - 69 - аккаунт София Богданова комментирует запись wall-27855463_2811639
2024-03-31 20:41:23,454 - INFO - services.py - 77 - аккаунт София Богданова репостит запись wall-27855463_2811639
2024-03-31 20:41:25,793 - INFO - services.py - 83 - аккаунт София Богданова вступает в группу поста wall-27855463_2811639
2024-03-31 20:41:25,838 - ERROR - services.py - 93 - Ошибка при работе с постом wall-27855463_2811639:
[15] Access denied: you are already in this community
2024-03-31 20:41:25,839 - INFO - services.py - 96 - ----------КОНЕЦ-РЕПОСТА----------
2024-03-31 20:42:25,846 - INFO - services.py - 69 - аккаунт София Богданова комментирует запись wall-36047336_124006
2024-03-31 20:42:25,901 - ERROR - services.py - 93 - Ошибка при работе с постом wall-36047336_124006:
[213] Access to status replies denied
2024-03-31 20:42:25,902 - INFO - services.py - 96 - ----------КОНЕЦ-РЕПОСТА----------
2024-03-31 20:42:25,903 - INFO - vk_api.py - 172 - Auth with login: 79995663379
2024-03-31 20:42:25,903 - INFO - vk_api.py - 431 - Checking remixsid...
2024-03-31 20:42:25,903 - INFO - vk_api.py - 434 - No remixsid
2024-03-31 20:42:25,903 - INFO - vk_api.py - 202 - remixsid from config is not valid: None
2024-03-31 20:42:25,903 - INFO - vk_api.py - 242 - Logging in...
2024-03-31 20:42:26,252 - INFO - vk_api.py - 172 - Auth with login: 79995663379
2024-03-31 20:42:26,252 - INFO - vk_api.py - 431 - Checking remixsid...
2024-03-31 20:42:26,252 - INFO - vk_api.py - 434 - No remixsid
2024-03-31 20:42:26,253 - INFO - vk_api.py - 202 - remixsid from config is not valid: None
2024-03-31 20:42:26,253 - INFO - vk_api.py - 242 - Logging in...
2024-03-31 20:42:26,536 - INFO - vk_api.py - 295 - Captcha code is required
2024-03-31 20:42:26,536 - ERROR - services.py - 57 - Ошибка при входе в аккаунт 79995663379 --- 
Captcha needed
2024-03-31 20:42:26,537 - INFO - vk_api.py - 172 - Auth with login: 79965964829
2024-03-31 20:42:26,537 - INFO - vk_api.py - 431 - Checking remixsid...
2024-03-31 20:42:26,537 - INFO - vk_api.py - 434 - No remixsid
2024-03-31 20:42:26,538 - INFO - vk_api.py - 202 - remixsid from config is not valid: None
2024-03-31 20:42:26,538 - INFO - vk_api.py - 242 - Logging in...
2024-03-31 20:42:26,878 - INFO - vk_api.py - 172 - Auth with login: 79965964829
2024-03-31 20:42:26,878 - INFO - vk_api.py - 431 - Checking remixsid...
2024-03-31 20:42:26,878 - INFO - vk_api.py - 434 - No remixsid
2024-03-31 20:42:26,878 - INFO - vk_api.py - 202 - remixsid from config is not valid: None
2024-03-31 20:42:26,878 - INFO - vk_api.py - 242 - Logging in...
2024-03-31 20:42:27,127 - INFO - vk_api.py - 295 - Captcha code is required
2024-03-31 20:42:27,127 - ERROR - services.py - 57 - Ошибка при входе в аккаунт 79965964829 --- 
Captcha needed
2024-03-31 20:42:27,128 - INFO - vk_api.py - 172 - Auth with login: 79893436905
2024-03-31 20:42:27,128 - INFO - vk_api.py - 431 - Checking remixsid...
2024-03-31 20:42:27,128 - INFO - vk_api.py - 434 - No remixsid
2024-03-31 20:42:27,128 - INFO - vk_api.py - 202 - remixsid from config is not valid: None
2024-03-31 20:42:27,128 - INFO - vk_api.py - 242 - Logging in...
2024-03-31 20:42:27,595 - INFO - vk_api.py - 323 - Got remixsid
2024-03-31 20:42:27,600 - INFO - vk_api.py - 389 - Checking security check request
2024-03-31 20:42:27,600 - INFO - vk_api.py - 395 - Security check is not required
2024-03-31 20:42:27,600 - INFO - vk_api.py - 209 - access_token from config is not valid: None
2024-03-31 20:42:27,776 - INFO - vk_api.py - 543 - Got access_token
2024-03-31 20:43:27,784 - INFO - services.py - 69 - аккаунт Ирина Третьякова комментирует запись wall-209070464_6296
2024-03-31 20:43:30,212 - INFO - services.py - 77 - аккаунт Ирина Третьякова репостит запись wall-209070464_6296
2024-03-31 20:43:32,744 - INFO - services.py - 83 - аккаунт Ирина Третьякова вступает в группу поста wall-209070464_6296
2024-03-31 20:43:33,136 - INFO - services.py - 96 - ----------КОНЕЦ-РЕПОСТА----------
2024-03-31 20:44:33,136 - INFO - services.py - 69 - аккаунт Ирина Третьякова комментирует запись wall-37268163_1448183
2024-03-31 20:44:35,546 - INFO - services.py - 77 - аккаунт Ирина Третьякова репостит запись wall-37268163_1448183
2024-03-31 20:44:37,870 - INFO - services.py - 83 - аккаунт Ирина Третьякова вступает в группу поста wall-37268163_1448183
2024-03-31 20:44:38,053 - INFO - services.py - 96 - ----------КОНЕЦ-РЕПОСТА----------
2024-03-31 20:45:38,056 - INFO - services.py - 69 - аккаунт Ирина Третьякова комментирует запись wall-146112919_13257
2024-03-31 20:45:40,375 - INFO - services.py - 77 - аккаунт Ирина Третьякова репостит запись wall-146112919_13257
2024-03-31 20:45:42,781 - INFO - services.py - 83 - аккаунт Ирина Третьякова вступает в группу поста wall-146112919_13257
2024-03-31 20:45:43,071 - ERROR - services.py - 93 - Ошибка при работе с постом wall-146112919_13257:
[15] Access denied: you are already in this community
2024-03-31 20:45:43,071 - INFO - services.py - 96 - ----------КОНЕЦ-РЕПОСТА----------
2024-03-31 20:46:43,071 - INFO - services.py - 69 - аккаунт Ирина Третьякова комментирует запись wall-215425316_26524
2024-03-31 20:46:45,384 - INFO - services.py - 77 - аккаунт Ирина Третьякова репостит запись wall-215425316_26524
2024-03-31 20:46:47,751 - INFO - services.py - 83 - аккаунт Ирина Третьякова вступает в группу поста wall-215425316_26524
2024-03-31 20:46:47,802 - ERROR - services.py - 93 - Ошибка при работе с постом wall-215425316_26524:
[15] Access denied: you are already in this community
2024-03-31 20:46:47,803 - INFO - services.py - 96 - ----------КОНЕЦ-РЕПОСТА----------
2024-03-31 20:47:47,805 - INFO - services.py - 69 - аккаунт Ирина Третьякова комментирует запись wall-157921718_45356
2024-03-31 20:47:50,210 - INFO - services.py - 77 - аккаунт Ирина Третьякова репостит запись wall-157921718_45356
2024-03-31 20:47:52,563 - INFO - services.py - 83 - аккаунт Ирина Третьякова вступает в группу поста wall-157921718_45356
2024-03-31 20:47:52,932 - ERROR - services.py - 93 - Ошибка при работе с постом wall-157921718_45356:
[15] Access denied: you are already in this community
2024-03-31 20:47:52,932 - INFO - services.py - 96 - ----------КОНЕЦ-РЕПОСТА----------
2024-03-31 20:48:52,932 - INFO - services.py - 69 - аккаунт Ирина Третьякова комментирует запись wall-128976064_17979
2024-03-31 20:48:55,340 - INFO - services.py - 77 - аккаунт Ирина Третьякова репостит запись wall-128976064_17979
2024-03-31 20:48:57,965 - INFO - services.py - 83 - аккаунт Ирина Третьякова вступает в группу поста wall-128976064_17979
2024-03-31 20:48:58,164 - INFO - services.py - 96 - ----------КОНЕЦ-РЕПОСТА----------
2024-03-31 20:49:58,164 - INFO - services.py - 69 - аккаунт Ирина Третьякова комментирует запись wall-223174343_656
2024-03-31 20:50:00,565 - INFO - services.py - 77 - аккаунт Ирина Третьякова репостит запись wall-223174343_656
2024-03-31 20:50:03,228 - INFO - services.py - 83 - аккаунт Ирина Третьякова вступает в группу поста wall-223174343_656
2024-03-31 20:50:03,682 - INFO - services.py - 96 - ----------КОНЕЦ-РЕПОСТА----------
2024-03-31 20:51:03,681 - INFO - services.py - 69 - аккаунт Ирина Третьякова комментирует запись wall-178423538_790
2024-03-31 20:51:06,031 - INFO - services.py - 77 - аккаунт Ирина Третьякова репостит запись wall-178423538_790
2024-03-31 20:51:08,631 - INFO - services.py - 83 - аккаунт Ирина Третьякова вступает в группу поста wall-178423538_790
2024-03-31 20:51:08,914 - INFO - services.py - 96 - ----------КОНЕЦ-РЕПОСТА----------
2024-03-31 20:52:08,922 - INFO - services.py - 69 - аккаунт Ирина Третьякова комментирует запись wall-171555209_4458
2024-03-31 20:52:11,332 - INFO - services.py - 77 - аккаунт Ирина Третьякова репостит запись wall-171555209_4458
2024-03-31 20:52:13,792 - INFO - services.py - 83 - аккаунт Ирина Третьякова вступает в группу поста wall-171555209_4458
2024-03-31 20:52:13,865 - ERROR - services.py - 93 - Ошибка при работе с постом wall-171555209_4458:
[15] Access denied: you are already in this community
2024-03-31 20:52:13,866 - INFO - services.py - 96 - ----------КОНЕЦ-РЕПОСТА----------
2024-03-31 20:53:13,871 - INFO - services.py - 69 - аккаунт Ирина Третьякова комментирует запись wall-196017287_41690
2024-03-31 20:53:16,254 - INFO - services.py - 77 - аккаунт Ирина Третьякова репостит запись wall-196017287_41690
2024-03-31 20:53:18,715 - INFO - services.py - 83 - аккаунт Ирина Третьякова вступает в группу поста wall-196017287_41690
2024-03-31 20:53:18,765 - ERROR - services.py - 93 - Ошибка при работе с постом wall-196017287_41690:
[15] Access denied: you are already in this community
2024-03-31 20:53:18,765 - INFO - services.py - 96 - ----------КОНЕЦ-РЕПОСТА----------
2024-03-31 20:54:18,773 - INFO - services.py - 69 - аккаунт Ирина Третьякова комментирует запись wall-114389229_139550
2024-03-31 20:54:21,286 - INFO - services.py - 77 - аккаунт Ирина Третьякова репостит запись wall-114389229_139550
2024-03-31 20:54:23,737 - INFO - services.py - 83 - аккаунт Ирина Третьякова вступает в группу поста wall-114389229_139550
2024-03-31 20:54:23,859 - ERROR - services.py - 93 - Ошибка при работе с постом wall-114389229_139550:
[15] Access denied: you are already in this community
2024-03-31 20:54:23,859 - INFO - services.py - 96 - ----------КОНЕЦ-РЕПОСТА----------
2024-03-31 20:55:23,861 - INFO - services.py - 69 - аккаунт Ирина Третьякова комментирует запись wall-211034613_72529
2024-03-31 20:55:26,307 - INFO - services.py - 77 - аккаунт Ирина Третьякова репостит запись wall-211034613_72529
2024-03-31 20:55:28,655 - INFO - services.py - 83 - аккаунт Ирина Третьякова вступает в группу поста wall-211034613_72529
2024-03-31 20:55:28,868 - INFO - services.py - 96 - ----------КОНЕЦ-РЕПОСТА----------
2024-03-31 20:56:28,873 - INFO - services.py - 69 - аккаунт Ирина Третьякова комментирует запись wall-211995436_37586
2024-03-31 20:56:31,445 - INFO - services.py - 77 - аккаунт Ирина Третьякова репостит запись wall-211995436_37586
2024-03-31 20:56:33,950 - INFO - services.py - 83 - аккаунт Ирина Третьякова вступает в группу поста wall-211995436_37586
2024-03-31 20:56:34,186 - INFO - services.py - 96 - ----------КОНЕЦ-РЕПОСТА----------
2024-03-31 20:57:34,191 - INFO - services.py - 69 - аккаунт Ирина Третьякова комментирует запись wall-215308440_428992
2024-03-31 20:57:36,556 - INFO - services.py - 77 - аккаунт Ирина Третьякова репостит запись wall-215308440_428992
2024-03-31 20:57:39,021 - INFO - services.py - 83 - аккаунт Ирина Третьякова вступает в группу поста wall-215308440_428992
2024-03-31 20:57:39,088 - ERROR - services.py - 93 - Ошибка при работе с постом wall-215308440_428992:
[15] Access denied: you are already in this community
2024-03-31 20:57:39,089 - INFO - services.py - 96 - ----------КОНЕЦ-РЕПОСТА----------
2024-03-31 20:58:39,096 - INFO - services.py - 69 - аккаунт Ирина Третьякова комментирует запись wall-63659353_67728
2024-03-31 20:58:41,481 - INFO - services.py - 77 - аккаунт Ирина Третьякова репостит запись wall-63659353_67728
2024-03-31 20:58:43,882 - INFO - services.py - 83 - аккаунт Ирина Третьякова вступает в группу поста wall-63659353_67728
2024-03-31 20:58:44,301 - INFO - services.py - 96 - ----------КОНЕЦ-РЕПОСТА----------
2024-03-31 20:59:44,304 - INFO - services.py - 69 - аккаунт Ирина Третьякова комментирует запись wall-51382345_9059
2024-03-31 20:59:46,810 - INFO - services.py - 77 - аккаунт Ирина Третьякова репостит запись wall-51382345_9059
2024-03-31 20:59:49,210 - INFO - services.py - 83 - аккаунт Ирина Третьякова вступает в группу поста wall-51382345_9059
2024-03-31 20:59:49,627 - INFO - services.py - 96 - ----------КОНЕЦ-РЕПОСТА----------
2024-03-31 21:00:49,626 - INFO - services.py - 69 - аккаунт Ирина Третьякова комментирует запись wall-36516005_926096
2024-03-31 21:00:52,797 - INFO - services.py - 77 - аккаунт Ирина Третьякова репостит запись wall-36516005_926096
2024-03-31 21:00:55,207 - INFO - services.py - 83 - аккаунт Ирина Третьякова вступает в группу поста wall-36516005_926096
2024-03-31 21:00:55,260 - ERROR - services.py - 93 - Ошибка при работе с постом wall-36516005_926096:
[15] Access denied: you are already in this community
2024-03-31 21:00:55,260 - INFO - services.py - 96 - ----------КОНЕЦ-РЕПОСТА----------
2024-03-31 21:01:55,268 - INFO - services.py - 69 - аккаунт Ирина Третьякова комментирует запись wall-224677138_28
2024-03-31 21:01:55,356 - ERROR - services.py - 93 - Ошибка при работе с постом wall-224677138_28:
[213] Access to status replies denied: replies disabled
2024-03-31 21:01:55,357 - INFO - services.py - 96 - ----------КОНЕЦ-РЕПОСТА----------
2024-03-31 21:02:55,364 - INFO - services.py - 69 - аккаунт Ирина Третьякова комментирует запись wall-147224444_4855
2024-03-31 21:02:57,689 - INFO - services.py - 77 - аккаунт Ирина Третьякова репостит запись wall-147224444_4855
2024-03-31 21:02:59,930 - INFO - services.py - 83 - аккаунт Ирина Третьякова вступает в группу поста wall-147224444_4855
2024-03-31 21:02:59,985 - ERROR - services.py - 93 - Ошибка при работе с постом wall-147224444_4855:
[15] Access denied: you are already in this community
2024-03-31 21:02:59,985 - INFO - services.py - 96 - ----------КОНЕЦ-РЕПОСТА----------
2024-03-31 21:03:59,988 - INFO - services.py - 69 - аккаунт Ирина Третьякова комментирует запись wall-52306073_18339
2024-03-31 21:04:00,074 - ERROR - services.py - 93 - Ошибка при работе с постом wall-52306073_18339:
[213] Access to status replies denied
2024-03-31 21:04:00,075 - INFO - services.py - 96 - ----------КОНЕЦ-РЕПОСТА----------
2024-03-31 21:05:00,079 - INFO - services.py - 69 - аккаунт Ирина Третьякова комментирует запись wall-10958821_953016
2024-03-31 21:05:02,613 - INFO - services.py - 77 - аккаунт Ирина Третьякова репостит запись wall-10958821_953016
2024-03-31 21:05:04,969 - INFO - services.py - 83 - аккаунт Ирина Третьякова вступает в группу поста wall-10958821_953016
2024-03-31 21:05:05,169 - INFO - services.py - 96 - ----------КОНЕЦ-РЕПОСТА----------
2024-03-31 21:06:05,177 - INFO - services.py - 69 - аккаунт Ирина Третьякова комментирует запись wall-53430884_102274
2024-03-31 21:06:07,637 - INFO - services.py - 77 - аккаунт Ирина Третьякова репостит запись wall-53430884_102274
2024-03-31 21:06:09,992 - INFO - services.py - 83 - аккаунт Ирина Третьякова вступает в группу поста wall-53430884_102274
2024-03-31 21:06:10,381 - INFO - services.py - 96 - ----------КОНЕЦ-РЕПОСТА----------
2024-03-31 21:07:10,389 - INFO - services.py - 69 - аккаунт Ирина Третьякова комментирует запись wall-212677481_17029
2024-03-31 21:07:12,971 - INFO - services.py - 77 - аккаунт Ирина Третьякова репостит запись wall-212677481_17029
2024-03-31 21:07:15,268 - INFO - services.py - 83 - аккаунт Ирина Третьякова вступает в группу поста wall-212677481_17029
2024-03-31 21:07:15,455 - INFO - services.py - 96 - ----------КОНЕЦ-РЕПОСТА----------
2024-03-31 21:08:15,535 - INFO - services.py - 69 - аккаунт Ирина Третьякова комментирует запись wall-198040439_4772
2024-03-31 21:08:17,858 - INFO - services.py - 77 - аккаунт Ирина Третьякова репостит запись wall-198040439_4772
2024-03-31 21:08:20,339 - INFO - services.py - 83 - аккаунт Ирина Третьякова вступает в группу поста wall-198040439_4772
2024-03-31 21:08:20,487 - INFO - services.py - 96 - ----------КОНЕЦ-РЕПОСТА----------
2024-03-31 21:09:20,493 - INFO - services.py - 69 - аккаунт Ирина Третьякова комментирует запись wall-224579657_101
2024-03-31 21:09:22,886 - INFO - services.py - 77 - аккаунт Ирина Третьякова репостит запись wall-224579657_101
2024-03-31 21:09:25,244 - INFO - services.py - 83 - аккаунт Ирина Третьякова вступает в группу поста wall-224579657_101
2024-03-31 21:09:25,412 - INFO - services.py - 96 - ----------КОНЕЦ-РЕПОСТА----------
2024-03-31 21:10:25,421 - INFO - services.py - 69 - аккаунт Ирина Третьякова комментирует запись wall-161733955_1339
2024-03-31 21:10:25,469 - ERROR - services.py - 93 - Ошибка при работе с постом wall-161733955_1339:
[213] Access to status replies denied
2024-03-31 21:10:25,469 - INFO - services.py - 96 - ----------КОНЕЦ-РЕПОСТА----------
2024-03-31 21:11:25,478 - INFO - services.py - 69 - аккаунт Ирина Третьякова комментирует запись wall-211633705_11460
2024-03-31 21:11:27,913 - INFO - services.py - 77 - аккаунт Ирина Третьякова репостит запись wall-211633705_11460
2024-03-31 21:11:30,245 - INFO - services.py - 83 - аккаунт Ирина Третьякова вступает в группу поста wall-211633705_11460
2024-03-31 21:11:30,530 - INFO - services.py - 96 - ----------КОНЕЦ-РЕПОСТА----------
2024-03-31 21:12:30,538 - INFO - services.py - 69 - аккаунт Ирина Третьякова комментирует запись wall-126076_1962392
2024-03-31 21:12:32,954 - INFO - services.py - 77 - аккаунт Ирина Третьякова репостит запись wall-126076_1962392
2024-03-31 21:12:35,514 - INFO - services.py - 83 - аккаунт Ирина Третьякова вступает в группу поста wall-126076_1962392
2024-03-31 21:12:35,560 - ERROR - services.py - 93 - Ошибка при работе с постом wall-126076_1962392:
[15] Access denied: you are already in this community
2024-03-31 21:12:35,560 - INFO - services.py - 96 - ----------КОНЕЦ-РЕПОСТА----------
2024-03-31 21:13:35,564 - INFO - services.py - 69 - аккаунт Ирина Третьякова комментирует запись wall-62901720_33020
2024-03-31 21:13:37,888 - INFO - services.py - 77 - аккаунт Ирина Третьякова репостит запись wall-62901720_33020
2024-03-31 21:13:40,146 - INFO - services.py - 83 - аккаунт Ирина Третьякова вступает в группу поста wall-62901720_33020
2024-03-31 21:13:40,198 - ERROR - services.py - 93 - Ошибка при работе с постом wall-62901720_33020:
[15] Access denied: you are already in this community
2024-03-31 21:13:40,198 - INFO - services.py - 96 - ----------КОНЕЦ-РЕПОСТА----------
2024-03-31 21:14:40,205 - INFO - services.py - 69 - аккаунт Ирина Третьякова комментирует запись wall-176271405_4067
2024-03-31 21:14:42,688 - INFO - services.py - 77 - аккаунт Ирина Третьякова репостит запись wall-176271405_4067
2024-03-31 21:14:45,037 - INFO - services.py - 83 - аккаунт Ирина Третьякова вступает в группу поста wall-176271405_4067
2024-03-31 21:14:45,097 - ERROR - services.py - 93 - Ошибка при работе с постом wall-176271405_4067:
[15] Access denied: you are already in this community
2024-03-31 21:14:45,097 - INFO - services.py - 96 - ----------КОНЕЦ-РЕПОСТА----------
2024-03-31 21:15:45,106 - INFO - services.py - 69 - аккаунт Ирина Третьякова комментирует запись wall-34567148_20189
2024-03-31 21:15:47,511 - INFO - services.py - 77 - аккаунт Ирина Третьякова репостит запись wall-34567148_20189
2024-03-31 21:15:49,870 - INFO - services.py - 83 - аккаунт Ирина Третьякова вступает в группу поста wall-34567148_20189
2024-03-31 21:15:50,125 - INFO - services.py - 96 - ----------КОНЕЦ-РЕПОСТА----------
2024-03-31 21:16:50,131 - INFO - services.py - 69 - аккаунт Ирина Третьякова комментирует запись wall-222387020_3877
2024-03-31 21:16:52,744 - INFO - services.py - 77 - аккаунт Ирина Третьякова репостит запись wall-222387020_3877
2024-03-31 21:16:54,973 - INFO - services.py - 83 - аккаунт Ирина Третьякова вступает в группу поста wall-222387020_3877
2024-03-31 21:16:55,026 - ERROR - services.py - 93 - Ошибка при работе с постом wall-222387020_3877:
[15] Access denied: you are already in this community
2024-03-31 21:16:55,027 - INFO - services.py - 96 - ----------КОНЕЦ-РЕПОСТА----------
2024-03-31 21:17:55,026 - INFO - services.py - 69 - аккаунт Ирина Третьякова комментирует запись wall-219203178_59146
2024-03-31 21:17:57,457 - INFO - services.py - 77 - аккаунт Ирина Третьякова репостит запись wall-219203178_59146
2024-03-31 21:17:59,945 - INFO - services.py - 83 - аккаунт Ирина Третьякова вступает в группу поста wall-219203178_59146
2024-03-31 21:17:59,986 - ERROR - services.py - 93 - Ошибка при работе с постом wall-219203178_59146:
[15] Access denied: you are already in this community
2024-03-31 21:17:59,986 - INFO - services.py - 96 - ----------КОНЕЦ-РЕПОСТА----------
2024-03-31 21:18:59,986 - INFO - services.py - 69 - аккаунт Ирина Третьякова комментирует запись wall-222213568_180
2024-03-31 21:19:02,378 - INFO - services.py - 77 - аккаунт Ирина Третьякова репостит запись wall-222213568_180
2024-03-31 21:19:04,741 - INFO - services.py - 83 - аккаунт Ирина Третьякова вступает в группу поста wall-222213568_180
2024-03-31 21:19:04,943 - INFO - services.py - 96 - ----------КОНЕЦ-РЕПОСТА----------
2024-03-31 21:20:04,947 - INFO - services.py - 69 - аккаунт Ирина Третьякова комментирует запись wall-208274756_2869
2024-03-31 21:20:07,320 - INFO - services.py - 77 - аккаунт Ирина Третьякова репостит запись wall-208274756_2869
2024-03-31 21:20:09,713 - INFO - services.py - 83 - аккаунт Ирина Третьякова вступает в группу поста wall-208274756_2869
2024-03-31 21:20:09,923 - INFO - services.py - 96 - ----------КОНЕЦ-РЕПОСТА----------
2024-03-31 21:21:09,927 - INFO - services.py - 69 - аккаунт Ирина Третьякова комментирует запись wall-12520251_34040
2024-03-31 21:21:12,242 - INFO - services.py - 77 - аккаунт Ирина Третьякова репостит запись wall-12520251_34040
2024-03-31 21:21:14,713 - INFO - services.py - 83 - аккаунт Ирина Третьякова вступает в группу поста wall-12520251_34040
2024-03-31 21:21:14,877 - INFO - services.py - 96 - ----------КОНЕЦ-РЕПОСТА----------
2024-03-31 21:22:14,880 - INFO - services.py - 69 - аккаунт Ирина Третьякова комментирует запись wall-210709803_6142
2024-03-31 21:22:17,452 - INFO - services.py - 77 - аккаунт Ирина Третьякова репостит запись wall-210709803_6142
2024-03-31 21:22:19,916 - INFO - services.py - 83 - аккаунт Ирина Третьякова вступает в группу поста wall-210709803_6142
2024-03-31 21:22:20,263 - INFO - services.py - 96 - ----------КОНЕЦ-РЕПОСТА----------
2024-03-31 21:23:20,268 - INFO - services.py - 69 - аккаунт Ирина Третьякова комментирует запись wall-193328698_17979
2024-03-31 21:23:22,686 - INFO - services.py - 77 - аккаунт Ирина Третьякова репостит запись wall-193328698_17979
2024-03-31 21:23:25,017 - INFO - services.py - 83 - аккаунт Ирина Третьякова вступает в группу поста wall-193328698_17979
2024-03-31 21:23:25,068 - ERROR - services.py - 93 - Ошибка при работе с постом wall-193328698_17979:
[15] Access denied: you are already in this community
2024-03-31 21:23:25,068 - INFO - services.py - 96 - ----------КОНЕЦ-РЕПОСТА----------
2024-03-31 21:24:25,070 - INFO - services.py - 69 - аккаунт Ирина Третьякова комментирует запись wall-87067968_8916
2024-03-31 21:24:27,354 - INFO - services.py - 77 - аккаунт Ирина Третьякова репостит запись wall-87067968_8916
2024-03-31 21:24:29,670 - INFO - services.py - 83 - аккаунт Ирина Третьякова вступает в группу поста wall-87067968_8916
2024-03-31 21:24:29,728 - ERROR - services.py - 93 - Ошибка при работе с постом wall-87067968_8916:
[15] Access denied: you are already in this community
2024-03-31 21:24:29,729 - INFO - services.py - 96 - ----------КОНЕЦ-РЕПОСТА----------
2024-03-31 21:25:29,733 - INFO - services.py - 69 - аккаунт Ирина Третьякова комментирует запись wall-77720739_6190
2024-03-31 21:25:32,224 - INFO - services.py - 77 - аккаунт Ирина Третьякова репостит запись wall-77720739_6190
2024-03-31 21:25:34,580 - INFO - services.py - 83 - аккаунт Ирина Третьякова вступает в группу поста wall-77720739_6190
2024-03-31 21:25:34,822 - INFO - services.py - 96 - ----------КОНЕЦ-РЕПОСТА----------
2024-03-31 21:26:34,822 - INFO - services.py - 69 - аккаунт Ирина Третьякова комментирует запись wall-157921718_46134
2024-03-31 21:26:37,226 - INFO - services.py - 77 - аккаунт Ирина Третьякова репостит запись wall-157921718_46134
2024-03-31 21:26:39,497 - INFO - services.py - 83 - аккаунт Ирина Третьякова вступает в группу поста wall-157921718_46134
2024-03-31 21:26:39,548 - ERROR - services.py - 93 - Ошибка при работе с постом wall-157921718_46134:
[15] Access denied: you are already in this community
2024-03-31 21:26:39,548 - INFO - services.py - 96 - ----------КОНЕЦ-РЕПОСТА----------
2024-03-31 21:27:39,552 - INFO - services.py - 69 - аккаунт Ирина Третьякова комментирует запись wall-133272972_6291
2024-03-31 21:27:42,172 - INFO - services.py - 77 - аккаунт Ирина Третьякова репостит запись wall-133272972_6291
2024-03-31 21:27:44,512 - INFO - services.py - 83 - аккаунт Ирина Третьякова вступает в группу поста wall-133272972_6291
2024-03-31 21:27:44,880 - INFO - services.py - 96 - ----------КОНЕЦ-РЕПОСТА----------
2024-03-31 21:28:44,883 - INFO - services.py - 69 - аккаунт Ирина Третьякова комментирует запись wall-51969561_13255
2024-03-31 21:28:47,518 - INFO - services.py - 77 - аккаунт Ирина Третьякова репостит запись wall-51969561_13255
2024-03-31 21:28:49,819 - INFO - services.py - 83 - аккаунт Ирина Третьякова вступает в группу поста wall-51969561_13255
2024-03-31 21:28:50,058 - INFO - services.py - 96 - ----------КОНЕЦ-РЕПОСТА----------
2024-03-31 21:29:50,067 - INFO - services.py - 69 - аккаунт Ирина Третьякова комментирует запись wall-171168285_613
2024-03-31 21:29:52,513 - INFO - services.py - 77 - аккаунт Ирина Третьякова репостит запись wall-171168285_613
2024-03-31 21:29:55,005 - INFO - services.py - 83 - аккаунт Ирина Третьякова вступает в группу поста wall-171168285_613
2024-03-31 21:29:55,648 - INFO - services.py - 96 - ----------КОНЕЦ-РЕПОСТА----------
2024-03-31 21:30:55,652 - INFO - services.py - 69 - аккаунт Ирина Третьякова комментирует запись wall-224813487_21
2024-03-31 21:30:57,881 - INFO - services.py - 77 - аккаунт Ирина Третьякова репостит запись wall-224813487_21
2024-03-31 21:31:00,343 - INFO - services.py - 83 - аккаунт Ирина Третьякова вступает в группу поста wall-224813487_21
2024-03-31 21:31:00,677 - INFO - services.py - 96 - ----------КОНЕЦ-РЕПОСТА----------
2024-03-31 21:32:00,680 - INFO - services.py - 69 - аккаунт Ирина Третьякова комментирует запись wall-223602603_14
2024-03-31 21:32:03,099 - INFO - services.py - 77 - аккаунт Ирина Третьякова репостит запись wall-223602603_14
2024-03-31 21:32:05,450 - INFO - services.py - 83 - аккаунт Ирина Третьякова вступает в группу поста wall-223602603_14
2024-03-31 21:32:05,746 - INFO - services.py - 96 - ----------КОНЕЦ-РЕПОСТА----------
2024-03-31 21:33:05,748 - INFO - services.py - 69 - аккаунт Ирина Третьякова комментирует запись wall-219689404_574
2024-03-31 21:33:05,818 - ERROR - services.py - 93 - Ошибка при работе с постом wall-219689404_574:
[213] Access to status replies denied: replies disabled
2024-03-31 21:33:05,818 - INFO - services.py - 96 - ----------КОНЕЦ-РЕПОСТА----------
2024-03-31 21:34:05,826 - INFO - services.py - 69 - аккаунт Ирина Третьякова комментирует запись wall-214456053_888
2024-03-31 21:34:08,331 - INFO - services.py - 77 - аккаунт Ирина Третьякова репостит запись wall-214456053_888
2024-03-31 21:34:10,693 - INFO - services.py - 83 - аккаунт Ирина Третьякова вступает в группу поста wall-214456053_888
2024-03-31 21:34:10,876 - INFO - services.py - 96 - ----------КОНЕЦ-РЕПОСТА----------
2024-03-31 21:35:10,879 - INFO - services.py - 69 - аккаунт Ирина Третьякова комментирует запись wall-120733094_29580
2024-03-31 21:35:13,201 - INFO - services.py - 77 - аккаунт Ирина Третьякова репостит запись wall-120733094_29580
2024-03-31 21:35:15,557 - INFO - services.py - 83 - аккаунт Ирина Третьякова вступает в группу поста wall-120733094_29580
2024-03-31 21:35:15,790 - INFO - services.py - 96 - ----------КОНЕЦ-РЕПОСТА----------
2024-03-31 21:36:15,799 - INFO - services.py - 69 - аккаунт Ирина Третьякова комментирует запись wall-44052632_23726
2024-03-31 21:36:15,853 - ERROR - services.py - 93 - Ошибка при работе с постом wall-44052632_23726:
[213] Access to status replies denied: replies disabled
2024-03-31 21:36:15,853 - INFO - services.py - 96 - ----------КОНЕЦ-РЕПОСТА----------
2024-03-31 21:37:15,799 - INFO - services.py - 69 - аккаунт Ирина Третьякова комментирует запись wall-217181553_16248
2024-03-31 21:37:18,331 - INFO - services.py - 77 - аккаунт Ирина Третьякова репостит запись wall-217181553_16248
2024-03-31 21:37:20,728 - INFO - services.py - 83 - аккаунт Ирина Третьякова вступает в группу поста wall-217181553_16248
2024-03-31 21:37:21,170 - INFO - services.py - 96 - ----------КОНЕЦ-РЕПОСТА----------
2024-03-31 21:38:21,179 - INFO - services.py - 69 - аккаунт Ирина Третьякова комментирует запись wall-157997889_20660
2024-03-31 21:38:21,233 - ERROR - services.py - 93 - Ошибка при работе с постом wall-157997889_20660:
[213] Access to status replies denied: replies disabled
2024-03-31 21:38:21,233 - INFO - services.py - 96 - ----------КОНЕЦ-РЕПОСТА----------
2024-03-31 21:39:21,241 - INFO - services.py - 69 - аккаунт Ирина Третьякова комментирует запись wall-209424412_3937
2024-03-31 21:39:23,547 - INFO - services.py - 77 - аккаунт Ирина Третьякова репостит запись wall-209424412_3937
2024-03-31 21:39:25,929 - INFO - services.py - 83 - аккаунт Ирина Третьякова вступает в группу поста wall-209424412_3937
2024-03-31 21:39:26,242 - INFO - services.py - 96 - ----------КОНЕЦ-РЕПОСТА----------
2024-03-31 21:40:26,250 - INFO - services.py - 69 - аккаунт Ирина Третьякова комментирует запись wall-62718443_39930
2024-03-31 21:40:28,611 - INFO - services.py - 77 - аккаунт Ирина Третьякова репостит запись wall-62718443_39930
2024-03-31 21:40:30,920 - INFO - services.py - 83 - аккаунт Ирина Третьякова вступает в группу поста wall-62718443_39930
2024-03-31 21:40:31,197 - INFO - services.py - 96 - ----------КОНЕЦ-РЕПОСТА----------
2024-03-31 21:41:31,199 - INFO - services.py - 69 - аккаунт Ирина Третьякова комментирует запись wall-63976979_28121
2024-03-31 21:41:33,523 - INFO - services.py - 77 - аккаунт Ирина Третьякова репостит запись wall-63976979_28121
2024-03-31 21:41:35,982 - INFO - services.py - 83 - аккаунт Ирина Третьякова вступает в группу поста wall-63976979_28121
2024-03-31 21:41:36,239 - INFO - services.py - 96 - ----------КОНЕЦ-РЕПОСТА----------
2024-03-31 21:42:36,250 - INFO - services.py - 69 - аккаунт Ирина Третьякова комментирует запись wall-213137018_16022
2024-03-31 21:42:38,645 - INFO - services.py - 77 - аккаунт Ирина Третьякова репостит запись wall-213137018_16022
2024-03-31 21:42:41,206 - INFO - services.py - 83 - аккаунт Ирина Третьякова вступает в группу поста wall-213137018_16022
2024-03-31 21:42:41,374 - INFO - services.py - 96 - ----------КОНЕЦ-РЕПОСТА----------
2024-03-31 21:43:41,383 - INFO - services.py - 69 - аккаунт Ирина Третьякова комментирует запись wall-23482289_305005
2024-03-31 21:43:44,132 - INFO - services.py - 77 - аккаунт Ирина Третьякова репостит запись wall-23482289_305005
2024-03-31 21:43:46,461 - INFO - services.py - 83 - аккаунт Ирина Третьякова вступает в группу поста wall-23482289_305005
2024-03-31 21:43:46,763 - INFO - services.py - 96 - ----------КОНЕЦ-РЕПОСТА----------
2024-03-31 21:44:46,771 - INFO - services.py - 69 - аккаунт Ирина Третьякова комментирует запись wall-23482289_305434
2024-03-31 21:44:49,205 - INFO - services.py - 77 - аккаунт Ирина Третьякова репостит запись wall-23482289_305434
2024-03-31 21:44:51,566 - INFO - services.py - 83 - аккаунт Ирина Третьякова вступает в группу поста wall-23482289_305434
2024-03-31 21:44:51,628 - ERROR - services.py - 93 - Ошибка при работе с постом wall-23482289_305434:
[15] Access denied: you are already in this community
2024-03-31 21:44:51,628 - INFO - services.py - 96 - ----------КОНЕЦ-РЕПОСТА----------
2024-03-31 21:45:51,632 - INFO - services.py - 69 - аккаунт Ирина Третьякова комментирует запись wall-23482289_305895
2024-03-31 21:45:53,969 - INFO - services.py - 77 - аккаунт Ирина Третьякова репостит запись wall-23482289_305895
2024-03-31 21:45:56,382 - INFO - services.py - 83 - аккаунт Ирина Третьякова вступает в группу поста wall-23482289_305895
2024-03-31 21:45:56,472 - ERROR - services.py - 93 - Ошибка при работе с постом wall-23482289_305895:
[15] Access denied: you are already in this community
2024-03-31 21:45:56,473 - INFO - services.py - 96 - ----------КОНЕЦ-РЕПОСТА----------
2024-03-31 21:46:56,480 - INFO - services.py - 69 - аккаунт Ирина Третьякова комментирует запись wall-97613249_726326
2024-03-31 21:46:58,947 - INFO - services.py - 77 - аккаунт Ирина Третьякова репостит запись wall-97613249_726326
2024-03-31 21:47:01,168 - INFO - services.py - 83 - аккаунт Ирина Третьякова вступает в группу поста wall-97613249_726326
2024-03-31 21:47:01,383 - INFO - services.py - 96 - ----------КОНЕЦ-РЕПОСТА----------
2024-03-31 21:48:01,387 - INFO - services.py - 69 - аккаунт Ирина Третьякова комментирует запись wall-77217518_102808
2024-03-31 21:48:03,768 - INFO - services.py - 77 - аккаунт Ирина Третьякова репостит запись wall-77217518_102808
2024-03-31 21:48:06,249 - INFO - services.py - 83 - аккаунт Ирина Третьякова вступает в группу поста wall-77217518_102808
2024-03-31 21:48:06,582 - INFO - services.py - 96 - ----------КОНЕЦ-РЕПОСТА----------
2024-03-31 21:49:06,591 - INFO - services.py - 69 - аккаунт Ирина Третьякова комментирует запись wall-29727543_5238274
2024-03-31 21:49:09,058 - INFO - services.py - 77 - аккаунт Ирина Третьякова репостит запись wall-29727543_5238274
2024-03-31 21:49:11,492 - INFO - services.py - 83 - аккаунт Ирина Третьякова вступает в группу поста wall-29727543_5238274
2024-03-31 21:49:11,813 - INFO - services.py - 96 - ----------КОНЕЦ-РЕПОСТА----------
2024-03-31 21:50:11,812 - INFO - services.py - 69 - аккаунт Ирина Третьякова комментирует запись wall-118335380_42842
2024-03-31 21:50:14,166 - INFO - services.py - 77 - аккаунт Ирина Третьякова репостит запись wall-118335380_42842
2024-03-31 21:50:16,591 - INFO - services.py - 83 - аккаунт Ирина Третьякова вступает в группу поста wall-118335380_42842
2024-03-31 21:50:16,794 - INFO - services.py - 96 - ----------КОНЕЦ-РЕПОСТА----------
2024-03-31 21:51:16,802 - INFO - services.py - 69 - аккаунт Ирина Третьякова комментирует запись wall-198782299_211745
2024-03-31 21:51:19,190 - INFO - services.py - 77 - аккаунт Ирина Третьякова репостит запись wall-198782299_211745
2024-03-31 21:51:21,511 - INFO - services.py - 83 - аккаунт Ирина Третьякова вступает в группу поста wall-198782299_211745
2024-03-31 21:51:21,564 - ERROR - services.py - 93 - Ошибка при работе с постом wall-198782299_211745:
[15] Access denied: you are already in this community
2024-03-31 21:51:21,565 - INFO - services.py - 96 - ----------КОНЕЦ-РЕПОСТА----------
2024-03-31 21:52:21,569 - INFO - services.py - 69 - аккаунт Ирина Третьякова комментирует запись wall-27855463_2811639
2024-03-31 21:52:24,145 - INFO - services.py - 77 - аккаунт Ирина Третьякова репостит запись wall-27855463_2811639
2024-03-31 21:52:26,631 - INFO - services.py - 83 - аккаунт Ирина Третьякова вступает в группу поста wall-27855463_2811639
2024-03-31 21:52:26,690 - ERROR - services.py - 93 - Ошибка при работе с постом wall-27855463_2811639:
[15] Access denied: you are already in this community
2024-03-31 21:52:26,690 - INFO - services.py - 96 - ----------КОНЕЦ-РЕПОСТА----------
2024-03-31 21:53:26,689 - INFO - services.py - 69 - аккаунт Ирина Третьякова комментирует запись wall-36047336_124006
2024-03-31 21:53:26,761 - ERROR - services.py - 93 - Ошибка при работе с постом wall-36047336_124006:
[213] Access to status replies denied
2024-03-31 21:53:26,761 - INFO - services.py - 96 - ----------КОНЕЦ-РЕПОСТА----------
2024-03-31 21:53:26,997 - ERROR - dispatcher.py - 219 - Failed to fetch updates - TelegramNetworkError: HTTP Client says - Request timeout error
2024-03-31 21:53:26,997 - WARNING - dispatcher.py - 221 - Sleep for 1.000000 seconds and try again... (tryings = 0, bot id = 6727463369)
2024-03-31 21:53:27,277 - INFO - dispatcher.py - 172 - Update id=56115921 is handled. Duration 12802368 ms by bot id=6727463369
2024-03-31 21:53:38,150 - INFO - dispatcher.py - 233 - Connection established (tryings = 1, bot id = 6727463369)
2024-04-01 00:13:48,155 - ERROR - dispatcher.py - 219 - Failed to fetch updates - TelegramNetworkError: HTTP Client says - Request timeout error
2024-04-01 00:13:48,157 - WARNING - dispatcher.py - 221 - Sleep for 1.000000 seconds and try again... (tryings = 0, bot id = 6727463369)
2024-04-01 00:14:03,376 - ERROR - dispatcher.py - 219 - Failed to fetch updates - TelegramNetworkError: HTTP Client says - ClientConnectorError: Cannot connect to host api.telegram.org:443 ssl:default [Connect call failed ('149.154.167.220', 443)]
2024-04-01 00:14:03,377 - WARNING - dispatcher.py - 221 - Sleep for 1.190948 seconds and try again... (tryings = 1, bot id = 6727463369)
2024-04-01 00:14:18,772 - ERROR - dispatcher.py - 219 - Failed to fetch updates - TelegramNetworkError: HTTP Client says - ClientConnectorError: Cannot connect to host api.telegram.org:443 ssl:default [Connect call failed ('149.154.167.220', 443)]
2024-04-01 00:14:18,774 - WARNING - dispatcher.py - 221 - Sleep for 1.544690 seconds and try again... (tryings = 2, bot id = 6727463369)
2024-04-01 00:14:34,552 - ERROR - dispatcher.py - 219 - Failed to fetch updates - TelegramNetworkError: HTTP Client says - ClientConnectorError: Cannot connect to host api.telegram.org:443 ssl:default [Connect call failed ('149.154.167.220', 443)]
2024-04-01 00:14:34,554 - WARNING - dispatcher.py - 221 - Sleep for 2.019896 seconds and try again... (tryings = 3, bot id = 6727463369)
2024-04-01 00:14:55,672 - ERROR - dispatcher.py - 219 - Failed to fetch updates - TelegramNetworkError: HTTP Client says - ClientConnectorError: Cannot connect to host api.telegram.org:443 ssl:default [Connect call failed ('149.154.167.220', 443)]
2024-04-01 00:14:55,674 - WARNING - dispatcher.py - 221 - Sleep for 2.639179 seconds and try again... (tryings = 4, bot id = 6727463369)
2024-04-01 00:15:17,407 - ERROR - dispatcher.py - 219 - Failed to fetch updates - TelegramNetworkError: HTTP Client says - ClientConnectorError: Cannot connect to host api.telegram.org:443 ssl:default [Connect call failed ('149.154.167.220', 443)]
2024-04-01 00:15:17,408 - WARNING - dispatcher.py - 221 - Sleep for 3.362030 seconds and try again... (tryings = 5, bot id = 6727463369)
2024-04-01 00:15:39,864 - ERROR - dispatcher.py - 219 - Failed to fetch updates - TelegramNetworkError: HTTP Client says - ClientConnectorError: Cannot connect to host api.telegram.org:443 ssl:default [Connect call failed ('149.154.167.220', 443)]
2024-04-01 00:15:39,864 - WARNING - dispatcher.py - 221 - Sleep for 4.312786 seconds and try again... (tryings = 6, bot id = 6727463369)
2024-04-01 00:16:03,275 - ERROR - dispatcher.py - 219 - Failed to fetch updates - TelegramNetworkError: HTTP Client says - ClientConnectorError: Cannot connect to host api.telegram.org:443 ssl:default [Connect call failed ('149.154.167.220', 443)]
2024-04-01 00:16:03,276 - WARNING - dispatcher.py - 221 - Sleep for 5.010675 seconds and try again... (tryings = 7, bot id = 6727463369)
2024-04-01 00:16:27,378 - ERROR - dispatcher.py - 219 - Failed to fetch updates - TelegramNetworkError: HTTP Client says - ClientConnectorError: Cannot connect to host api.telegram.org:443 ssl:default [Connect call failed ('149.154.167.220', 443)]
2024-04-01 00:16:27,378 - WARNING - dispatcher.py - 221 - Sleep for 5.019662 seconds and try again... (tryings = 8, bot id = 6727463369)
2024-04-01 00:16:51,494 - ERROR - dispatcher.py - 219 - Failed to fetch updates - TelegramNetworkError: HTTP Client says - ClientConnectorError: Cannot connect to host api.telegram.org:443 ssl:default [Connect call failed ('149.154.167.220', 443)]
2024-04-01 00:16:51,494 - WARNING - dispatcher.py - 221 - Sleep for 4.978424 seconds and try again... (tryings = 9, bot id = 6727463369)
2024-04-01 00:16:56,480 - ERROR - dispatcher.py - 219 - Failed to fetch updates - TelegramNetworkError: HTTP Client says - ClientConnectorError: Cannot connect to host api.telegram.org:443 ssl:default [nodename nor servname provided, or not known]
2024-04-01 00:16:56,480 - WARNING - dispatcher.py - 221 - Sleep for 5.044853 seconds and try again... (tryings = 10, bot id = 6727463369)
2024-04-01 09:35:37,434 - INFO - dispatcher.py - 527 - Start polling
2024-04-01 09:35:37,481 - INFO - dispatcher.py - 341 - Run polling for bot @GiftWinner_bot id=6727463369 - 'Бот участник в розыгрышах'
2024-04-01 09:35:51,804 - INFO - dispatcher.py - 172 - Update id=56115923 is handled. Duration 6428 ms by bot id=6727463369
2024-04-01 09:35:54,385 - INFO - vk_api.py - 172 - Auth with login: +79998773625
2024-04-01 09:35:54,385 - INFO - vk_api.py - 431 - Checking remixsid...
2024-04-01 09:35:54,502 - INFO - vk_api.py - 444 - remixsid is valid
2024-04-01 09:35:54,502 - INFO - vk_api.py - 389 - Checking security check request
2024-04-01 09:35:55,134 - INFO - vk_api.py - 395 - Security check is not required
2024-04-01 09:35:55,229 - INFO - vk_api.py - 213 - access_token from config is valid
2024-04-01 09:36:55,232 - INFO - services.py - 69 - аккаунт Albina Vladimirovna комментирует запись wall-102718_26185
2024-04-01 09:36:57,537 - INFO - services.py - 77 - аккаунт Albina Vladimirovna репостит запись wall-102718_26185
2024-04-01 09:37:00,009 - INFO - services.py - 83 - аккаунт Albina Vladimirovna вступает в группу поста wall-102718_26185
2024-04-01 09:37:00,321 - INFO - services.py - 96 - ----------КОНЕЦ-РЕПОСТА----------
2024-04-01 09:38:00,324 - INFO - services.py - 69 - аккаунт Albina Vladimirovna комментирует запись wall-183891736_7784
2024-04-01 09:38:02,698 - INFO - services.py - 77 - аккаунт Albina Vladimirovna репостит запись wall-183891736_7784
2024-04-01 09:38:05,061 - INFO - services.py - 83 - аккаунт Albina Vladimirovna вступает в группу поста wall-183891736_7784
2024-04-01 09:38:05,480 - INFO - services.py - 96 - ----------КОНЕЦ-РЕПОСТА----------
2024-04-01 09:39:05,482 - INFO - services.py - 69 - аккаунт Albina Vladimirovna комментирует запись wall-184247623_37906
2024-04-01 09:39:07,757 - INFO - services.py - 77 - аккаунт Albina Vladimirovna репостит запись wall-184247623_37906
2024-04-01 09:39:10,202 - INFO - services.py - 83 - аккаунт Albina Vladimirovna вступает в группу поста wall-184247623_37906
2024-04-01 09:39:10,507 - INFO - services.py - 96 - ----------КОНЕЦ-РЕПОСТА----------
2024-04-01 09:40:10,510 - INFO - services.py - 69 - аккаунт Albina Vladimirovna комментирует запись wall-101210275_220311
2024-04-01 09:40:12,927 - INFO - services.py - 77 - аккаунт Albina Vladimirovna репостит запись wall-101210275_220311
2024-04-01 09:40:15,491 - INFO - services.py - 83 - аккаунт Albina Vladimirovna вступает в группу поста wall-101210275_220311
2024-04-01 09:40:15,551 - ERROR - services.py - 93 - Ошибка при работе с постом wall-101210275_220311:
[15] Access denied: you are already in this community
2024-04-01 09:40:15,551 - INFO - services.py - 96 - ----------КОНЕЦ-РЕПОСТА----------
2024-04-01 09:41:15,554 - INFO - services.py - 69 - аккаунт Albina Vladimirovna комментирует запись wall-88294670_5833
2024-04-01 09:41:17,853 - INFO - services.py - 77 - аккаунт Albina Vladimirovna репостит запись wall-88294670_5833
2024-04-01 09:41:20,411 - INFO - services.py - 83 - аккаунт Albina Vladimirovna вступает в группу поста wall-88294670_5833
2024-04-01 09:41:20,795 - INFO - services.py - 96 - ----------КОНЕЦ-РЕПОСТА----------
2024-04-01 09:42:20,803 - INFO - services.py - 69 - аккаунт Albina Vladimirovna комментирует запись wall-157921718_45377
2024-04-01 09:42:23,161 - INFO - services.py - 77 - аккаунт Albina Vladimirovna репостит запись wall-157921718_45377
2024-04-01 09:42:25,470 - INFO - services.py - 83 - аккаунт Albina Vladimirovna вступает в группу поста wall-157921718_45377
2024-04-01 09:42:25,554 - ERROR - services.py - 93 - Ошибка при работе с постом wall-157921718_45377:
[15] Access denied: you are already in this community
2024-04-01 09:42:25,555 - INFO - services.py - 96 - ----------КОНЕЦ-РЕПОСТА----------
2024-04-01 09:43:25,560 - INFO - services.py - 69 - аккаунт Albina Vladimirovna комментирует запись wall-161555657_40178
2024-04-01 09:43:27,827 - INFO - services.py - 77 - аккаунт Albina Vladimirovna репостит запись wall-161555657_40178
2024-04-01 09:43:30,459 - INFO - services.py - 83 - аккаунт Albina Vladimirovna вступает в группу поста wall-161555657_40178
2024-04-01 09:43:30,511 - ERROR - services.py - 93 - Ошибка при работе с постом wall-161555657_40178:
[15] Access denied: you are already in this community
2024-04-01 09:43:30,511 - INFO - services.py - 96 - ----------КОНЕЦ-РЕПОСТА----------
2024-04-01 09:44:30,518 - INFO - services.py - 69 - аккаунт Albina Vladimirovna комментирует запись wall-99156854_6856
2024-04-01 09:44:33,023 - INFO - services.py - 77 - аккаунт Albina Vladimirovna репостит запись wall-99156854_6856
2024-04-01 09:44:35,368 - INFO - services.py - 83 - аккаунт Albina Vladimirovna вступает в группу поста wall-99156854_6856
2024-04-01 09:44:35,420 - ERROR - services.py - 93 - Ошибка при работе с постом wall-99156854_6856:
[15] Access denied: you are already in this community
2024-04-01 09:44:35,421 - INFO - services.py - 96 - ----------КОНЕЦ-РЕПОСТА----------
2024-04-01 09:45:35,428 - INFO - services.py - 69 - аккаунт Albina Vladimirovna комментирует запись wall-215425316_26544
2024-04-01 09:45:37,845 - INFO - services.py - 77 - аккаунт Albina Vladimirovna репостит запись wall-215425316_26544
2024-04-01 09:45:40,410 - INFO - services.py - 83 - аккаунт Albina Vladimirovna вступает в группу поста wall-215425316_26544
2024-04-01 09:45:40,458 - ERROR - services.py - 93 - Ошибка при работе с постом wall-215425316_26544:
[15] Access denied: you are already in this community
2024-04-01 09:45:40,459 - INFO - services.py - 96 - ----------КОНЕЦ-РЕПОСТА----------
2024-04-01 09:46:40,459 - INFO - services.py - 69 - аккаунт Albina Vladimirovna комментирует запись wall-44934502_30505
2024-04-01 09:46:42,866 - INFO - services.py - 77 - аккаунт Albina Vladimirovna репостит запись wall-44934502_30505
2024-04-01 09:46:45,328 - INFO - services.py - 83 - аккаунт Albina Vladimirovna вступает в группу поста wall-44934502_30505
2024-04-01 09:46:45,545 - INFO - services.py - 96 - ----------КОНЕЦ-РЕПОСТА----------
2024-04-01 09:47:45,547 - INFO - services.py - 69 - аккаунт Albina Vladimirovna комментирует запись wall-222419617_650
2024-04-01 09:47:47,892 - INFO - services.py - 77 - аккаунт Albina Vladimirovna репостит запись wall-222419617_650
2024-04-01 09:47:50,456 - INFO - services.py - 83 - аккаунт Albina Vladimirovna вступает в группу поста wall-222419617_650
2024-04-01 09:47:50,515 - ERROR - services.py - 93 - Ошибка при работе с постом wall-222419617_650:
[15] Access denied: you are already in this community
2024-04-01 09:47:50,515 - INFO - services.py - 96 - ----------КОНЕЦ-РЕПОСТА----------
2024-04-01 09:48:50,522 - INFO - services.py - 69 - аккаунт Albina Vladimirovna комментирует запись wall-217642627_7294
2024-04-01 09:48:52,916 - INFO - services.py - 77 - аккаунт Albina Vladimirovna репостит запись wall-217642627_7294
2024-04-01 09:48:55,483 - INFO - services.py - 83 - аккаунт Albina Vladimirovna вступает в группу поста wall-217642627_7294
2024-04-01 09:48:55,683 - INFO - services.py - 96 - ----------КОНЕЦ-РЕПОСТА----------
2024-04-01 09:49:55,688 - INFO - services.py - 69 - аккаунт Albina Vladimirovna комментирует запись wall-180740900_13296
2024-04-01 09:49:58,145 - INFO - services.py - 77 - аккаунт Albina Vladimirovna репостит запись wall-180740900_13296
2024-04-01 09:50:00,500 - INFO - services.py - 83 - аккаунт Albina Vladimirovna вступает в группу поста wall-180740900_13296
2024-04-01 09:50:00,950 - INFO - services.py - 96 - ----------КОНЕЦ-РЕПОСТА----------
2024-04-01 09:51:00,954 - INFO - services.py - 69 - аккаунт Albina Vladimirovna комментирует запись wall-12344745_18540
2024-04-01 09:51:03,478 - INFO - services.py - 77 - аккаунт Albina Vladimirovna репостит запись wall-12344745_18540
2024-04-01 09:51:05,929 - INFO - services.py - 83 - аккаунт Albina Vladimirovna вступает в группу поста wall-12344745_18540
2024-04-01 09:51:06,381 - INFO - services.py - 96 - ----------КОНЕЦ-РЕПОСТА----------
2024-04-01 09:52:06,381 - INFO - services.py - 69 - аккаунт Albina Vladimirovna комментирует запись wall-60778328_64218
2024-04-01 09:52:08,722 - INFO - services.py - 77 - аккаунт Albina Vladimirovna репостит запись wall-60778328_64218
2024-04-01 09:52:11,161 - INFO - services.py - 83 - аккаунт Albina Vladimirovna вступает в группу поста wall-60778328_64218
2024-04-01 09:52:11,228 - ERROR - services.py - 93 - Ошибка при работе с постом wall-60778328_64218:
[15] Access denied: you are already in this community
2024-04-01 09:52:11,228 - INFO - services.py - 96 - ----------КОНЕЦ-РЕПОСТА----------
2024-04-01 09:53:11,235 - INFO - services.py - 69 - аккаунт Albina Vladimirovna комментирует запись wall-93401202_31225
2024-04-01 09:53:13,493 - INFO - services.py - 77 - аккаунт Albina Vladimirovna репостит запись wall-93401202_31225
2024-04-01 09:53:16,087 - INFO - services.py - 83 - аккаунт Albina Vladimirovna вступает в группу поста wall-93401202_31225
2024-04-01 09:53:16,149 - ERROR - services.py - 93 - Ошибка при работе с постом wall-93401202_31225:
[15] Access denied: you are already in this community
2024-04-01 09:53:16,149 - INFO - services.py - 96 - ----------КОНЕЦ-РЕПОСТА----------
2024-04-01 09:54:16,153 - INFO - services.py - 69 - аккаунт Albina Vladimirovna комментирует запись wall-114482802_11541
2024-04-01 09:54:18,446 - INFO - services.py - 77 - аккаунт Albina Vladimirovna репостит запись wall-114482802_11541
2024-04-01 09:54:20,909 - INFO - services.py - 83 - аккаунт Albina Vladimirovna вступает в группу поста wall-114482802_11541
2024-04-01 09:54:20,974 - ERROR - services.py - 93 - Ошибка при работе с постом wall-114482802_11541:
[15] Access denied: you are already in this community
2024-04-01 09:54:20,974 - INFO - services.py - 96 - ----------КОНЕЦ-РЕПОСТА----------
2024-04-01 09:55:20,980 - INFO - services.py - 69 - аккаунт Albina Vladimirovna комментирует запись wall-118335380_42842
2024-04-01 09:55:23,467 - INFO - services.py - 77 - аккаунт Albina Vladimirovna репостит запись wall-118335380_42842
2024-04-01 09:55:25,807 - INFO - services.py - 83 - аккаунт Albina Vladimirovna вступает в группу поста wall-118335380_42842
2024-04-01 09:55:25,855 - ERROR - services.py - 93 - Ошибка при работе с постом wall-118335380_42842:
[15] Access denied: you are already in this community
2024-04-01 09:55:25,855 - INFO - services.py - 96 - ----------КОНЕЦ-РЕПОСТА----------
2024-04-01 09:56:25,861 - INFO - services.py - 69 - аккаунт Albina Vladimirovna комментирует запись wall-121513634_59149
2024-04-01 09:56:28,275 - INFO - services.py - 77 - аккаунт Albina Vladimirovna репостит запись wall-121513634_59149
2024-04-01 09:56:30,725 - INFO - services.py - 83 - аккаунт Albina Vladimirovna вступает в группу поста wall-121513634_59149
2024-04-01 09:56:31,092 - INFO - services.py - 96 - ----------КОНЕЦ-РЕПОСТА----------
2024-04-01 09:57:31,089 - INFO - services.py - 69 - аккаунт Albina Vladimirovna комментирует запись wall-224518620_57
2024-04-01 09:57:33,519 - INFO - services.py - 77 - аккаунт Albina Vladimirovna репостит запись wall-224518620_57
2024-04-01 09:57:36,174 - INFO - services.py - 83 - аккаунт Albina Vladimirovna вступает в группу поста wall-224518620_57
2024-04-01 09:57:36,627 - INFO - services.py - 96 - ----------КОНЕЦ-РЕПОСТА----------
2024-04-01 09:58:36,625 - INFO - services.py - 69 - аккаунт Albina Vladimirovna комментирует запись wall-212503703_4588
2024-04-01 09:58:38,952 - INFO - services.py - 77 - аккаунт Albina Vladimirovna репостит запись wall-212503703_4588
2024-04-01 09:58:41,516 - INFO - services.py - 83 - аккаунт Albina Vladimirovna вступает в группу поста wall-212503703_4588
2024-04-01 09:58:41,732 - INFO - services.py - 96 - ----------КОНЕЦ-РЕПОСТА----------
2024-04-01 09:59:41,740 - INFO - services.py - 69 - аккаунт Albina Vladimirovna комментирует запись wall-77745866_8903
2024-04-01 09:59:44,183 - INFO - services.py - 77 - аккаунт Albina Vladimirovna репостит запись wall-77745866_8903
2024-04-01 09:59:46,638 - INFO - services.py - 83 - аккаунт Albina Vladimirovna вступает в группу поста wall-77745866_8903
2024-04-01 09:59:46,983 - INFO - services.py - 96 - ----------КОНЕЦ-РЕПОСТА----------
2024-04-01 10:00:46,987 - INFO - services.py - 69 - аккаунт Albina Vladimirovna комментирует запись wall-52403_21310
2024-04-01 10:00:49,411 - INFO - services.py - 77 - аккаунт Albina Vladimirovna репостит запись wall-52403_21310
2024-04-01 10:00:51,864 - INFO - services.py - 83 - аккаунт Albina Vladimirovna вступает в группу поста wall-52403_21310
2024-04-01 10:00:52,058 - INFO - services.py - 96 - ----------КОНЕЦ-РЕПОСТА----------
2024-04-01 10:01:52,046 - INFO - services.py - 69 - аккаунт Albina Vladimirovna комментирует запись wall-177401050_15690
2024-04-01 10:01:54,363 - INFO - services.py - 77 - аккаунт Albina Vladimirovna репостит запись wall-177401050_15690
2024-04-01 10:01:56,982 - INFO - services.py - 83 - аккаунт Albina Vladimirovna вступает в группу поста wall-177401050_15690
2024-04-01 10:01:57,454 - INFO - services.py - 96 - ----------КОНЕЦ-РЕПОСТА----------
2024-04-01 10:02:57,459 - INFO - services.py - 69 - аккаунт Albina Vladimirovna комментирует запись wall-224307130_1759
2024-04-01 10:02:57,510 - ERROR - services.py - 93 - Ошибка при работе с постом wall-224307130_1759:
[213] Access to status replies denied: replies disabled
2024-04-01 10:02:57,511 - INFO - services.py - 96 - ----------КОНЕЦ-РЕПОСТА----------
2024-04-01 10:03:57,518 - INFO - services.py - 69 - аккаунт Albina Vladimirovna комментирует запись wall-114389229_139550
2024-04-01 10:03:59,805 - INFO - services.py - 77 - аккаунт Albina Vladimirovna репостит запись wall-114389229_139550
2024-04-01 10:04:02,306 - INFO - services.py - 83 - аккаунт Albina Vladimirovna вступает в группу поста wall-114389229_139550
2024-04-01 10:04:02,350 - ERROR - services.py - 93 - Ошибка при работе с постом wall-114389229_139550:
[15] Access denied: you are already in this community
2024-04-01 10:04:02,350 - INFO - services.py - 96 - ----------КОНЕЦ-РЕПОСТА----------
2024-04-01 10:05:02,354 - INFO - services.py - 69 - аккаунт Albina Vladimirovna комментирует запись wall-112722585_3942809
2024-04-01 10:05:04,779 - INFO - services.py - 77 - аккаунт Albina Vladimirovna репостит запись wall-112722585_3942809
2024-04-01 10:05:07,189 - INFO - services.py - 83 - аккаунт Albina Vladimirovna вступает в группу поста wall-112722585_3942809
2024-04-01 10:05:07,408 - INFO - services.py - 96 - ----------КОНЕЦ-РЕПОСТА----------
2024-04-01 10:06:07,411 - INFO - services.py - 69 - аккаунт Albina Vladimirovna комментирует запись wall-147060912_39920
2024-04-01 10:06:09,811 - INFO - services.py - 77 - аккаунт Albina Vladimirovna репостит запись wall-147060912_39920
2024-04-01 10:06:12,252 - INFO - services.py - 83 - аккаунт Albina Vladimirovna вступает в группу поста wall-147060912_39920
2024-04-01 10:06:12,488 - INFO - services.py - 96 - ----------КОНЕЦ-РЕПОСТА----------
2024-04-01 10:07:12,491 - INFO - services.py - 69 - аккаунт Albina Vladimirovna комментирует запись wall-204006567_44869
2024-04-01 10:07:14,753 - INFO - services.py - 77 - аккаунт Albina Vladimirovna репостит запись wall-204006567_44869
2024-04-01 10:07:17,183 - INFO - services.py - 83 - аккаунт Albina Vladimirovna вступает в группу поста wall-204006567_44869
2024-04-01 10:07:17,230 - ERROR - services.py - 93 - Ошибка при работе с постом wall-204006567_44869:
[15] Access denied: you are already in this community
2024-04-01 10:07:17,230 - INFO - services.py - 96 - ----------КОНЕЦ-РЕПОСТА----------
2024-04-01 10:08:17,233 - INFO - services.py - 69 - аккаунт Albina Vladimirovna комментирует запись wall-80495001_307600
2024-04-01 10:08:17,289 - ERROR - services.py - 93 - Ошибка при работе с постом wall-80495001_307600:
[213] Access to status replies denied: replies disabled
2024-04-01 10:08:17,290 - INFO - services.py - 96 - ----------КОНЕЦ-РЕПОСТА----------
2024-04-01 10:09:17,295 - INFO - services.py - 69 - аккаунт Albina Vladimirovna комментирует запись wall-30412346_162510
2024-04-01 10:09:19,682 - INFO - services.py - 77 - аккаунт Albina Vladimirovna репостит запись wall-30412346_162510
2024-04-01 10:09:22,081 - INFO - services.py - 83 - аккаунт Albina Vladimirovna вступает в группу поста wall-30412346_162510
2024-04-01 10:09:22,449 - INFO - services.py - 96 - ----------КОНЕЦ-РЕПОСТА----------
2024-04-01 10:10:22,456 - INFO - services.py - 69 - аккаунт Albina Vladimirovna комментирует запись wall-49736037_4870
2024-04-01 10:10:24,871 - INFO - services.py - 77 - аккаунт Albina Vladimirovna репостит запись wall-49736037_4870
2024-04-01 10:10:27,498 - INFO - services.py - 83 - аккаунт Albina Vladimirovna вступает в группу поста wall-49736037_4870
2024-04-01 10:10:27,708 - INFO - services.py - 96 - ----------КОНЕЦ-РЕПОСТА----------
2024-04-01 10:11:27,713 - INFO - services.py - 69 - аккаунт Albina Vladimirovna комментирует запись wall-31769636_2915103
2024-04-01 10:11:30,611 - INFO - services.py - 77 - аккаунт Albina Vladimirovna репостит запись wall-31769636_2915103
2024-04-01 10:11:32,928 - INFO - services.py - 83 - аккаунт Albina Vladimirovna вступает в группу поста wall-31769636_2915103
2024-04-01 10:11:33,124 - INFO - services.py - 96 - ----------КОНЕЦ-РЕПОСТА----------
2024-04-01 10:12:33,128 - INFO - services.py - 69 - аккаунт Albina Vladimirovna комментирует запись wall-79525017_3284747
2024-04-01 10:12:35,454 - INFO - services.py - 77 - аккаунт Albina Vladimirovna репостит запись wall-79525017_3284747
2024-04-01 10:12:37,888 - INFO - services.py - 83 - аккаунт Albina Vladimirovna вступает в группу поста wall-79525017_3284747
2024-04-01 10:12:37,950 - ERROR - services.py - 93 - Ошибка при работе с постом wall-79525017_3284747:
[15] Access denied: you are already in this community
2024-04-01 10:12:37,950 - INFO - services.py - 96 - ----------КОНЕЦ-РЕПОСТА----------
2024-04-01 10:12:37,952 - INFO - vk_api.py - 172 - Auth with login: +79998643099
2024-04-01 10:12:37,953 - INFO - vk_api.py - 431 - Checking remixsid...
2024-04-01 10:12:38,420 - INFO - vk_api.py - 444 - remixsid is valid
2024-04-01 10:12:38,420 - INFO - vk_api.py - 389 - Checking security check request
2024-04-01 10:12:39,078 - INFO - vk_api.py - 395 - Security check is not required
2024-04-01 10:12:39,202 - INFO - vk_api.py - 213 - access_token from config is valid
2024-04-01 10:13:39,200 - INFO - services.py - 69 - аккаунт София Богданова комментирует запись wall-102718_26185
2024-04-01 10:13:41,797 - INFO - services.py - 77 - аккаунт София Богданова репостит запись wall-102718_26185
2024-04-01 10:13:43,990 - INFO - services.py - 83 - аккаунт София Богданова вступает в группу поста wall-102718_26185
2024-04-01 10:13:44,216 - INFO - services.py - 96 - ----------КОНЕЦ-РЕПОСТА----------
2024-04-01 10:14:44,223 - INFO - services.py - 69 - аккаунт София Богданова комментирует запись wall-183891736_7784
2024-04-01 10:14:46,459 - INFO - services.py - 77 - аккаунт София Богданова репостит запись wall-183891736_7784
2024-04-01 10:14:48,856 - INFO - services.py - 83 - аккаунт София Богданова вступает в группу поста wall-183891736_7784
2024-04-01 10:14:49,092 - INFO - services.py - 96 - ----------КОНЕЦ-РЕПОСТА----------
2024-04-01 10:15:49,099 - INFO - services.py - 69 - аккаунт София Богданова комментирует запись wall-184247623_37906
2024-04-01 10:15:51,369 - INFO - services.py - 77 - аккаунт София Богданова репостит запись wall-184247623_37906
2024-04-01 10:15:53,724 - INFO - services.py - 83 - аккаунт София Богданова вступает в группу поста wall-184247623_37906
2024-04-01 10:15:53,940 - INFO - services.py - 96 - ----------КОНЕЦ-РЕПОСТА----------
2024-04-01 10:16:53,946 - INFO - services.py - 69 - аккаунт София Богданова комментирует запись wall-101210275_220311
2024-04-01 10:16:56,346 - INFO - services.py - 77 - аккаунт София Богданова репостит запись wall-101210275_220311
2024-04-01 10:16:58,692 - INFO - services.py - 83 - аккаунт София Богданова вступает в группу поста wall-101210275_220311
2024-04-01 10:16:58,757 - ERROR - services.py - 93 - Ошибка при работе с постом wall-101210275_220311:
[15] Access denied: you are already in this community
2024-04-01 10:16:58,757 - INFO - services.py - 96 - ----------КОНЕЦ-РЕПОСТА----------
2024-04-01 10:17:58,759 - INFO - services.py - 69 - аккаунт София Богданова комментирует запись wall-88294670_5833
2024-04-01 10:18:01,369 - INFO - services.py - 77 - аккаунт София Богданова репостит запись wall-88294670_5833
2024-04-01 10:18:03,772 - INFO - services.py - 83 - аккаунт София Богданова вступает в группу поста wall-88294670_5833
2024-04-01 10:18:04,167 - INFO - services.py - 96 - ----------КОНЕЦ-РЕПОСТА----------
2024-04-01 10:19:04,174 - INFO - services.py - 69 - аккаунт София Богданова комментирует запись wall-157921718_45377
2024-04-01 10:19:06,586 - INFO - services.py - 77 - аккаунт София Богданова репостит запись wall-157921718_45377
2024-04-01 10:19:08,938 - INFO - services.py - 83 - аккаунт София Богданова вступает в группу поста wall-157921718_45377
2024-04-01 10:19:09,004 - ERROR - services.py - 93 - Ошибка при работе с постом wall-157921718_45377:
[15] Access denied: you are already in this community
2024-04-01 10:19:09,004 - INFO - services.py - 96 - ----------КОНЕЦ-РЕПОСТА----------
2024-04-01 10:20:09,011 - INFO - services.py - 69 - аккаунт София Богданова комментирует запись wall-161555657_40178
2024-04-01 10:20:11,349 - INFO - services.py - 77 - аккаунт София Богданова репостит запись wall-161555657_40178
2024-04-01 10:20:13,873 - INFO - services.py - 83 - аккаунт София Богданова вступает в группу поста wall-161555657_40178
2024-04-01 10:20:13,916 - ERROR - services.py - 93 - Ошибка при работе с постом wall-161555657_40178:
[15] Access denied: you are already in this community
2024-04-01 10:20:13,916 - INFO - services.py - 96 - ----------КОНЕЦ-РЕПОСТА----------
2024-04-01 10:21:13,923 - INFO - services.py - 69 - аккаунт София Богданова комментирует запись wall-99156854_6856
2024-04-01 10:21:16,256 - INFO - services.py - 77 - аккаунт София Богданова репостит запись wall-99156854_6856
2024-04-01 10:21:18,706 - INFO - services.py - 83 - аккаунт София Богданова вступает в группу поста wall-99156854_6856
2024-04-01 10:21:18,876 - ERROR - services.py - 93 - Ошибка при работе с постом wall-99156854_6856:
[15] Access denied: you are already in this community
2024-04-01 10:21:18,876 - INFO - services.py - 96 - ----------КОНЕЦ-РЕПОСТА----------
2024-04-01 10:22:18,883 - INFO - services.py - 69 - аккаунт София Богданова комментирует запись wall-215425316_26544
2024-04-01 10:22:21,255 - INFO - services.py - 77 - аккаунт София Богданова репостит запись wall-215425316_26544
2024-04-01 10:22:23,606 - INFO - services.py - 83 - аккаунт София Богданова вступает в группу поста wall-215425316_26544
2024-04-01 10:22:23,686 - ERROR - services.py - 93 - Ошибка при работе с постом wall-215425316_26544:
[15] Access denied: you are already in this community
2024-04-01 10:22:23,686 - INFO - services.py - 96 - ----------КОНЕЦ-РЕПОСТА----------
2024-04-01 10:23:23,693 - INFO - services.py - 69 - аккаунт София Богданова комментирует запись wall-44934502_30505
2024-04-01 10:23:26,178 - INFO - services.py - 77 - аккаунт София Богданова репостит запись wall-44934502_30505
2024-04-01 10:23:28,461 - INFO - services.py - 83 - аккаунт София Богданова вступает в группу поста wall-44934502_30505
2024-04-01 10:23:28,779 - INFO - services.py - 96 - ----------КОНЕЦ-РЕПОСТА----------
2024-04-01 10:24:28,786 - INFO - services.py - 69 - аккаунт София Богданова комментирует запись wall-222419617_650
2024-04-01 10:24:31,293 - INFO - services.py - 77 - аккаунт София Богданова репостит запись wall-222419617_650
2024-04-01 10:24:33,667 - INFO - services.py - 83 - аккаунт София Богданова вступает в группу поста wall-222419617_650
2024-04-01 10:24:33,722 - ERROR - services.py - 93 - Ошибка при работе с постом wall-222419617_650:
[15] Access denied: you are already in this community
2024-04-01 10:24:33,722 - INFO - services.py - 96 - ----------КОНЕЦ-РЕПОСТА----------
2024-04-01 10:25:33,729 - INFO - services.py - 69 - аккаунт София Богданова комментирует запись wall-217642627_7294
2024-04-01 10:25:36,115 - INFO - services.py - 77 - аккаунт София Богданова репостит запись wall-217642627_7294
2024-04-01 10:25:38,466 - INFO - services.py - 83 - аккаунт София Богданова вступает в группу поста wall-217642627_7294
2024-04-01 10:25:38,675 - INFO - services.py - 96 - ----------КОНЕЦ-РЕПОСТА----------
2024-04-01 10:26:38,681 - INFO - services.py - 69 - аккаунт София Богданова комментирует запись wall-180740900_13296
2024-04-01 10:26:41,165 - INFO - services.py - 77 - аккаунт София Богданова репостит запись wall-180740900_13296
2024-04-01 10:26:43,503 - INFO - services.py - 83 - аккаунт София Богданова вступает в группу поста wall-180740900_13296
2024-04-01 10:26:43,664 - INFO - services.py - 96 - ----------КОНЕЦ-РЕПОСТА----------
2024-04-01 10:27:43,665 - INFO - services.py - 69 - аккаунт София Богданова комментирует запись wall-12344745_18540
2024-04-01 10:27:46,168 - INFO - services.py - 77 - аккаунт София Богданова репостит запись wall-12344745_18540
2024-04-01 10:27:48,630 - INFO - services.py - 83 - аккаунт София Богданова вступает в группу поста wall-12344745_18540
2024-04-01 10:27:49,276 - INFO - services.py - 96 - ----------КОНЕЦ-РЕПОСТА----------
2024-04-01 10:28:49,284 - INFO - services.py - 69 - аккаунт София Богданова комментирует запись wall-60778328_64218
2024-04-01 10:28:51,620 - INFO - services.py - 77 - аккаунт София Богданова репостит запись wall-60778328_64218
2024-04-01 10:28:53,857 - INFO - services.py - 83 - аккаунт София Богданова вступает в группу поста wall-60778328_64218
2024-04-01 10:28:53,962 - ERROR - services.py - 93 - Ошибка при работе с постом wall-60778328_64218:
[15] Access denied: you are already in this community
2024-04-01 10:28:53,962 - INFO - services.py - 96 - ----------КОНЕЦ-РЕПОСТА----------
2024-04-01 10:29:53,966 - INFO - services.py - 69 - аккаунт София Богданова комментирует запись wall-93401202_31225
2024-04-01 10:29:56,315 - INFO - services.py - 77 - аккаунт София Богданова репостит запись wall-93401202_31225
2024-04-01 10:29:58,698 - INFO - services.py - 83 - аккаунт София Богданова вступает в группу поста wall-93401202_31225
2024-04-01 10:29:58,739 - ERROR - services.py - 93 - Ошибка при работе с постом wall-93401202_31225:
[15] Access denied: you are already in this community
2024-04-01 10:29:58,739 - INFO - services.py - 96 - ----------КОНЕЦ-РЕПОСТА----------
2024-04-01 10:30:58,745 - INFO - services.py - 69 - аккаунт София Богданова комментирует запись wall-114482802_11541
2024-04-01 10:31:00,972 - INFO - services.py - 77 - аккаунт София Богданова репостит запись wall-114482802_11541
2024-04-01 10:31:03,388 - INFO - services.py - 83 - аккаунт София Богданова вступает в группу поста wall-114482802_11541
2024-04-01 10:31:03,466 - ERROR - services.py - 93 - Ошибка при работе с постом wall-114482802_11541:
[15] Access denied: you are already in this community
2024-04-01 10:31:03,466 - INFO - services.py - 96 - ----------КОНЕЦ-РЕПОСТА----------
2024-04-01 10:32:03,467 - INFO - services.py - 69 - аккаунт София Богданова комментирует запись wall-118335380_42842
2024-04-01 10:32:05,855 - INFO - services.py - 77 - аккаунт София Богданова репостит запись wall-118335380_42842
2024-04-01 10:32:08,310 - INFO - services.py - 83 - аккаунт София Богданова вступает в группу поста wall-118335380_42842
2024-04-01 10:32:08,387 - ERROR - services.py - 93 - Ошибка при работе с постом wall-118335380_42842:
[15] Access denied: you are already in this community
2024-04-01 10:32:08,388 - INFO - services.py - 96 - ----------КОНЕЦ-РЕПОСТА----------
2024-04-01 10:33:08,395 - INFO - services.py - 69 - аккаунт София Богданова комментирует запись wall-121513634_59149
2024-04-01 10:33:11,014 - INFO - services.py - 77 - аккаунт София Богданова репостит запись wall-121513634_59149
2024-04-01 10:33:13,430 - INFO - services.py - 83 - аккаунт София Богданова вступает в группу поста wall-121513634_59149
2024-04-01 10:33:13,645 - INFO - services.py - 96 - ----------КОНЕЦ-РЕПОСТА----------
2024-04-01 10:34:13,647 - INFO - services.py - 69 - аккаунт София Богданова комментирует запись wall-224518620_57
2024-04-01 10:34:16,009 - INFO - services.py - 77 - аккаунт София Богданова репостит запись wall-224518620_57
2024-04-01 10:34:18,667 - INFO - services.py - 83 - аккаунт София Богданова вступает в группу поста wall-224518620_57
2024-04-01 10:34:18,879 - INFO - services.py - 96 - ----------КОНЕЦ-РЕПОСТА----------
2024-04-01 10:35:18,879 - INFO - services.py - 69 - аккаунт София Богданова комментирует запись wall-212503703_4588
2024-04-01 10:35:21,335 - INFO - services.py - 77 - аккаунт София Богданова репостит запись wall-212503703_4588
2024-04-01 10:35:23,686 - INFO - services.py - 83 - аккаунт София Богданова вступает в группу поста wall-212503703_4588
2024-04-01 10:35:24,033 - INFO - services.py - 96 - ----------КОНЕЦ-РЕПОСТА----------
2024-04-01 10:36:24,038 - INFO - services.py - 69 - аккаунт София Богданова комментирует запись wall-77745866_8903
2024-04-01 10:36:26,561 - INFO - services.py - 77 - аккаунт София Богданова репостит запись wall-77745866_8903
2024-04-01 10:36:28,899 - INFO - services.py - 83 - аккаунт София Богданова вступает в группу поста wall-77745866_8903
2024-04-01 10:36:29,129 - INFO - services.py - 96 - ----------КОНЕЦ-РЕПОСТА----------
2024-04-01 10:37:29,135 - INFO - services.py - 69 - аккаунт София Богданова комментирует запись wall-52403_21310
2024-04-01 10:37:31,477 - INFO - services.py - 77 - аккаунт София Богданова репостит запись wall-52403_21310
2024-04-01 10:37:33,940 - INFO - services.py - 83 - аккаунт София Богданова вступает в группу поста wall-52403_21310
2024-04-01 10:37:34,167 - INFO - services.py - 96 - ----------КОНЕЦ-РЕПОСТА----------
2024-04-01 10:38:34,166 - INFO - services.py - 69 - аккаунт София Богданова комментирует запись wall-177401050_15690
2024-04-01 10:38:36,705 - INFO - services.py - 77 - аккаунт София Богданова репостит запись wall-177401050_15690
2024-04-01 10:38:39,265 - INFO - services.py - 83 - аккаунт София Богданова вступает в группу поста wall-177401050_15690
2024-04-01 10:38:39,620 - INFO - services.py - 96 - ----------КОНЕЦ-РЕПОСТА----------
2024-04-01 10:39:39,623 - INFO - services.py - 69 - аккаунт София Богданова комментирует запись wall-224307130_1759
2024-04-01 10:39:39,677 - ERROR - services.py - 93 - Ошибка при работе с постом wall-224307130_1759:
[213] Access to status replies denied: replies disabled
2024-04-01 10:39:39,677 - INFO - services.py - 96 - ----------КОНЕЦ-РЕПОСТА----------
2024-04-01 10:40:39,677 - INFO - services.py - 69 - аккаунт София Богданова комментирует запись wall-114389229_139550
2024-04-01 10:40:41,957 - INFO - services.py - 77 - аккаунт София Богданова репостит запись wall-114389229_139550
2024-04-01 10:40:44,294 - INFO - services.py - 83 - аккаунт София Богданова вступает в группу поста wall-114389229_139550
2024-04-01 10:40:44,342 - ERROR - services.py - 93 - Ошибка при работе с постом wall-114389229_139550:
[15] Access denied: you are already in this community
2024-04-01 10:40:44,343 - INFO - services.py - 96 - ----------КОНЕЦ-РЕПОСТА----------
2024-04-01 10:41:44,345 - INFO - services.py - 69 - аккаунт София Богданова комментирует запись wall-112722585_3942809
2024-04-01 10:41:46,759 - INFO - services.py - 77 - аккаунт София Богданова репостит запись wall-112722585_3942809
2024-04-01 10:41:49,007 - INFO - services.py - 83 - аккаунт София Богданова вступает в группу поста wall-112722585_3942809
2024-04-01 10:41:49,229 - INFO - services.py - 96 - ----------КОНЕЦ-РЕПОСТА----------
2024-04-01 10:42:49,231 - INFO - services.py - 69 - аккаунт София Богданова комментирует запись wall-147060912_39920
2024-04-01 10:42:51,679 - INFO - services.py - 77 - аккаунт София Богданова репостит запись wall-147060912_39920
2024-04-01 10:42:54,039 - INFO - services.py - 83 - аккаунт София Богданова вступает в группу поста wall-147060912_39920
2024-04-01 10:42:54,387 - INFO - services.py - 96 - ----------КОНЕЦ-РЕПОСТА----------
2024-04-01 10:43:54,389 - INFO - services.py - 69 - аккаунт София Богданова комментирует запись wall-204006567_44869
2024-04-01 10:43:56,806 - INFO - services.py - 77 - аккаунт София Богданова репостит запись wall-204006567_44869
2024-04-01 10:43:59,161 - INFO - services.py - 83 - аккаунт София Богданова вступает в группу поста wall-204006567_44869
2024-04-01 10:43:59,198 - ERROR - services.py - 93 - Ошибка при работе с постом wall-204006567_44869:
[15] Access denied: you are already in this community
2024-04-01 10:43:59,199 - INFO - services.py - 96 - ----------КОНЕЦ-РЕПОСТА----------
2024-04-01 10:44:59,201 - INFO - services.py - 69 - аккаунт София Богданова комментирует запись wall-80495001_307600
2024-04-01 10:44:59,249 - ERROR - services.py - 93 - Ошибка при работе с постом wall-80495001_307600:
[213] Access to status replies denied: replies disabled
2024-04-01 10:44:59,249 - INFO - services.py - 96 - ----------КОНЕЦ-РЕПОСТА----------
2024-04-01 10:45:59,248 - INFO - services.py - 69 - аккаунт София Богданова комментирует запись wall-30412346_162510
2024-04-01 10:46:01,639 - INFO - services.py - 77 - аккаунт София Богданова репостит запись wall-30412346_162510
2024-04-01 10:46:03,983 - INFO - services.py - 83 - аккаунт София Богданова вступает в группу поста wall-30412346_162510
2024-04-01 10:46:04,271 - INFO - services.py - 96 - ----------КОНЕЦ-РЕПОСТА----------
2024-04-01 10:47:04,278 - INFO - services.py - 69 - аккаунт София Богданова комментирует запись wall-49736037_4870
2024-04-01 10:47:06,763 - INFO - services.py - 77 - аккаунт София Богданова репостит запись wall-49736037_4870
2024-04-01 10:47:09,217 - INFO - services.py - 83 - аккаунт София Богданова вступает в группу поста wall-49736037_4870
2024-04-01 10:47:09,439 - INFO - services.py - 96 - ----------КОНЕЦ-РЕПОСТА----------
2024-04-01 10:48:09,438 - INFO - services.py - 69 - аккаунт София Богданова комментирует запись wall-31769636_2915103
2024-04-01 10:48:11,887 - INFO - services.py - 77 - аккаунт София Богданова репостит запись wall-31769636_2915103
2024-04-01 10:48:14,112 - INFO - services.py - 83 - аккаунт София Богданова вступает в группу поста wall-31769636_2915103
2024-04-01 10:48:14,298 - INFO - services.py - 96 - ----------КОНЕЦ-РЕПОСТА----------
2024-04-01 10:49:14,306 - INFO - services.py - 69 - аккаунт София Богданова комментирует запись wall-79525017_3284747
2024-04-01 10:49:16,706 - INFO - services.py - 77 - аккаунт София Богданова репостит запись wall-79525017_3284747
2024-04-01 10:49:19,052 - INFO - services.py - 83 - аккаунт София Богданова вступает в группу поста wall-79525017_3284747
2024-04-01 10:49:19,101 - ERROR - services.py - 93 - Ошибка при работе с постом wall-79525017_3284747:
[15] Access denied: you are already in this community
2024-04-01 10:49:19,101 - INFO - services.py - 96 - ----------КОНЕЦ-РЕПОСТА----------
2024-04-01 10:49:19,103 - INFO - vk_api.py - 172 - Auth with login: 79995663379
2024-04-01 10:49:19,103 - INFO - vk_api.py - 431 - Checking remixsid...
2024-04-01 10:49:19,103 - INFO - vk_api.py - 434 - No remixsid
2024-04-01 10:49:19,103 - INFO - vk_api.py - 202 - remixsid from config is not valid: None
2024-04-01 10:49:19,104 - INFO - vk_api.py - 242 - Logging in...
2024-04-01 10:49:19,416 - INFO - vk_api.py - 295 - Captcha code is required
2024-04-01 10:49:19,416 - INFO - vk_api.py - 172 - Auth with login: 79995663379
2024-04-01 10:49:19,416 - INFO - vk_api.py - 431 - Checking remixsid...
2024-04-01 10:49:19,416 - INFO - vk_api.py - 434 - No remixsid
2024-04-01 10:49:19,416 - INFO - vk_api.py - 202 - remixsid from config is not valid: None
2024-04-01 10:49:19,416 - INFO - vk_api.py - 242 - Logging in...
2024-04-01 10:49:19,705 - INFO - vk_api.py - 295 - Captcha code is required
2024-04-01 10:49:19,706 - ERROR - services.py - 57 - Ошибка при входе в аккаунт 79995663379 --- 
Captcha needed
2024-04-01 10:49:19,706 - INFO - vk_api.py - 172 - Auth with login: 79965964829
2024-04-01 10:49:19,707 - INFO - vk_api.py - 431 - Checking remixsid...
2024-04-01 10:49:19,707 - INFO - vk_api.py - 434 - No remixsid
2024-04-01 10:49:19,707 - INFO - vk_api.py - 202 - remixsid from config is not valid: None
2024-04-01 10:49:19,707 - INFO - vk_api.py - 242 - Logging in...
2024-04-01 10:49:20,041 - INFO - vk_api.py - 172 - Auth with login: 79965964829
2024-04-01 10:49:20,041 - INFO - vk_api.py - 431 - Checking remixsid...
2024-04-01 10:49:20,042 - INFO - vk_api.py - 434 - No remixsid
2024-04-01 10:49:20,042 - INFO - vk_api.py - 202 - remixsid from config is not valid: None
2024-04-01 10:49:20,042 - INFO - vk_api.py - 242 - Logging in...
2024-04-01 10:49:20,320 - INFO - vk_api.py - 295 - Captcha code is required
2024-04-01 10:49:20,320 - ERROR - services.py - 57 - Ошибка при входе в аккаунт 79965964829 --- 
Captcha needed
2024-04-01 10:49:20,321 - INFO - vk_api.py - 172 - Auth with login: 79893436905
2024-04-01 10:49:20,321 - INFO - vk_api.py - 431 - Checking remixsid...
2024-04-01 10:49:20,429 - INFO - vk_api.py - 444 - remixsid is valid
2024-04-01 10:49:20,429 - INFO - vk_api.py - 389 - Checking security check request
2024-04-01 10:49:21,035 - INFO - vk_api.py - 395 - Security check is not required
2024-04-01 10:49:21,129 - INFO - vk_api.py - 213 - access_token from config is valid
2024-04-01 10:50:21,127 - INFO - services.py - 69 - аккаунт Ирина Третьякова комментирует запись wall-102718_26185
2024-04-01 10:50:23,371 - INFO - services.py - 77 - аккаунт Ирина Третьякова репостит запись wall-102718_26185
2024-04-01 10:50:25,715 - INFO - services.py - 83 - аккаунт Ирина Третьякова вступает в группу поста wall-102718_26185
2024-04-01 10:50:25,914 - INFO - services.py - 96 - ----------КОНЕЦ-РЕПОСТА----------
2024-04-01 10:51:25,919 - INFO - services.py - 69 - аккаунт Ирина Третьякова комментирует запись wall-183891736_7784
2024-04-01 10:51:28,292 - INFO - services.py - 77 - аккаунт Ирина Третьякова репостит запись wall-183891736_7784
2024-04-01 10:51:30,645 - INFO - services.py - 83 - аккаунт Ирина Третьякова вступает в группу поста wall-183891736_7784
2024-04-01 10:51:30,841 - INFO - services.py - 96 - ----------КОНЕЦ-РЕПОСТА----------
2024-04-01 10:52:30,848 - INFO - services.py - 69 - аккаунт Ирина Третьякова комментирует запись wall-184247623_37906
2024-04-01 10:52:33,201 - INFO - services.py - 77 - аккаунт Ирина Третьякова репостит запись wall-184247623_37906
2024-04-01 10:52:35,576 - INFO - services.py - 83 - аккаунт Ирина Третьякова вступает в группу поста wall-184247623_37906
2024-04-01 10:52:35,768 - INFO - services.py - 96 - ----------КОНЕЦ-РЕПОСТА----------
2024-04-01 10:53:35,770 - INFO - services.py - 69 - аккаунт Ирина Третьякова комментирует запись wall-101210275_220311
2024-04-01 10:53:38,175 - INFO - services.py - 77 - аккаунт Ирина Третьякова репостит запись wall-101210275_220311
2024-04-01 10:53:40,489 - INFO - services.py - 83 - аккаунт Ирина Третьякова вступает в группу поста wall-101210275_220311
2024-04-01 10:53:40,707 - INFO - services.py - 96 - ----------КОНЕЦ-РЕПОСТА----------
2024-04-01 10:54:40,709 - INFO - services.py - 69 - аккаунт Ирина Третьякова комментирует запись wall-88294670_5833
2024-04-01 10:54:43,061 - INFO - services.py - 77 - аккаунт Ирина Третьякова репостит запись wall-88294670_5833
2024-04-01 10:54:45,471 - INFO - services.py - 83 - аккаунт Ирина Третьякова вступает в группу поста wall-88294670_5833
2024-04-01 10:54:45,765 - INFO - services.py - 96 - ----------КОНЕЦ-РЕПОСТА----------
2024-04-01 10:55:45,772 - INFO - services.py - 69 - аккаунт Ирина Третьякова комментирует запись wall-157921718_45377
2024-04-01 10:55:48,208 - INFO - services.py - 77 - аккаунт Ирина Третьякова репостит запись wall-157921718_45377
2024-04-01 10:55:50,480 - INFO - services.py - 83 - аккаунт Ирина Третьякова вступает в группу поста wall-157921718_45377
2024-04-01 10:55:50,535 - ERROR - services.py - 93 - Ошибка при работе с постом wall-157921718_45377:
[15] Access denied: you are already in this community
2024-04-01 10:55:50,536 - INFO - services.py - 96 - ----------КОНЕЦ-РЕПОСТА----------
2024-04-01 10:56:50,543 - INFO - services.py - 69 - аккаунт Ирина Третьякова комментирует запись wall-161555657_40178
2024-04-01 10:56:52,848 - INFO - services.py - 77 - аккаунт Ирина Третьякова репостит запись wall-161555657_40178
2024-04-01 10:56:55,217 - INFO - services.py - 83 - аккаунт Ирина Третьякова вступает в группу поста wall-161555657_40178
2024-04-01 10:56:55,390 - ERROR - services.py - 93 - Ошибка при работе с постом wall-161555657_40178:
[15] Access denied: you are already in this community
2024-04-01 10:56:55,390 - INFO - services.py - 96 - ----------КОНЕЦ-РЕПОСТА----------
2024-04-01 10:57:55,396 - INFO - services.py - 69 - аккаунт Ирина Третьякова комментирует запись wall-99156854_6856
2024-04-01 10:57:57,915 - INFO - services.py - 77 - аккаунт Ирина Третьякова репостит запись wall-99156854_6856
2024-04-01 10:58:00,276 - INFO - services.py - 83 - аккаунт Ирина Третьякова вступает в группу поста wall-99156854_6856
2024-04-01 10:58:00,619 - INFO - services.py - 96 - ----------КОНЕЦ-РЕПОСТА----------
2024-04-01 10:59:00,637 - INFO - services.py - 69 - аккаунт Ирина Третьякова комментирует запись wall-215425316_26544
2024-04-01 10:59:02,931 - INFO - services.py - 77 - аккаунт Ирина Третьякова репостит запись wall-215425316_26544
2024-04-01 10:59:05,302 - INFO - services.py - 83 - аккаунт Ирина Третьякова вступает в группу поста wall-215425316_26544
2024-04-01 10:59:05,472 - ERROR - services.py - 93 - Ошибка при работе с постом wall-215425316_26544:
[15] Access denied: you are already in this community
2024-04-01 10:59:05,473 - INFO - services.py - 96 - ----------КОНЕЦ-РЕПОСТА----------
2024-04-01 11:00:05,479 - INFO - services.py - 69 - аккаунт Ирина Третьякова комментирует запись wall-44934502_30505
2024-04-01 11:00:08,079 - INFO - services.py - 77 - аккаунт Ирина Третьякова репостит запись wall-44934502_30505
2024-04-01 11:00:10,536 - INFO - services.py - 83 - аккаунт Ирина Третьякова вступает в группу поста wall-44934502_30505
2024-04-01 11:00:10,989 - INFO - services.py - 96 - ----------КОНЕЦ-РЕПОСТА----------
2024-04-01 11:01:10,989 - INFO - services.py - 69 - аккаунт Ирина Третьякова комментирует запись wall-222419617_650
2024-04-01 11:01:13,511 - INFO - services.py - 77 - аккаунт Ирина Третьякова репостит запись wall-222419617_650
2024-04-01 11:01:15,970 - INFO - services.py - 83 - аккаунт Ирина Третьякова вступает в группу поста wall-222419617_650
2024-04-01 11:01:16,471 - INFO - services.py - 96 - ----------КОНЕЦ-РЕПОСТА----------
2024-04-01 11:02:16,478 - INFO - services.py - 69 - аккаунт Ирина Третьякова комментирует запись wall-217642627_7294
2024-04-01 11:02:18,936 - INFO - services.py - 77 - аккаунт Ирина Третьякова репостит запись wall-217642627_7294
2024-04-01 11:02:21,294 - INFO - services.py - 83 - аккаунт Ирина Третьякова вступает в группу поста wall-217642627_7294
2024-04-01 11:02:21,467 - INFO - services.py - 96 - ----------КОНЕЦ-РЕПОСТА----------
2024-04-01 11:03:21,469 - INFO - services.py - 69 - аккаунт Ирина Третьякова комментирует запись wall-180740900_13296
2024-04-01 11:03:23,936 - INFO - services.py - 77 - аккаунт Ирина Третьякова репостит запись wall-180740900_13296
2024-04-01 11:03:26,329 - INFO - services.py - 83 - аккаунт Ирина Третьякова вступает в группу поста wall-180740900_13296
2024-04-01 11:03:26,628 - INFO - services.py - 96 - ----------КОНЕЦ-РЕПОСТА----------
2024-04-01 11:04:26,636 - INFO - services.py - 69 - аккаунт Ирина Третьякова комментирует запись wall-12344745_18540
2024-04-01 11:04:29,043 - INFO - services.py - 77 - аккаунт Ирина Третьякова репостит запись wall-12344745_18540
2024-04-01 11:04:31,451 - INFO - services.py - 83 - аккаунт Ирина Третьякова вступает в группу поста wall-12344745_18540
2024-04-01 11:04:31,797 - INFO - services.py - 96 - ----------КОНЕЦ-РЕПОСТА----------
2024-04-01 11:05:31,804 - INFO - services.py - 69 - аккаунт Ирина Третьякова комментирует запись wall-60778328_64218
2024-04-01 11:05:34,226 - INFO - services.py - 77 - аккаунт Ирина Третьякова репостит запись wall-60778328_64218
2024-04-01 11:05:36,781 - INFO - services.py - 83 - аккаунт Ирина Третьякова вступает в группу поста wall-60778328_64218
2024-04-01 11:05:36,838 - ERROR - services.py - 93 - Ошибка при работе с постом wall-60778328_64218:
[15] Access denied: you are already in this community
2024-04-01 11:05:36,838 - INFO - services.py - 96 - ----------КОНЕЦ-РЕПОСТА----------
2024-04-01 11:06:36,839 - INFO - services.py - 69 - аккаунт Ирина Третьякова комментирует запись wall-93401202_31225
2024-04-01 11:06:39,372 - INFO - services.py - 77 - аккаунт Ирина Третьякова репостит запись wall-93401202_31225
2024-04-01 11:06:41,804 - INFO - services.py - 83 - аккаунт Ирина Третьякова вступает в группу поста wall-93401202_31225
2024-04-01 11:06:42,152 - INFO - services.py - 96 - ----------КОНЕЦ-РЕПОСТА----------
2024-04-01 11:07:42,154 - INFO - services.py - 69 - аккаунт Ирина Третьякова комментирует запись wall-114482802_11541
2024-04-01 11:07:44,447 - INFO - services.py - 77 - аккаунт Ирина Третьякова репостит запись wall-114482802_11541
2024-04-01 11:07:46,769 - INFO - services.py - 83 - аккаунт Ирина Третьякова вступает в группу поста wall-114482802_11541
2024-04-01 11:07:47,039 - INFO - services.py - 96 - ----------КОНЕЦ-РЕПОСТА----------
2024-04-01 11:08:47,046 - INFO - services.py - 69 - аккаунт Ирина Третьякова комментирует запись wall-118335380_42842
2024-04-01 11:08:49,362 - INFO - services.py - 77 - аккаунт Ирина Третьякова репостит запись wall-118335380_42842
2024-04-01 11:08:51,690 - INFO - services.py - 83 - аккаунт Ирина Третьякова вступает в группу поста wall-118335380_42842
2024-04-01 11:08:51,739 - ERROR - services.py - 93 - Ошибка при работе с постом wall-118335380_42842:
[15] Access denied: you are already in this community
2024-04-01 11:08:51,739 - INFO - services.py - 96 - ----------КОНЕЦ-РЕПОСТА----------
2024-04-01 11:09:51,746 - INFO - services.py - 69 - аккаунт Ирина Третьякова комментирует запись wall-121513634_59149
2024-04-01 11:09:54,103 - INFO - services.py - 77 - аккаунт Ирина Третьякова репостит запись wall-121513634_59149
2024-04-01 11:09:56,492 - INFO - services.py - 83 - аккаунт Ирина Третьякова вступает в группу поста wall-121513634_59149
2024-04-01 11:09:56,758 - INFO - services.py - 96 - ----------КОНЕЦ-РЕПОСТА----------
2024-04-01 11:10:56,760 - INFO - services.py - 69 - аккаунт Ирина Третьякова комментирует запись wall-224518620_57
2024-04-01 11:11:15,645 - ERROR - services.py - 93 - Ошибка при работе с постом wall-224518620_57:
('Connection aborted.', RemoteDisconnected('Remote end closed connection without response'))
2024-04-01 11:11:15,645 - INFO - services.py - 96 - ----------КОНЕЦ-РЕПОСТА----------
2024-04-01 11:12:15,653 - INFO - services.py - 69 - аккаунт Ирина Третьякова комментирует запись wall-212503703_4588
2024-04-01 11:13:25,162 - INFO - services.py - 77 - аккаунт Ирина Третьякова репостит запись wall-212503703_4588
2024-04-01 11:13:27,564 - INFO - services.py - 83 - аккаунт Ирина Третьякова вступает в группу поста wall-212503703_4588
2024-04-01 11:13:28,059 - INFO - services.py - 96 - ----------КОНЕЦ-РЕПОСТА----------
2024-04-01 11:14:28,058 - INFO - services.py - 69 - аккаунт Ирина Третьякова комментирует запись wall-77745866_8903
2024-04-01 11:14:30,589 - INFO - services.py - 77 - аккаунт Ирина Третьякова репостит запись wall-77745866_8903
2024-04-01 11:14:33,346 - INFO - services.py - 83 - аккаунт Ирина Третьякова вступает в группу поста wall-77745866_8903
2024-04-01 11:14:33,696 - INFO - services.py - 96 - ----------КОНЕЦ-РЕПОСТА----------
2024-04-01 11:15:33,702 - INFO - services.py - 69 - аккаунт Ирина Третьякова комментирует запись wall-52403_21310
2024-04-01 11:15:36,112 - INFO - services.py - 77 - аккаунт Ирина Третьякова репостит запись wall-52403_21310
2024-04-01 11:15:38,646 - INFO - services.py - 83 - аккаунт Ирина Третьякова вступает в группу поста wall-52403_21310
2024-04-01 11:15:38,793 - INFO - services.py - 96 - ----------КОНЕЦ-РЕПОСТА----------
2024-04-01 11:16:38,793 - INFO - services.py - 69 - аккаунт Ирина Третьякова комментирует запись wall-177401050_15690
2024-04-01 11:16:41,255 - INFO - services.py - 77 - аккаунт Ирина Третьякова репостит запись wall-177401050_15690
2024-04-01 11:16:43,853 - INFO - services.py - 83 - аккаунт Ирина Третьякова вступает в группу поста wall-177401050_15690
2024-04-01 11:16:44,361 - INFO - services.py - 96 - ----------КОНЕЦ-РЕПОСТА----------
2024-04-01 11:17:44,368 - INFO - services.py - 69 - аккаунт Ирина Третьякова комментирует запись wall-224307130_1759
2024-04-01 11:17:44,468 - ERROR - services.py - 93 - Ошибка при работе с постом wall-224307130_1759:
[213] Access to status replies denied: replies disabled
2024-04-01 11:17:44,469 - INFO - services.py - 96 - ----------КОНЕЦ-РЕПОСТА----------
2024-04-01 11:18:44,476 - INFO - services.py - 69 - аккаунт Ирина Третьякова комментирует запись wall-114389229_139550
2024-04-01 11:18:46,984 - INFO - services.py - 77 - аккаунт Ирина Третьякова репостит запись wall-114389229_139550
2024-04-01 11:18:49,475 - INFO - services.py - 83 - аккаунт Ирина Третьякова вступает в группу поста wall-114389229_139550
2024-04-01 11:18:49,538 - ERROR - services.py - 93 - Ошибка при работе с постом wall-114389229_139550:
[15] Access denied: you are already in this community
2024-04-01 11:18:49,538 - INFO - services.py - 96 - ----------КОНЕЦ-РЕПОСТА----------
2024-04-01 11:19:49,539 - INFO - services.py - 69 - аккаунт Ирина Третьякова комментирует запись wall-112722585_3942809
2024-04-01 11:19:51,914 - INFO - services.py - 77 - аккаунт Ирина Третьякова репостит запись wall-112722585_3942809
2024-04-01 11:19:54,311 - INFO - services.py - 83 - аккаунт Ирина Третьякова вступает в группу поста wall-112722585_3942809
2024-04-01 11:19:54,731 - INFO - services.py - 96 - ----------КОНЕЦ-РЕПОСТА----------
2024-04-01 11:20:54,738 - INFO - services.py - 69 - аккаунт Ирина Третьякова комментирует запись wall-147060912_39920
2024-04-01 11:20:57,155 - INFO - services.py - 77 - аккаунт Ирина Третьякова репостит запись wall-147060912_39920
2024-04-01 11:20:59,655 - INFO - services.py - 83 - аккаунт Ирина Третьякова вступает в группу поста wall-147060912_39920
2024-04-01 11:21:00,001 - INFO - services.py - 96 - ----------КОНЕЦ-РЕПОСТА----------
2024-04-01 11:22:00,000 - INFO - services.py - 69 - аккаунт Ирина Третьякова комментирует запись wall-204006567_44869
2024-04-01 11:22:02,397 - INFO - services.py - 77 - аккаунт Ирина Третьякова репостит запись wall-204006567_44869
2024-04-01 11:22:04,827 - INFO - services.py - 83 - аккаунт Ирина Третьякова вступает в группу поста wall-204006567_44869
2024-04-01 11:22:05,177 - INFO - services.py - 96 - ----------КОНЕЦ-РЕПОСТА----------
2024-04-01 11:23:05,178 - INFO - services.py - 69 - аккаунт Ирина Третьякова комментирует запись wall-80495001_307600
2024-04-01 11:23:05,230 - ERROR - services.py - 93 - Ошибка при работе с постом wall-80495001_307600:
[213] Access to status replies denied: replies disabled
2024-04-01 11:23:05,230 - INFO - services.py - 96 - ----------КОНЕЦ-РЕПОСТА----------
2024-04-01 11:24:05,228 - INFO - services.py - 69 - аккаунт Ирина Третьякова комментирует запись wall-30412346_162510
2024-04-01 11:24:07,706 - INFO - services.py - 77 - аккаунт Ирина Третьякова репостит запись wall-30412346_162510
2024-04-01 11:24:10,068 - INFO - services.py - 83 - аккаунт Ирина Третьякова вступает в группу поста wall-30412346_162510
2024-04-01 11:24:10,414 - INFO - services.py - 96 - ----------КОНЕЦ-РЕПОСТА----------
2024-04-01 11:25:10,421 - INFO - services.py - 69 - аккаунт Ирина Третьякова комментирует запись wall-49736037_4870
2024-04-01 11:25:12,941 - INFO - services.py - 77 - аккаунт Ирина Третьякова репостит запись wall-49736037_4870
2024-04-01 11:25:15,397 - INFO - services.py - 83 - аккаунт Ирина Третьякова вступает в группу поста wall-49736037_4870
2024-04-01 11:25:15,743 - INFO - services.py - 96 - ----------КОНЕЦ-РЕПОСТА----------
2024-04-01 11:26:15,751 - INFO - services.py - 69 - аккаунт Ирина Третьякова комментирует запись wall-31769636_2915103
2024-04-01 11:26:18,179 - INFO - services.py - 77 - аккаунт Ирина Третьякова репостит запись wall-31769636_2915103
2024-04-01 11:26:20,522 - INFO - services.py - 83 - аккаунт Ирина Третьякова вступает в группу поста wall-31769636_2915103
2024-04-01 11:26:20,870 - INFO - services.py - 96 - ----------КОНЕЦ-РЕПОСТА----------
2024-04-01 11:27:20,877 - INFO - services.py - 69 - аккаунт Ирина Третьякова комментирует запись wall-79525017_3284747
2024-04-01 11:27:23,290 - INFO - services.py - 77 - аккаунт Ирина Третьякова репостит запись wall-79525017_3284747
2024-04-01 11:27:25,751 - INFO - services.py - 83 - аккаунт Ирина Третьякова вступает в группу поста wall-79525017_3284747
2024-04-01 11:27:25,813 - ERROR - services.py - 93 - Ошибка при работе с постом wall-79525017_3284747:
[15] Access denied: you are already in this community
2024-04-01 11:27:25,813 - INFO - services.py - 96 - ----------КОНЕЦ-РЕПОСТА----------
2024-04-01 11:27:25,986 - ERROR - dispatcher.py - 219 - Failed to fetch updates - TelegramNetworkError: HTTP Client says - Request timeout error
2024-04-01 11:27:25,986 - WARNING - dispatcher.py - 221 - Sleep for 1.000000 seconds and try again... (tryings = 0, bot id = 6727463369)
2024-04-01 11:27:26,252 - INFO - dispatcher.py - 172 - Update id=56115924 is handled. Duration 6692355 ms by bot id=6727463369
2024-04-01 11:27:37,086 - INFO - dispatcher.py - 233 - Connection established (tryings = 1, bot id = 6727463369)
2024-04-01 12:01:50,289 - ERROR - dispatcher.py - 219 - Failed to fetch updates - TelegramNetworkError: HTTP Client says - Request timeout error
2024-04-01 12:01:50,292 - WARNING - dispatcher.py - 221 - Sleep for 1.000000 seconds and try again... (tryings = 0, bot id = 6727463369)
2024-04-01 12:02:01,464 - INFO - dispatcher.py - 233 - Connection established (tryings = 1, bot id = 6727463369)
2024-04-01 14:31:33,049 - INFO - dispatcher.py - 172 - Update id=56115925 is handled. Duration 6050 ms by bot id=6727463369
2024-04-01 14:31:40,134 - INFO - vk_api.py - 172 - Auth with login: +79998773625
2024-04-01 14:31:40,134 - INFO - vk_api.py - 431 - Checking remixsid...
2024-04-01 14:31:40,286 - INFO - vk_api.py - 444 - remixsid is valid
2024-04-01 14:31:40,286 - INFO - vk_api.py - 389 - Checking security check request
2024-04-01 14:31:41,009 - INFO - vk_api.py - 395 - Security check is not required
2024-04-01 14:31:41,189 - INFO - vk_api.py - 213 - access_token from config is valid
2024-04-01 14:32:41,187 - INFO - services.py - 69 - аккаунт Albina Vladimirovna комментирует запись wall-146112919_13282
2024-04-01 14:32:43,640 - INFO - services.py - 77 - аккаунт Albina Vladimirovna репостит запись wall-146112919_13282
2024-04-01 14:32:45,996 - INFO - services.py - 83 - аккаунт Albina Vladimirovna вступает в группу поста wall-146112919_13282
2024-04-01 14:32:46,047 - ERROR - services.py - 93 - Ошибка при работе с постом wall-146112919_13282:
[15] Access denied: you are already in this community
2024-04-01 14:32:46,048 - INFO - services.py - 96 - ----------КОНЕЦ-РЕПОСТА----------
2024-04-01 14:33:46,050 - INFO - services.py - 69 - аккаунт Albina Vladimirovna комментирует запись wall-215425316_26544
2024-04-01 14:33:48,296 - INFO - services.py - 77 - аккаунт Albina Vladimirovna репостит запись wall-215425316_26544
2024-04-01 14:33:50,817 - INFO - services.py - 83 - аккаунт Albina Vladimirovna вступает в группу поста wall-215425316_26544
2024-04-01 14:33:50,864 - ERROR - services.py - 93 - Ошибка при работе с постом wall-215425316_26544:
[15] Access denied: you are already in this community
2024-04-01 14:33:50,865 - INFO - services.py - 96 - ----------КОНЕЦ-РЕПОСТА----------
2024-04-01 14:34:50,868 - INFO - services.py - 69 - аккаунт Albina Vladimirovna комментирует запись wall-67590063_258986
2024-04-01 14:34:53,285 - INFO - services.py - 77 - аккаунт Albina Vladimirovna репостит запись wall-67590063_258986
2024-04-01 14:34:55,739 - INFO - services.py - 83 - аккаунт Albina Vladimirovna вступает в группу поста wall-67590063_258986
2024-04-01 14:34:55,901 - INFO - services.py - 96 - ----------КОНЕЦ-РЕПОСТА----------
2024-04-01 14:35:55,905 - INFO - services.py - 69 - аккаунт Albina Vladimirovna комментирует запись wall-66740018_161495
2024-04-01 14:35:58,512 - INFO - services.py - 77 - аккаунт Albina Vladimirovna репостит запись wall-66740018_161495
2024-04-01 14:36:01,175 - INFO - services.py - 83 - аккаунт Albina Vladimirovna вступает в группу поста wall-66740018_161495
2024-04-01 14:36:01,526 - INFO - services.py - 96 - ----------КОНЕЦ-РЕПОСТА----------
2024-04-01 14:37:01,530 - INFO - services.py - 69 - аккаунт Albina Vladimirovna комментирует запись wall-55516315_1195740
2024-04-01 14:37:04,071 - INFO - services.py - 77 - аккаунт Albina Vladimirovna репостит запись wall-55516315_1195740
2024-04-01 14:37:06,618 - INFO - services.py - 83 - аккаунт Albina Vladimirovna вступает в группу поста wall-55516315_1195740
2024-04-01 14:37:06,818 - INFO - services.py - 96 - ----------КОНЕЦ-РЕПОСТА----------
2024-04-01 14:38:06,826 - INFO - services.py - 69 - аккаунт Albina Vladimirovna комментирует запись wall-121654475_89266
2024-04-01 14:38:09,286 - INFO - services.py - 77 - аккаунт Albina Vladimirovna репостит запись wall-121654475_89266
2024-04-01 14:38:11,741 - INFO - services.py - 83 - аккаунт Albina Vladimirovna вступает в группу поста wall-121654475_89266
2024-04-01 14:38:12,090 - INFO - services.py - 96 - ----------КОНЕЦ-РЕПОСТА----------
2024-04-01 14:39:12,099 - INFO - services.py - 69 - аккаунт Albina Vladimirovna комментирует запись wall-60778328_64218
2024-04-01 14:39:14,513 - INFO - services.py - 77 - аккаунт Albina Vladimirovna репостит запись wall-60778328_64218
2024-04-01 14:39:16,976 - INFO - services.py - 83 - аккаунт Albina Vladimirovna вступает в группу поста wall-60778328_64218
2024-04-01 14:39:17,316 - ERROR - services.py - 93 - Ошибка при работе с постом wall-60778328_64218:
[15] Access denied: you are already in this community
2024-04-01 14:39:17,316 - INFO - services.py - 96 - ----------КОНЕЦ-РЕПОСТА----------
2024-04-01 14:40:17,323 - INFO - services.py - 69 - аккаунт Albina Vladimirovna комментирует запись wall-58526842_97035
2024-04-01 14:40:19,846 - INFO - services.py - 77 - аккаунт Albina Vladimirovna репостит запись wall-58526842_97035
2024-04-01 14:40:22,327 - INFO - services.py - 83 - аккаунт Albina Vladimirovna вступает в группу поста wall-58526842_97035
2024-04-01 14:40:22,374 - ERROR - services.py - 93 - Ошибка при работе с постом wall-58526842_97035:
[15] Access denied: you are already in this community
2024-04-01 14:40:22,374 - INFO - services.py - 96 - ----------КОНЕЦ-РЕПОСТА----------
2024-04-01 14:41:22,377 - INFO - services.py - 69 - аккаунт Albina Vladimirovna комментирует запись wall-75123249_62597
2024-04-01 14:41:24,872 - INFO - services.py - 77 - аккаунт Albina Vladimirovna репостит запись wall-75123249_62597
2024-04-01 14:41:27,444 - INFO - services.py - 83 - аккаунт Albina Vladimirovna вступает в группу поста wall-75123249_62597
2024-04-01 14:41:27,488 - ERROR - services.py - 93 - Ошибка при работе с постом wall-75123249_62597:
Captcha needed
2024-04-01 14:41:27,488 - INFO - services.py - 96 - ----------КОНЕЦ-РЕПОСТА----------
2024-04-01 14:42:27,497 - INFO - services.py - 69 - аккаунт Albina Vladimirovna комментирует запись wall-41214274_225009
2024-04-01 14:42:29,902 - INFO - services.py - 77 - аккаунт Albina Vladimirovna репостит запись wall-41214274_225009
2024-04-01 14:42:32,458 - INFO - services.py - 83 - аккаунт Albina Vladimirovna вступает в группу поста wall-41214274_225009
2024-04-01 14:42:32,528 - ERROR - services.py - 93 - Ошибка при работе с постом wall-41214274_225009:
Captcha needed
2024-04-01 14:42:32,528 - INFO - services.py - 96 - ----------КОНЕЦ-РЕПОСТА----------
2024-04-01 14:43:32,529 - INFO - services.py - 69 - аккаунт Albina Vladimirovna комментирует запись wall-95926359_77328
2024-04-01 14:43:34,922 - INFO - services.py - 77 - аккаунт Albina Vladimirovna репостит запись wall-95926359_77328
2024-04-01 14:43:37,432 - INFO - services.py - 83 - аккаунт Albina Vladimirovna вступает в группу поста wall-95926359_77328
2024-04-01 14:43:37,549 - ERROR - services.py - 93 - Ошибка при работе с постом wall-95926359_77328:
Captcha needed
2024-04-01 14:43:37,549 - INFO - services.py - 96 - ----------КОНЕЦ-РЕПОСТА----------
2024-04-01 14:44:37,556 - INFO - services.py - 69 - аккаунт Albina Vladimirovna комментирует запись wall-217780857_7605
2024-04-01 14:44:39,839 - INFO - services.py - 77 - аккаунт Albina Vladimirovna репостит запись wall-217780857_7605
2024-04-01 14:44:42,499 - INFO - services.py - 83 - аккаунт Albina Vladimirovna вступает в группу поста wall-217780857_7605
2024-04-01 14:44:42,570 - ERROR - services.py - 93 - Ошибка при работе с постом wall-217780857_7605:
Captcha needed
2024-04-01 14:44:42,570 - INFO - services.py - 96 - ----------КОНЕЦ-РЕПОСТА----------
2024-04-01 14:45:42,579 - INFO - services.py - 69 - аккаунт Albina Vladimirovna комментирует запись wall-167080827_194960
2024-04-01 14:45:44,972 - INFO - services.py - 77 - аккаунт Albina Vladimirovna репостит запись wall-167080827_194960
2024-04-01 14:45:47,737 - INFO - services.py - 83 - аккаунт Albina Vladimirovna вступает в группу поста wall-167080827_194960
2024-04-01 14:45:47,909 - ERROR - services.py - 93 - Ошибка при работе с постом wall-167080827_194960:
Captcha needed
2024-04-01 14:45:47,910 - INFO - services.py - 96 - ----------КОНЕЦ-РЕПОСТА----------
2024-04-01 14:46:47,918 - INFO - services.py - 69 - аккаунт Albina Vladimirovna комментирует запись wall-119258690_500614
2024-04-01 14:46:50,350 - INFO - services.py - 77 - аккаунт Albina Vladimirovna репостит запись wall-119258690_500614
2024-04-01 14:46:53,069 - INFO - services.py - 83 - аккаунт Albina Vladimirovna вступает в группу поста wall-119258690_500614
2024-04-01 14:46:53,150 - ERROR - services.py - 93 - Ошибка при работе с постом wall-119258690_500614:
Captcha needed
2024-04-01 14:46:53,150 - INFO - services.py - 96 - ----------КОНЕЦ-РЕПОСТА----------
2024-04-01 14:47:53,159 - INFO - services.py - 69 - аккаунт Albina Vladimirovna комментирует запись wall-21652082_8979039
2024-04-01 14:47:55,682 - INFO - services.py - 77 - аккаунт Albina Vladimirovna репостит запись wall-21652082_8979039
2024-04-01 14:47:58,200 - INFO - services.py - 83 - аккаунт Albina Vladimirovna вступает в группу поста wall-21652082_8979039
2024-04-01 14:47:58,237 - ERROR - services.py - 93 - Ошибка при работе с постом wall-21652082_8979039:
Captcha needed
2024-04-01 14:47:58,237 - INFO - services.py - 96 - ----------КОНЕЦ-РЕПОСТА----------
2024-04-01 14:48:58,239 - INFO - services.py - 69 - аккаунт Albina Vladimirovna комментирует запись wall-27280003_954783
2024-04-01 14:48:58,289 - ERROR - services.py - 93 - Ошибка при работе с постом wall-27280003_954783:
[10] Internal server error
2024-04-01 14:48:58,289 - INFO - services.py - 96 - ----------КОНЕЦ-РЕПОСТА----------
2024-04-01 14:49:58,296 - INFO - services.py - 69 - аккаунт Albina Vladimirovna комментирует запись wall-182195964_952
2024-04-01 14:49:58,342 - ERROR - services.py - 93 - Ошибка при работе с постом wall-182195964_952:
[10] Internal server error
2024-04-01 14:49:58,342 - INFO - services.py - 96 - ----------КОНЕЦ-РЕПОСТА----------
2024-04-01 14:50:58,351 - INFO - services.py - 69 - аккаунт Albina Vladimirovna комментирует запись wall-88294670_5833
2024-04-01 14:51:00,785 - INFO - services.py - 77 - аккаунт Albina Vladimirovna репостит запись wall-88294670_5833
2024-04-01 14:51:03,350 - INFO - services.py - 83 - аккаунт Albina Vladimirovna вступает в группу поста wall-88294670_5833
2024-04-01 14:51:03,444 - ERROR - services.py - 93 - Ошибка при работе с постом wall-88294670_5833:
Captcha needed
2024-04-01 14:51:03,444 - INFO - services.py - 96 - ----------КОНЕЦ-РЕПОСТА----------
2024-04-01 14:52:03,450 - INFO - services.py - 69 - аккаунт Albina Vladimirovna комментирует запись wall-128976064_18164
2024-04-01 14:52:05,932 - INFO - services.py - 77 - аккаунт Albina Vladimirovna репостит запись wall-128976064_18164
2024-04-01 14:52:08,775 - INFO - services.py - 83 - аккаунт Albina Vladimirovna вступает в группу поста wall-128976064_18164
2024-04-01 14:52:08,833 - ERROR - services.py - 93 - Ошибка при работе с постом wall-128976064_18164:
Captcha needed
2024-04-01 14:52:08,833 - INFO - services.py - 96 - ----------КОНЕЦ-РЕПОСТА----------
2024-04-01 14:53:08,842 - INFO - services.py - 69 - аккаунт Albina Vladimirovna комментирует запись wall-183891736_7784
2024-04-01 14:53:11,166 - INFO - services.py - 77 - аккаунт Albina Vladimirovna репостит запись wall-183891736_7784
2024-04-01 14:53:13,601 - INFO - services.py - 83 - аккаунт Albina Vladimirovna вступает в группу поста wall-183891736_7784
2024-04-01 14:53:13,651 - ERROR - services.py - 93 - Ошибка при работе с постом wall-183891736_7784:
Captcha needed
2024-04-01 14:53:13,651 - INFO - services.py - 96 - ----------КОНЕЦ-РЕПОСТА----------
2024-04-01 14:54:13,658 - INFO - services.py - 69 - аккаунт Albina Vladimirovna комментирует запись wall-146112919_13710
2024-04-01 14:54:16,024 - INFO - services.py - 77 - аккаунт Albina Vladimirovna репостит запись wall-146112919_13710
2024-04-01 14:54:18,518 - INFO - services.py - 83 - аккаунт Albina Vladimirovna вступает в группу поста wall-146112919_13710
2024-04-01 14:54:18,561 - ERROR - services.py - 93 - Ошибка при работе с постом wall-146112919_13710:
Captcha needed
2024-04-01 14:54:18,562 - INFO - services.py - 96 - ----------КОНЕЦ-РЕПОСТА----------
2024-04-01 14:55:18,565 - INFO - services.py - 69 - аккаунт Albina Vladimirovna комментирует запись wall-146112919_13755
2024-04-01 14:55:20,851 - INFO - services.py - 77 - аккаунт Albina Vladimirovna репостит запись wall-146112919_13755
2024-04-01 14:55:23,275 - INFO - services.py - 83 - аккаунт Albina Vladimirovna вступает в группу поста wall-146112919_13755
2024-04-01 14:55:23,325 - ERROR - services.py - 93 - Ошибка при работе с постом wall-146112919_13755:
Captcha needed
2024-04-01 14:55:23,325 - INFO - services.py - 96 - ----------КОНЕЦ-РЕПОСТА----------
2024-04-01 14:56:23,324 - INFO - services.py - 69 - аккаунт Albina Vladimirovna комментирует запись wall-157921718_46188
2024-04-01 14:56:25,902 - INFO - services.py - 77 - аккаунт Albina Vladimirovna репостит запись wall-157921718_46188
2024-04-01 14:56:28,356 - INFO - services.py - 83 - аккаунт Albina Vladimirovna вступает в группу поста wall-157921718_46188
2024-04-01 14:56:28,420 - ERROR - services.py - 93 - Ошибка при работе с постом wall-157921718_46188:
Captcha needed
2024-04-01 14:56:28,421 - INFO - services.py - 96 - ----------КОНЕЦ-РЕПОСТА----------
2024-04-01 14:57:28,423 - INFO - services.py - 69 - аккаунт Albina Vladimirovna комментирует запись wall-212459712_183826
2024-04-01 14:57:28,479 - ERROR - services.py - 93 - Ошибка при работе с постом wall-212459712_183826:
[10] Internal server error
2024-04-01 14:57:28,479 - INFO - services.py - 96 - ----------КОНЕЦ-РЕПОСТА----------
2024-04-01 14:58:28,484 - INFO - services.py - 69 - аккаунт Albina Vladimirovna комментирует запись wall-120733094_29860
2024-04-01 14:58:28,554 - ERROR - services.py - 93 - Ошибка при работе с постом wall-120733094_29860:
[10] Internal server error
2024-04-01 14:58:28,554 - INFO - services.py - 96 - ----------КОНЕЦ-РЕПОСТА----------
2024-04-01 14:59:28,558 - INFO - services.py - 69 - аккаунт Albina Vladimirovna комментирует запись wall-63976979_28121
2024-04-01 14:59:28,642 - ERROR - services.py - 93 - Ошибка при работе с постом wall-63976979_28121:
[10] Internal server error
2024-04-01 14:59:28,642 - INFO - services.py - 96 - ----------КОНЕЦ-РЕПОСТА----------
2024-04-01 15:00:28,641 - INFO - services.py - 69 - аккаунт Albina Vladimirovna комментирует запись wall-138759033_83076
2024-04-01 15:00:28,711 - ERROR - services.py - 93 - Ошибка при работе с постом wall-138759033_83076:
[10] Internal server error
2024-04-01 15:00:28,712 - INFO - services.py - 96 - ----------КОНЕЦ-РЕПОСТА----------
2024-04-01 15:01:28,697 - INFO - services.py - 69 - аккаунт Albina Vladimirovna комментирует запись wall-198988658_19535
2024-04-01 15:01:28,769 - ERROR - services.py - 93 - Ошибка при работе с постом wall-198988658_19535:
[10] Internal server error
2024-04-01 15:01:28,770 - INFO - services.py - 96 - ----------КОНЕЦ-РЕПОСТА----------
2024-04-01 15:02:28,759 - INFO - services.py - 69 - аккаунт Albina Vladimirovna комментирует запись wall-6403367_656880
2024-04-01 15:02:28,834 - ERROR - services.py - 93 - Ошибка при работе с постом wall-6403367_656880:
[10] Internal server error
2024-04-01 15:02:28,834 - INFO - services.py - 96 - ----------КОНЕЦ-РЕПОСТА----------
2024-04-01 15:03:28,841 - INFO - services.py - 69 - аккаунт Albina Vladimirovna комментирует запись wall-27026900_10028
2024-04-01 15:03:28,911 - ERROR - services.py - 93 - Ошибка при работе с постом wall-27026900_10028:
[10] Internal server error
2024-04-01 15:03:28,911 - INFO - services.py - 96 - ----------КОНЕЦ-РЕПОСТА----------
2024-04-01 15:04:28,913 - INFO - services.py - 69 - аккаунт Albina Vladimirovna комментирует запись wall-21510459_293403
2024-04-01 15:04:28,981 - ERROR - services.py - 93 - Ошибка при работе с постом wall-21510459_293403:
[10] Internal server error
2024-04-01 15:04:28,981 - INFO - services.py - 96 - ----------КОНЕЦ-РЕПОСТА----------
2024-04-01 15:05:28,988 - INFO - services.py - 69 - аккаунт Albina Vladimirovna комментирует запись wall-73578636_57494
2024-04-01 15:05:29,056 - ERROR - services.py - 93 - Ошибка при работе с постом wall-73578636_57494:
[10] Internal server error
2024-04-01 15:05:29,056 - INFO - services.py - 96 - ----------КОНЕЦ-РЕПОСТА----------
2024-04-01 15:06:29,062 - INFO - services.py - 69 - аккаунт Albina Vladimirovna комментирует запись wall-193328698_18080
2024-04-01 15:06:29,144 - ERROR - services.py - 93 - Ошибка при работе с постом wall-193328698_18080:
[10] Internal server error
2024-04-01 15:06:29,145 - INFO - services.py - 96 - ----------КОНЕЦ-РЕПОСТА----------
2024-04-01 15:07:29,151 - INFO - services.py - 69 - аккаунт Albina Vladimirovna комментирует запись wall-74860508_6951
2024-04-01 15:07:29,218 - ERROR - services.py - 93 - Ошибка при работе с постом wall-74860508_6951:
[10] Internal server error
2024-04-01 15:07:29,219 - INFO - services.py - 96 - ----------КОНЕЦ-РЕПОСТА----------
2024-04-01 15:08:29,223 - INFO - services.py - 69 - аккаунт Albina Vladimirovna комментирует запись wall-88789283_294563
2024-04-01 15:08:29,283 - ERROR - services.py - 93 - Ошибка при работе с постом wall-88789283_294563:
[10] Internal server error
2024-04-01 15:08:29,283 - INFO - services.py - 96 - ----------КОНЕЦ-РЕПОСТА----------
2024-04-01 15:09:29,291 - INFO - services.py - 69 - аккаунт Albina Vladimirovna комментирует запись wall-12344745_18540
2024-04-01 15:09:31,833 - INFO - services.py - 77 - аккаунт Albina Vladimirovna репостит запись wall-12344745_18540
2024-04-01 15:09:34,576 - INFO - services.py - 83 - аккаунт Albina Vladimirovna вступает в группу поста wall-12344745_18540
2024-04-01 15:09:34,628 - ERROR - services.py - 93 - Ошибка при работе с постом wall-12344745_18540:
Captcha needed
2024-04-01 15:09:34,628 - INFO - services.py - 96 - ----------КОНЕЦ-РЕПОСТА----------
2024-04-01 15:10:34,632 - INFO - services.py - 69 - аккаунт Albina Vladimirovna комментирует запись wall-196017287_41945
2024-04-01 15:10:34,695 - ERROR - services.py - 93 - Ошибка при работе с постом wall-196017287_41945:
[10] Internal server error
2024-04-01 15:10:34,696 - INFO - services.py - 96 - ----------КОНЕЦ-РЕПОСТА----------
2024-04-01 15:11:34,698 - INFO - services.py - 69 - аккаунт Albina Vladimirovna комментирует запись wall-21434998_330664
2024-04-01 15:11:34,759 - ERROR - services.py - 93 - Ошибка при работе с постом wall-21434998_330664:
[10] Internal server error
2024-04-01 15:11:34,759 - INFO - services.py - 96 - ----------КОНЕЦ-РЕПОСТА----------
2024-04-01 15:12:34,767 - INFO - services.py - 69 - аккаунт Albina Vladimirovna комментирует запись wall-223191704_57
2024-04-01 15:12:34,828 - ERROR - services.py - 93 - Ошибка при работе с постом wall-223191704_57:
[10] Internal server error
2024-04-01 15:12:34,829 - INFO - services.py - 96 - ----------КОНЕЦ-РЕПОСТА----------
2024-04-01 15:13:34,831 - INFO - services.py - 69 - аккаунт Albina Vladimirovna комментирует запись wall-192483511_31188
2024-04-01 15:13:34,876 - ERROR - services.py - 93 - Ошибка при работе с постом wall-192483511_31188:
[10] Internal server error
2024-04-01 15:13:34,876 - INFO - services.py - 96 - ----------КОНЕЦ-РЕПОСТА----------
2024-04-01 15:14:34,883 - INFO - services.py - 69 - аккаунт Albina Vladimirovna комментирует запись wall-171543917_6454
2024-04-01 15:14:34,945 - ERROR - services.py - 93 - Ошибка при работе с постом wall-171543917_6454:
[10] Internal server error
2024-04-01 15:14:34,945 - INFO - services.py - 96 - ----------КОНЕЦ-РЕПОСТА----------
2024-04-01 15:15:34,953 - INFO - services.py - 69 - аккаунт Albina Vladimirovna комментирует запись wall-112476686_133620
2024-04-01 15:15:35,031 - ERROR - services.py - 93 - Ошибка при работе с постом wall-112476686_133620:
[10] Internal server error
2024-04-01 15:15:35,032 - INFO - services.py - 96 - ----------КОНЕЦ-РЕПОСТА----------
2024-04-01 15:16:35,039 - INFO - services.py - 69 - аккаунт Albina Vladimirovna комментирует запись wall-36047336_124006
2024-04-01 15:16:35,094 - ERROR - services.py - 93 - Ошибка при работе с постом wall-36047336_124006:
[213] Access to status replies denied
2024-04-01 15:16:35,095 - INFO - services.py - 96 - ----------КОНЕЦ-РЕПОСТА----------
2024-04-01 15:17:35,102 - INFO - services.py - 69 - аккаунт Albina Vladimirovna комментирует запись wall-222419617_650
2024-04-01 15:17:37,674 - INFO - services.py - 77 - аккаунт Albina Vladimirovna репостит запись wall-222419617_650
2024-04-01 15:17:40,045 - INFO - services.py - 83 - аккаунт Albina Vladimirovna вступает в группу поста wall-222419617_650
2024-04-01 15:17:40,115 - ERROR - services.py - 93 - Ошибка при работе с постом wall-222419617_650:
Captcha needed
2024-04-01 15:17:40,115 - INFO - services.py - 96 - ----------КОНЕЦ-РЕПОСТА----------
2024-04-01 15:18:40,117 - INFO - services.py - 69 - аккаунт Albina Vladimirovna комментирует запись wall-154505733_2372
2024-04-01 15:18:40,183 - ERROR - services.py - 93 - Ошибка при работе с постом wall-154505733_2372:
[10] Internal server error
2024-04-01 15:18:40,184 - INFO - services.py - 96 - ----------КОНЕЦ-РЕПОСТА----------
2024-04-01 15:19:40,191 - INFO - services.py - 69 - аккаунт Albina Vladimirovna комментирует запись wall-212503703_4588
2024-04-01 15:19:42,609 - INFO - services.py - 77 - аккаунт Albina Vladimirovna репостит запись wall-212503703_4588
2024-04-01 15:19:45,178 - INFO - services.py - 83 - аккаунт Albina Vladimirovna вступает в группу поста wall-212503703_4588
2024-04-01 15:19:45,225 - ERROR - services.py - 93 - Ошибка при работе с постом wall-212503703_4588:
Captcha needed
2024-04-01 15:19:45,225 - INFO - services.py - 96 - ----------КОНЕЦ-РЕПОСТА----------
2024-04-01 15:19:45,228 - INFO - vk_api.py - 172 - Auth with login: +79998643099
2024-04-01 15:19:45,229 - INFO - vk_api.py - 431 - Checking remixsid...
2024-04-01 15:19:45,363 - INFO - vk_api.py - 444 - remixsid is valid
2024-04-01 15:19:45,363 - INFO - vk_api.py - 389 - Checking security check request
2024-04-01 15:19:45,862 - INFO - vk_api.py - 395 - Security check is not required
2024-04-01 15:19:45,949 - INFO - vk_api.py - 213 - access_token from config is valid
2024-04-01 15:20:45,956 - INFO - services.py - 69 - аккаунт София Богданова комментирует запись wall-146112919_13282
2024-04-01 15:20:48,305 - INFO - services.py - 77 - аккаунт София Богданова репостит запись wall-146112919_13282
2024-04-01 15:20:51,078 - INFO - services.py - 83 - аккаунт София Богданова вступает в группу поста wall-146112919_13282
2024-04-01 15:20:51,138 - ERROR - services.py - 93 - Ошибка при работе с постом wall-146112919_13282:
[15] Access denied: you are already in this community
2024-04-01 15:20:51,139 - INFO - services.py - 96 - ----------КОНЕЦ-РЕПОСТА----------
2024-04-01 15:21:51,139 - INFO - services.py - 69 - аккаунт София Богданова комментирует запись wall-215425316_26544
2024-04-01 15:21:53,482 - INFO - services.py - 77 - аккаунт София Богданова репостит запись wall-215425316_26544
2024-04-01 15:21:56,031 - INFO - services.py - 83 - аккаунт София Богданова вступает в группу поста wall-215425316_26544
2024-04-01 15:21:56,084 - ERROR - services.py - 93 - Ошибка при работе с постом wall-215425316_26544:
[15] Access denied: you are already in this community
2024-04-01 15:21:56,084 - INFO - services.py - 96 - ----------КОНЕЦ-РЕПОСТА----------
2024-04-01 15:22:56,092 - INFO - services.py - 69 - аккаунт София Богданова комментирует запись wall-67590063_258986
2024-04-01 15:22:58,497 - INFO - services.py - 77 - аккаунт София Богданова репостит запись wall-67590063_258986
2024-04-01 15:23:00,848 - INFO - services.py - 83 - аккаунт София Богданова вступает в группу поста wall-67590063_258986
2024-04-01 15:23:01,064 - INFO - services.py - 96 - ----------КОНЕЦ-РЕПОСТА----------
2024-04-01 15:24:01,072 - INFO - services.py - 69 - аккаунт София Богданова комментирует запись wall-66740018_161495
2024-04-01 15:24:03,595 - INFO - services.py - 77 - аккаунт София Богданова репостит запись wall-66740018_161495
2024-04-01 15:24:06,079 - INFO - services.py - 83 - аккаунт София Богданова вступает в группу поста wall-66740018_161495
2024-04-01 15:24:06,551 - INFO - services.py - 96 - ----------КОНЕЦ-РЕПОСТА----------
2024-04-01 15:25:06,559 - INFO - services.py - 69 - аккаунт София Богданова комментирует запись wall-55516315_1195740
2024-04-01 15:25:08,969 - INFO - services.py - 77 - аккаунт София Богданова репостит запись wall-55516315_1195740
2024-04-01 15:25:11,415 - INFO - services.py - 83 - аккаунт София Богданова вступает в группу поста wall-55516315_1195740
2024-04-01 15:25:11,598 - INFO - services.py - 96 - ----------КОНЕЦ-РЕПОСТА----------
2024-04-01 15:26:11,604 - INFO - services.py - 69 - аккаунт София Богданова комментирует запись wall-121654475_89266
2024-04-01 15:26:13,977 - INFO - services.py - 77 - аккаунт София Богданова репостит запись wall-121654475_89266
2024-04-01 15:26:16,296 - INFO - services.py - 83 - аккаунт София Богданова вступает в группу поста wall-121654475_89266
2024-04-01 15:26:16,488 - INFO - services.py - 96 - ----------КОНЕЦ-РЕПОСТА----------
2024-04-01 15:27:16,486 - INFO - services.py - 69 - аккаунт София Богданова комментирует запись wall-60778328_64218
2024-04-01 15:27:18,911 - INFO - services.py - 77 - аккаунт София Богданова репостит запись wall-60778328_64218
2024-04-01 15:27:21,245 - INFO - services.py - 83 - аккаунт София Богданова вступает в группу поста wall-60778328_64218
2024-04-01 15:27:21,293 - ERROR - services.py - 93 - Ошибка при работе с постом wall-60778328_64218:
[15] Access denied: you are already in this community
2024-04-01 15:27:21,293 - INFO - services.py - 96 - ----------КОНЕЦ-РЕПОСТА----------
2024-04-01 15:28:21,301 - INFO - services.py - 69 - аккаунт София Богданова комментирует запись wall-58526842_97035
2024-04-01 15:28:23,692 - INFO - services.py - 77 - аккаунт София Богданова репостит запись wall-58526842_97035
2024-04-01 15:28:26,189 - INFO - services.py - 83 - аккаунт София Богданова вступает в группу поста wall-58526842_97035
2024-04-01 15:28:26,284 - ERROR - services.py - 93 - Ошибка при работе с постом wall-58526842_97035:
[15] Access denied: you are already in this community
2024-04-01 15:28:26,284 - INFO - services.py - 96 - ----------КОНЕЦ-РЕПОСТА----------
2024-04-01 15:29:26,285 - INFO - services.py - 69 - аккаунт София Богданова комментирует запись wall-75123249_62597
2024-04-01 15:29:28,678 - INFO - services.py - 77 - аккаунт София Богданова репостит запись wall-75123249_62597
2024-04-01 15:29:30,926 - INFO - services.py - 83 - аккаунт София Богданова вступает в группу поста wall-75123249_62597
2024-04-01 15:29:30,978 - ERROR - services.py - 93 - Ошибка при работе с постом wall-75123249_62597:
[15] Access denied: you are already in this community
2024-04-01 15:29:30,979 - INFO - services.py - 96 - ----------КОНЕЦ-РЕПОСТА----------
2024-04-01 15:30:30,986 - INFO - services.py - 69 - аккаунт София Богданова комментирует запись wall-41214274_225009
2024-04-01 15:30:33,476 - INFO - services.py - 77 - аккаунт София Богданова репостит запись wall-41214274_225009
2024-04-01 15:30:35,828 - INFO - services.py - 83 - аккаунт София Богданова вступает в группу поста wall-41214274_225009
2024-04-01 15:30:35,925 - ERROR - services.py - 93 - Ошибка при работе с постом wall-41214274_225009:
Captcha needed
2024-04-01 15:30:35,925 - INFO - services.py - 96 - ----------КОНЕЦ-РЕПОСТА----------
2024-04-01 15:31:35,945 - INFO - services.py - 69 - аккаунт София Богданова комментирует запись wall-95926359_77328
2024-04-01 15:31:38,406 - INFO - services.py - 77 - аккаунт София Богданова репостит запись wall-95926359_77328
2024-04-01 15:31:40,857 - INFO - services.py - 83 - аккаунт София Богданова вступает в группу поста wall-95926359_77328
2024-04-01 15:31:40,941 - ERROR - services.py - 93 - Ошибка при работе с постом wall-95926359_77328:
Captcha needed
2024-04-01 15:31:40,941 - INFO - services.py - 96 - ----------КОНЕЦ-РЕПОСТА----------
2024-04-01 15:32:40,950 - INFO - services.py - 69 - аккаунт София Богданова комментирует запись wall-217780857_7605
2024-04-01 15:32:43,290 - INFO - services.py - 77 - аккаунт София Богданова репостит запись wall-217780857_7605
2024-04-01 15:32:45,747 - INFO - services.py - 83 - аккаунт София Богданова вступает в группу поста wall-217780857_7605
2024-04-01 15:32:45,798 - ERROR - services.py - 93 - Ошибка при работе с постом wall-217780857_7605:
Captcha needed
2024-04-01 15:32:45,798 - INFO - services.py - 96 - ----------КОНЕЦ-РЕПОСТА----------
2024-04-01 15:33:45,807 - INFO - services.py - 69 - аккаунт София Богданова комментирует запись wall-167080827_194960
2024-04-01 15:33:48,321 - INFO - services.py - 77 - аккаунт София Богданова репостит запись wall-167080827_194960
2024-04-01 15:33:51,026 - INFO - services.py - 83 - аккаунт София Богданова вступает в группу поста wall-167080827_194960
2024-04-01 15:33:51,084 - ERROR - services.py - 93 - Ошибка при работе с постом wall-167080827_194960:
Captcha needed
2024-04-01 15:33:51,084 - INFO - services.py - 96 - ----------КОНЕЦ-РЕПОСТА----------
2024-04-01 15:34:51,092 - INFO - services.py - 69 - аккаунт София Богданова комментирует запись wall-119258690_500614
2024-04-01 15:34:53,573 - INFO - services.py - 77 - аккаунт София Богданова репостит запись wall-119258690_500614
2024-04-01 15:34:56,194 - INFO - services.py - 83 - аккаунт София Богданова вступает в группу поста wall-119258690_500614
2024-04-01 15:34:56,250 - ERROR - services.py - 93 - Ошибка при работе с постом wall-119258690_500614:
Captcha needed
2024-04-01 15:34:56,250 - INFO - services.py - 96 - ----------КОНЕЦ-РЕПОСТА----------
2024-04-01 15:35:56,258 - INFO - services.py - 69 - аккаунт София Богданова комментирует запись wall-21652082_8979039
2024-04-01 15:35:56,303 - ERROR - services.py - 93 - Ошибка при работе с постом wall-21652082_8979039:
[10] Internal server error
2024-04-01 15:35:56,304 - INFO - services.py - 96 - ----------КОНЕЦ-РЕПОСТА----------
2024-04-01 15:36:56,307 - INFO - services.py - 69 - аккаунт София Богданова комментирует запись wall-27280003_954783
2024-04-01 15:36:56,375 - ERROR - services.py - 93 - Ошибка при работе с постом wall-27280003_954783:
[10] Internal server error
2024-04-01 15:36:56,375 - INFO - services.py - 96 - ----------КОНЕЦ-РЕПОСТА----------
2024-04-01 15:37:56,374 - INFO - services.py - 69 - аккаунт София Богданова комментирует запись wall-182195964_952
2024-04-01 15:37:56,450 - ERROR - services.py - 93 - Ошибка при работе с постом wall-182195964_952:
[10] Internal server error
2024-04-01 15:37:56,451 - INFO - services.py - 96 - ----------КОНЕЦ-РЕПОСТА----------
2024-04-01 15:38:56,457 - INFO - services.py - 69 - аккаунт София Богданова комментирует запись wall-88294670_5833
2024-04-01 15:38:58,771 - INFO - services.py - 77 - аккаунт София Богданова репостит запись wall-88294670_5833
2024-04-01 15:39:01,293 - INFO - services.py - 83 - аккаунт София Богданова вступает в группу поста wall-88294670_5833
2024-04-01 15:39:01,333 - ERROR - services.py - 93 - Ошибка при работе с постом wall-88294670_5833:
Captcha needed
2024-04-01 15:39:01,333 - INFO - services.py - 96 - ----------КОНЕЦ-РЕПОСТА----------
2024-04-01 15:40:01,338 - INFO - services.py - 69 - аккаунт София Богданова комментирует запись wall-128976064_18164
2024-04-01 15:40:01,405 - ERROR - services.py - 93 - Ошибка при работе с постом wall-128976064_18164:
[10] Internal server error
2024-04-01 15:40:01,405 - INFO - services.py - 96 - ----------КОНЕЦ-РЕПОСТА----------
2024-04-01 15:41:01,413 - INFO - services.py - 69 - аккаунт София Богданова комментирует запись wall-183891736_7784
2024-04-01 15:41:03,956 - INFO - services.py - 77 - аккаунт София Богданова репостит запись wall-183891736_7784
2024-04-01 15:41:06,335 - INFO - services.py - 83 - аккаунт София Богданова вступает в группу поста wall-183891736_7784
2024-04-01 15:41:06,412 - ERROR - services.py - 93 - Ошибка при работе с постом wall-183891736_7784:
Captcha needed
2024-04-01 15:41:06,413 - INFO - services.py - 96 - ----------КОНЕЦ-РЕПОСТА----------
2024-04-01 15:42:06,417 - INFO - services.py - 69 - аккаунт София Богданова комментирует запись wall-146112919_13710
2024-04-01 15:42:08,893 - INFO - services.py - 77 - аккаунт София Богданова репостит запись wall-146112919_13710
2024-04-01 15:42:11,131 - INFO - services.py - 83 - аккаунт София Богданова вступает в группу поста wall-146112919_13710
2024-04-01 15:42:11,184 - ERROR - services.py - 93 - Ошибка при работе с постом wall-146112919_13710:
Captcha needed
2024-04-01 15:42:11,184 - INFO - services.py - 96 - ----------КОНЕЦ-РЕПОСТА----------
2024-04-01 15:43:11,192 - INFO - services.py - 69 - аккаунт София Богданова комментирует запись wall-146112919_13755
2024-04-01 15:43:13,571 - INFO - services.py - 77 - аккаунт София Богданова репостит запись wall-146112919_13755
2024-04-01 15:43:16,077 - INFO - services.py - 83 - аккаунт София Богданова вступает в группу поста wall-146112919_13755
2024-04-01 15:43:16,133 - ERROR - services.py - 93 - Ошибка при работе с постом wall-146112919_13755:
Captcha needed
2024-04-01 15:43:16,134 - INFO - services.py - 96 - ----------КОНЕЦ-РЕПОСТА----------
2024-04-01 15:44:16,138 - INFO - services.py - 69 - аккаунт София Богданова комментирует запись wall-157921718_46188
2024-04-01 15:44:18,378 - INFO - services.py - 77 - аккаунт София Богданова репостит запись wall-157921718_46188
2024-04-01 15:44:20,740 - INFO - services.py - 83 - аккаунт София Богданова вступает в группу поста wall-157921718_46188
2024-04-01 15:44:20,826 - ERROR - services.py - 93 - Ошибка при работе с постом wall-157921718_46188:
Captcha needed
2024-04-01 15:44:20,826 - INFO - services.py - 96 - ----------КОНЕЦ-РЕПОСТА----------
2024-04-01 15:45:20,834 - INFO - services.py - 69 - аккаунт София Богданова комментирует запись wall-212459712_183826
2024-04-01 15:45:20,940 - ERROR - services.py - 93 - Ошибка при работе с постом wall-212459712_183826:
[10] Internal server error
2024-04-01 15:45:20,940 - INFO - services.py - 96 - ----------КОНЕЦ-РЕПОСТА----------
2024-04-01 15:46:20,948 - INFO - services.py - 69 - аккаунт София Богданова комментирует запись wall-120733094_29860
2024-04-01 15:46:21,040 - ERROR - services.py - 93 - Ошибка при работе с постом wall-120733094_29860:
[10] Internal server error
2024-04-01 15:46:21,041 - INFO - services.py - 96 - ----------КОНЕЦ-РЕПОСТА----------
2024-04-01 15:47:21,043 - INFO - services.py - 69 - аккаунт София Богданова комментирует запись wall-63976979_28121
2024-04-01 15:47:21,090 - ERROR - services.py - 93 - Ошибка при работе с постом wall-63976979_28121:
[10] Internal server error
2024-04-01 15:47:21,090 - INFO - services.py - 96 - ----------КОНЕЦ-РЕПОСТА----------
2024-04-01 15:48:21,098 - INFO - services.py - 69 - аккаунт София Богданова комментирует запись wall-138759033_83076
2024-04-01 15:48:21,159 - ERROR - services.py - 93 - Ошибка при работе с постом wall-138759033_83076:
[10] Internal server error
2024-04-01 15:48:21,160 - INFO - services.py - 96 - ----------КОНЕЦ-РЕПОСТА----------
2024-04-01 15:49:21,168 - INFO - services.py - 69 - аккаунт София Богданова комментирует запись wall-198988658_19535
2024-04-01 15:49:21,263 - ERROR - services.py - 93 - Ошибка при работе с постом wall-198988658_19535:
[10] Internal server error
2024-04-01 15:49:21,263 - INFO - services.py - 96 - ----------КОНЕЦ-РЕПОСТА----------
2024-04-01 15:50:21,271 - INFO - services.py - 69 - аккаунт София Богданова комментирует запись wall-6403367_656880
2024-04-01 15:50:21,339 - ERROR - services.py - 93 - Ошибка при работе с постом wall-6403367_656880:
[10] Internal server error
2024-04-01 15:50:21,346 - INFO - services.py - 96 - ----------КОНЕЦ-РЕПОСТА----------
2024-04-01 15:51:21,351 - INFO - services.py - 69 - аккаунт София Богданова комментирует запись wall-27026900_10028
2024-04-01 15:51:21,429 - ERROR - services.py - 93 - Ошибка при работе с постом wall-27026900_10028:
[10] Internal server error
2024-04-01 15:51:21,429 - INFO - services.py - 96 - ----------КОНЕЦ-РЕПОСТА----------
2024-04-01 15:52:21,432 - INFO - services.py - 69 - аккаунт София Богданова комментирует запись wall-21510459_293403
2024-04-01 15:52:21,528 - ERROR - services.py - 93 - Ошибка при работе с постом wall-21510459_293403:
[10] Internal server error
2024-04-01 15:52:21,528 - INFO - services.py - 96 - ----------КОНЕЦ-РЕПОСТА----------
2024-04-01 15:53:21,534 - INFO - services.py - 69 - аккаунт София Богданова комментирует запись wall-73578636_57494
2024-04-01 15:53:21,597 - ERROR - services.py - 93 - Ошибка при работе с постом wall-73578636_57494:
[10] Internal server error
2024-04-01 15:53:21,597 - INFO - services.py - 96 - ----------КОНЕЦ-РЕПОСТА----------
2024-04-01 15:54:21,598 - INFO - services.py - 69 - аккаунт София Богданова комментирует запись wall-193328698_18080
2024-04-01 15:54:21,669 - ERROR - services.py - 93 - Ошибка при работе с постом wall-193328698_18080:
[10] Internal server error
2024-04-01 15:54:21,669 - INFO - services.py - 96 - ----------КОНЕЦ-РЕПОСТА----------
2024-04-01 15:55:21,671 - INFO - services.py - 69 - аккаунт София Богданова комментирует запись wall-74860508_6951
2024-04-01 15:55:21,727 - ERROR - services.py - 93 - Ошибка при работе с постом wall-74860508_6951:
[10] Internal server error
2024-04-01 15:55:21,728 - INFO - services.py - 96 - ----------КОНЕЦ-РЕПОСТА----------
2024-04-01 15:56:21,730 - INFO - services.py - 69 - аккаунт София Богданова комментирует запись wall-88789283_294563
2024-04-01 15:56:21,823 - ERROR - services.py - 93 - Ошибка при работе с постом wall-88789283_294563:
[10] Internal server error
2024-04-01 15:56:21,823 - INFO - services.py - 96 - ----------КОНЕЦ-РЕПОСТА----------
2024-04-01 15:57:21,831 - INFO - services.py - 69 - аккаунт София Богданова комментирует запись wall-12344745_18540
2024-04-01 15:57:24,316 - INFO - services.py - 77 - аккаунт София Богданова репостит запись wall-12344745_18540
2024-04-01 15:57:26,810 - INFO - services.py - 83 - аккаунт София Богданова вступает в группу поста wall-12344745_18540
2024-04-01 15:57:26,878 - ERROR - services.py - 93 - Ошибка при работе с постом wall-12344745_18540:
Captcha needed
2024-04-01 15:57:26,878 - INFO - services.py - 96 - ----------КОНЕЦ-РЕПОСТА----------
2024-04-01 15:58:26,886 - INFO - services.py - 69 - аккаунт София Богданова комментирует запись wall-196017287_41945
2024-04-01 15:58:26,976 - ERROR - services.py - 93 - Ошибка при работе с постом wall-196017287_41945:
[10] Internal server error
2024-04-01 15:58:26,976 - INFO - services.py - 96 - ----------КОНЕЦ-РЕПОСТА----------
2024-04-01 15:59:26,979 - INFO - services.py - 69 - аккаунт София Богданова комментирует запись wall-21434998_330664
2024-04-01 15:59:27,040 - ERROR - services.py - 93 - Ошибка при работе с постом wall-21434998_330664:
[10] Internal server error
2024-04-01 15:59:27,041 - INFO - services.py - 96 - ----------КОНЕЦ-РЕПОСТА----------
2024-04-01 16:00:27,039 - INFO - services.py - 69 - аккаунт София Богданова комментирует запись wall-223191704_57
2024-04-01 16:00:27,115 - ERROR - services.py - 93 - Ошибка при работе с постом wall-223191704_57:
[10] Internal server error
2024-04-01 16:00:27,116 - INFO - services.py - 96 - ----------КОНЕЦ-РЕПОСТА----------
2024-04-01 16:01:27,124 - INFO - services.py - 69 - аккаунт София Богданова комментирует запись wall-192483511_31188
2024-04-01 16:01:27,216 - ERROR - services.py - 93 - Ошибка при работе с постом wall-192483511_31188:
[10] Internal server error
2024-04-01 16:01:27,216 - INFO - services.py - 96 - ----------КОНЕЦ-РЕПОСТА----------
2024-04-01 16:02:27,218 - INFO - services.py - 69 - аккаунт София Богданова комментирует запись wall-171543917_6454
2024-04-01 16:02:27,328 - ERROR - services.py - 93 - Ошибка при работе с постом wall-171543917_6454:
[10] Internal server error
2024-04-01 16:02:27,329 - INFO - services.py - 96 - ----------КОНЕЦ-РЕПОСТА----------
2024-04-01 16:03:27,329 - INFO - services.py - 69 - аккаунт София Богданова комментирует запись wall-112476686_133620
2024-04-01 16:03:27,404 - ERROR - services.py - 93 - Ошибка при работе с постом wall-112476686_133620:
[10] Internal server error
2024-04-01 16:03:27,404 - INFO - services.py - 96 - ----------КОНЕЦ-РЕПОСТА----------
2024-04-01 16:04:27,412 - INFO - services.py - 69 - аккаунт София Богданова комментирует запись wall-36047336_124006
2024-04-01 16:04:27,450 - ERROR - services.py - 93 - Ошибка при работе с постом wall-36047336_124006:
[213] Access to status replies denied
2024-04-01 16:04:27,450 - INFO - services.py - 96 - ----------КОНЕЦ-РЕПОСТА----------
2024-04-01 16:05:27,457 - INFO - services.py - 69 - аккаунт София Богданова комментирует запись wall-222419617_650
2024-04-01 16:05:29,928 - INFO - services.py - 77 - аккаунт София Богданова репостит запись wall-222419617_650
2024-04-01 16:05:32,383 - INFO - services.py - 83 - аккаунт София Богданова вступает в группу поста wall-222419617_650
2024-04-01 16:05:32,442 - ERROR - services.py - 93 - Ошибка при работе с постом wall-222419617_650:
Captcha needed
2024-04-01 16:05:32,442 - INFO - services.py - 96 - ----------КОНЕЦ-РЕПОСТА----------
2024-04-01 16:06:32,449 - INFO - services.py - 69 - аккаунт София Богданова комментирует запись wall-154505733_2372
2024-04-01 16:06:32,700 - ERROR - services.py - 93 - Ошибка при работе с постом wall-154505733_2372:
[10] Internal server error
2024-04-01 16:06:32,700 - INFO - services.py - 96 - ----------КОНЕЦ-РЕПОСТА----------
2024-04-01 16:07:32,707 - INFO - services.py - 69 - аккаунт София Богданова комментирует запись wall-212503703_4588
2024-04-01 16:07:35,149 - INFO - services.py - 77 - аккаунт София Богданова репостит запись wall-212503703_4588
2024-04-01 16:07:37,541 - INFO - services.py - 83 - аккаунт София Богданова вступает в группу поста wall-212503703_4588
2024-04-01 16:07:37,594 - ERROR - services.py - 93 - Ошибка при работе с постом wall-212503703_4588:
Captcha needed
2024-04-01 16:07:37,594 - INFO - services.py - 96 - ----------КОНЕЦ-РЕПОСТА----------
2024-04-01 16:07:37,596 - INFO - vk_api.py - 172 - Auth with login: 79995663379
2024-04-01 16:07:37,596 - INFO - vk_api.py - 431 - Checking remixsid...
2024-04-01 16:07:37,596 - INFO - vk_api.py - 434 - No remixsid
2024-04-01 16:07:37,596 - INFO - vk_api.py - 202 - remixsid from config is not valid: None
2024-04-01 16:07:37,596 - INFO - vk_api.py - 242 - Logging in...
2024-04-01 16:07:37,958 - INFO - vk_api.py - 295 - Captcha code is required
2024-04-01 16:07:37,959 - INFO - vk_api.py - 172 - Auth with login: 79995663379
2024-04-01 16:07:37,959 - INFO - vk_api.py - 431 - Checking remixsid...
2024-04-01 16:07:37,959 - INFO - vk_api.py - 434 - No remixsid
2024-04-01 16:07:37,959 - INFO - vk_api.py - 202 - remixsid from config is not valid: None
2024-04-01 16:07:37,959 - INFO - vk_api.py - 242 - Logging in...
2024-04-01 16:07:38,249 - INFO - vk_api.py - 295 - Captcha code is required
2024-04-01 16:07:38,249 - ERROR - services.py - 57 - Ошибка при входе в аккаунт 79995663379 --- 
Captcha needed
2024-04-01 16:07:38,250 - INFO - vk_api.py - 172 - Auth with login: 79965964829
2024-04-01 16:07:38,250 - INFO - vk_api.py - 431 - Checking remixsid...
2024-04-01 16:07:38,250 - INFO - vk_api.py - 434 - No remixsid
2024-04-01 16:07:38,250 - INFO - vk_api.py - 202 - remixsid from config is not valid: None
2024-04-01 16:07:38,250 - INFO - vk_api.py - 242 - Logging in...
2024-04-01 16:07:38,585 - INFO - vk_api.py - 172 - Auth with login: 79965964829
2024-04-01 16:07:38,585 - INFO - vk_api.py - 431 - Checking remixsid...
2024-04-01 16:07:38,585 - INFO - vk_api.py - 434 - No remixsid
2024-04-01 16:07:38,585 - INFO - vk_api.py - 202 - remixsid from config is not valid: None
2024-04-01 16:07:38,585 - INFO - vk_api.py - 242 - Logging in...
2024-04-01 16:07:38,883 - ERROR - services.py - 57 - Ошибка при входе в аккаунт 79965964829 --- 
Bad password
2024-04-01 16:07:38,884 - INFO - vk_api.py - 172 - Auth with login: 79893436905
2024-04-01 16:07:38,885 - INFO - vk_api.py - 431 - Checking remixsid...
2024-04-01 16:07:38,987 - INFO - vk_api.py - 444 - remixsid is valid
2024-04-01 16:07:38,987 - INFO - vk_api.py - 389 - Checking security check request
2024-04-01 16:07:40,064 - INFO - vk_api.py - 395 - Security check is not required
2024-04-01 16:07:40,167 - INFO - vk_api.py - 213 - access_token from config is valid
2024-04-01 16:08:40,175 - INFO - services.py - 69 - аккаунт Ирина Третьякова комментирует запись wall-146112919_13282
2024-04-01 16:08:42,505 - INFO - services.py - 77 - аккаунт Ирина Третьякова репостит запись wall-146112919_13282
2024-04-01 16:08:45,194 - INFO - services.py - 83 - аккаунт Ирина Третьякова вступает в группу поста wall-146112919_13282
2024-04-01 16:08:45,242 - ERROR - services.py - 93 - Ошибка при работе с постом wall-146112919_13282:
[15] Access denied: you are already in this community
2024-04-01 16:08:45,242 - INFO - services.py - 96 - ----------КОНЕЦ-РЕПОСТА----------
2024-04-01 16:09:45,250 - INFO - services.py - 69 - аккаунт Ирина Третьякова комментирует запись wall-215425316_26544
2024-04-01 16:09:47,554 - INFO - services.py - 77 - аккаунт Ирина Третьякова репостит запись wall-215425316_26544
2024-04-01 16:09:49,914 - INFO - services.py - 83 - аккаунт Ирина Третьякова вступает в группу поста wall-215425316_26544
2024-04-01 16:09:50,017 - ERROR - services.py - 93 - Ошибка при работе с постом wall-215425316_26544:
[15] Access denied: you are already in this community
2024-04-01 16:09:50,017 - INFO - services.py - 96 - ----------КОНЕЦ-РЕПОСТА----------
2024-04-01 16:10:50,025 - INFO - services.py - 69 - аккаунт Ирина Третьякова комментирует запись wall-67590063_258986
2024-04-01 16:10:52,575 - INFO - services.py - 77 - аккаунт Ирина Третьякова репостит запись wall-67590063_258986
2024-04-01 16:10:54,969 - INFO - services.py - 83 - аккаунт Ирина Третьякова вступает в группу поста wall-67590063_258986
2024-04-01 16:10:55,156 - INFO - services.py - 96 - ----------КОНЕЦ-РЕПОСТА----------
2024-04-01 16:11:55,163 - INFO - services.py - 69 - аккаунт Ирина Третьякова комментирует запись wall-66740018_161495
2024-04-01 16:11:57,609 - INFO - services.py - 77 - аккаунт Ирина Третьякова репостит запись wall-66740018_161495
2024-04-01 16:11:59,962 - INFO - services.py - 83 - аккаунт Ирина Третьякова вступает в группу поста wall-66740018_161495
2024-04-01 16:12:00,339 - INFO - services.py - 96 - ----------КОНЕЦ-РЕПОСТА----------
2024-04-01 16:13:00,347 - INFO - services.py - 69 - аккаунт Ирина Третьякова комментирует запись wall-55516315_1195740
2024-04-01 16:13:02,726 - INFO - services.py - 77 - аккаунт Ирина Третьякова репостит запись wall-55516315_1195740
2024-04-01 16:13:05,191 - INFO - services.py - 83 - аккаунт Ирина Третьякова вступает в группу поста wall-55516315_1195740
2024-04-01 16:13:05,369 - INFO - services.py - 96 - ----------КОНЕЦ-РЕПОСТА----------
2024-04-01 16:14:05,377 - INFO - services.py - 69 - аккаунт Ирина Третьякова комментирует запись wall-121654475_89266
2024-04-01 16:14:07,756 - INFO - services.py - 77 - аккаунт Ирина Третьякова репостит запись wall-121654475_89266
2024-04-01 16:14:10,180 - INFO - services.py - 83 - аккаунт Ирина Третьякова вступает в группу поста wall-121654475_89266
2024-04-01 16:14:10,328 - INFO - services.py - 96 - ----------КОНЕЦ-РЕПОСТА----------
2024-04-01 16:15:10,328 - INFO - services.py - 69 - аккаунт Ирина Третьякова комментирует запись wall-60778328_64218
2024-04-01 16:15:12,729 - INFO - services.py - 77 - аккаунт Ирина Третьякова репостит запись wall-60778328_64218
2024-04-01 16:15:15,094 - INFO - services.py - 83 - аккаунт Ирина Третьякова вступает в группу поста wall-60778328_64218
2024-04-01 16:15:15,151 - ERROR - services.py - 93 - Ошибка при работе с постом wall-60778328_64218:
[15] Access denied: you are already in this community
2024-04-01 16:15:15,151 - INFO - services.py - 96 - ----------КОНЕЦ-РЕПОСТА----------
2024-04-01 16:16:15,159 - INFO - services.py - 69 - аккаунт Ирина Третьякова комментирует запись wall-58526842_97035
2024-04-01 16:16:17,736 - INFO - services.py - 77 - аккаунт Ирина Третьякова репостит запись wall-58526842_97035
2024-04-01 16:16:20,183 - INFO - services.py - 83 - аккаунт Ирина Третьякова вступает в группу поста wall-58526842_97035
2024-04-01 16:16:20,681 - INFO - services.py - 96 - ----------КОНЕЦ-РЕПОСТА----------
2024-04-01 16:17:20,682 - INFO - services.py - 69 - аккаунт Ирина Третьякова комментирует запись wall-75123249_62597
2024-04-01 16:17:23,192 - INFO - services.py - 77 - аккаунт Ирина Третьякова репостит запись wall-75123249_62597
2024-04-01 16:17:25,727 - INFO - services.py - 83 - аккаунт Ирина Третьякова вступает в группу поста wall-75123249_62597
2024-04-01 16:17:25,776 - ERROR - services.py - 93 - Ошибка при работе с постом wall-75123249_62597:
[15] Access denied: you are already in this community
2024-04-01 16:17:25,776 - INFO - services.py - 96 - ----------КОНЕЦ-РЕПОСТА----------
2024-04-01 16:18:25,781 - INFO - services.py - 69 - аккаунт Ирина Третьякова комментирует запись wall-41214274_225009
2024-04-01 16:18:28,169 - INFO - services.py - 77 - аккаунт Ирина Третьякова репостит запись wall-41214274_225009
2024-04-01 16:18:30,521 - INFO - services.py - 83 - аккаунт Ирина Третьякова вступает в группу поста wall-41214274_225009
2024-04-01 16:18:30,716 - INFO - services.py - 96 - ----------КОНЕЦ-РЕПОСТА----------
2024-04-01 16:19:30,724 - INFO - services.py - 69 - аккаунт Ирина Третьякова комментирует запись wall-95926359_77328
2024-04-01 16:19:33,290 - INFO - services.py - 77 - аккаунт Ирина Третьякова репостит запись wall-95926359_77328
2024-04-01 16:19:35,749 - INFO - services.py - 83 - аккаунт Ирина Третьякова вступает в группу поста wall-95926359_77328
2024-04-01 16:19:35,807 - ERROR - services.py - 93 - Ошибка при работе с постом wall-95926359_77328:
Captcha needed
2024-04-01 16:19:35,807 - INFO - services.py - 96 - ----------КОНЕЦ-РЕПОСТА----------
2024-04-01 16:20:35,815 - INFO - services.py - 69 - аккаунт Ирина Третьякова комментирует запись wall-217780857_7605
2024-04-01 16:20:38,210 - INFO - services.py - 77 - аккаунт Ирина Третьякова репостит запись wall-217780857_7605
2024-04-01 16:20:40,866 - INFO - services.py - 83 - аккаунт Ирина Третьякова вступает в группу поста wall-217780857_7605
2024-04-01 16:20:40,926 - ERROR - services.py - 93 - Ошибка при работе с постом wall-217780857_7605:
Captcha needed
2024-04-01 16:20:40,926 - INFO - services.py - 96 - ----------КОНЕЦ-РЕПОСТА----------
2024-04-01 16:21:40,932 - INFO - services.py - 69 - аккаунт Ирина Третьякова комментирует запись wall-167080827_194960
2024-04-01 16:21:43,445 - INFO - services.py - 77 - аккаунт Ирина Третьякова репостит запись wall-167080827_194960
2024-04-01 16:21:46,039 - INFO - services.py - 83 - аккаунт Ирина Третьякова вступает в группу поста wall-167080827_194960
2024-04-01 16:21:46,107 - ERROR - services.py - 93 - Ошибка при работе с постом wall-167080827_194960:
Captcha needed
2024-04-01 16:21:46,108 - INFO - services.py - 96 - ----------КОНЕЦ-РЕПОСТА----------
2024-04-01 16:22:46,115 - INFO - services.py - 69 - аккаунт Ирина Третьякова комментирует запись wall-119258690_500614
2024-04-01 16:22:48,565 - INFO - services.py - 77 - аккаунт Ирина Третьякова репостит запись wall-119258690_500614
2024-04-01 16:22:51,231 - INFO - services.py - 83 - аккаунт Ирина Третьякова вступает в группу поста wall-119258690_500614
2024-04-01 16:22:51,294 - ERROR - services.py - 93 - Ошибка при работе с постом wall-119258690_500614:
Captcha needed
2024-04-01 16:22:51,295 - INFO - services.py - 96 - ----------КОНЕЦ-РЕПОСТА----------
2024-04-01 16:23:51,303 - INFO - services.py - 69 - аккаунт Ирина Третьякова комментирует запись wall-21652082_8979039
2024-04-01 16:23:53,688 - INFO - services.py - 77 - аккаунт Ирина Третьякова репостит запись wall-21652082_8979039
2024-04-01 16:23:56,052 - INFO - services.py - 83 - аккаунт Ирина Третьякова вступает в группу поста wall-21652082_8979039
2024-04-01 16:23:56,116 - ERROR - services.py - 93 - Ошибка при работе с постом wall-21652082_8979039:
Captcha needed
2024-04-01 16:23:56,116 - INFO - services.py - 96 - ----------КОНЕЦ-РЕПОСТА----------
2024-04-01 16:24:56,120 - INFO - services.py - 69 - аккаунт Ирина Третьякова комментирует запись wall-27280003_954783
2024-04-01 16:24:56,175 - ERROR - services.py - 93 - Ошибка при работе с постом wall-27280003_954783:
[10] Internal server error
2024-04-01 16:24:56,176 - INFO - services.py - 96 - ----------КОНЕЦ-РЕПОСТА----------
2024-04-01 16:25:56,183 - INFO - services.py - 69 - аккаунт Ирина Третьякова комментирует запись wall-182195964_952
2024-04-01 16:25:56,256 - ERROR - services.py - 93 - Ошибка при работе с постом wall-182195964_952:
[10] Internal server error
2024-04-01 16:25:56,256 - INFO - services.py - 96 - ----------КОНЕЦ-РЕПОСТА----------
2024-04-01 16:26:56,264 - INFO - services.py - 69 - аккаунт Ирина Третьякова комментирует запись wall-88294670_5833
2024-04-01 16:26:58,625 - INFO - services.py - 77 - аккаунт Ирина Третьякова репостит запись wall-88294670_5833
2024-04-01 16:27:00,983 - INFO - services.py - 83 - аккаунт Ирина Третьякова вступает в группу поста wall-88294670_5833
2024-04-01 16:27:01,036 - ERROR - services.py - 93 - Ошибка при работе с постом wall-88294670_5833:
Captcha needed
2024-04-01 16:27:01,036 - INFO - services.py - 96 - ----------КОНЕЦ-РЕПОСТА----------
2024-04-01 16:28:01,044 - INFO - services.py - 69 - аккаунт Ирина Третьякова комментирует запись wall-128976064_18164
2024-04-01 16:28:01,119 - ERROR - services.py - 93 - Ошибка при работе с постом wall-128976064_18164:
[10] Internal server error
2024-04-01 16:28:01,119 - INFO - services.py - 96 - ----------КОНЕЦ-РЕПОСТА----------
2024-04-01 16:29:01,126 - INFO - services.py - 69 - аккаунт Ирина Третьякова комментирует запись wall-183891736_7784
2024-04-01 16:29:03,413 - INFO - services.py - 77 - аккаунт Ирина Третьякова репостит запись wall-183891736_7784
2024-04-01 16:29:05,809 - INFO - services.py - 83 - аккаунт Ирина Третьякова вступает в группу поста wall-183891736_7784
2024-04-01 16:29:05,882 - ERROR - services.py - 93 - Ошибка при работе с постом wall-183891736_7784:
Captcha needed
2024-04-01 16:29:05,883 - INFO - services.py - 96 - ----------КОНЕЦ-РЕПОСТА----------
2024-04-01 16:30:05,890 - INFO - services.py - 69 - аккаунт Ирина Третьякова комментирует запись wall-146112919_13710
2024-04-01 16:30:08,267 - INFO - services.py - 77 - аккаунт Ирина Третьякова репостит запись wall-146112919_13710
2024-04-01 16:30:10,631 - INFO - services.py - 83 - аккаунт Ирина Третьякова вступает в группу поста wall-146112919_13710
2024-04-01 16:30:10,690 - ERROR - services.py - 93 - Ошибка при работе с постом wall-146112919_13710:
Captcha needed
2024-04-01 16:30:10,690 - INFO - services.py - 96 - ----------КОНЕЦ-РЕПОСТА----------
2024-04-01 16:31:10,698 - INFO - services.py - 69 - аккаунт Ирина Третьякова комментирует запись wall-146112919_13755
2024-04-01 16:31:13,200 - INFO - services.py - 77 - аккаунт Ирина Третьякова репостит запись wall-146112919_13755
2024-04-01 16:31:15,647 - INFO - services.py - 83 - аккаунт Ирина Третьякова вступает в группу поста wall-146112919_13755
2024-04-01 16:31:15,722 - ERROR - services.py - 93 - Ошибка при работе с постом wall-146112919_13755:
Captcha needed
2024-04-01 16:31:15,722 - INFO - services.py - 96 - ----------КОНЕЦ-РЕПОСТА----------
2024-04-01 16:32:15,751 - INFO - services.py - 69 - аккаунт Ирина Третьякова комментирует запись wall-157921718_46188
2024-04-01 16:32:15,814 - ERROR - services.py - 93 - Ошибка при работе с постом wall-157921718_46188:
[10] Internal server error
2024-04-01 16:32:15,815 - INFO - services.py - 96 - ----------КОНЕЦ-РЕПОСТА----------
2024-04-01 16:33:15,818 - INFO - services.py - 69 - аккаунт Ирина Третьякова комментирует запись wall-212459712_183826
2024-04-01 16:33:15,915 - ERROR - services.py - 93 - Ошибка при работе с постом wall-212459712_183826:
[10] Internal server error
2024-04-01 16:33:15,915 - INFO - services.py - 96 - ----------КОНЕЦ-РЕПОСТА----------
2024-04-01 16:34:15,923 - INFO - services.py - 69 - аккаунт Ирина Третьякова комментирует запись wall-120733094_29860
2024-04-01 16:34:16,127 - ERROR - services.py - 93 - Ошибка при работе с постом wall-120733094_29860:
[10] Internal server error
2024-04-01 16:34:16,127 - INFO - services.py - 96 - ----------КОНЕЦ-РЕПОСТА----------
2024-04-01 16:35:16,135 - INFO - services.py - 69 - аккаунт Ирина Третьякова комментирует запись wall-63976979_28121
2024-04-01 16:35:16,189 - ERROR - services.py - 93 - Ошибка при работе с постом wall-63976979_28121:
[10] Internal server error
2024-04-01 16:35:16,189 - INFO - services.py - 96 - ----------КОНЕЦ-РЕПОСТА----------
2024-04-01 16:36:16,189 - INFO - services.py - 69 - аккаунт Ирина Третьякова комментирует запись wall-138759033_83076
2024-04-01 16:36:16,257 - ERROR - services.py - 93 - Ошибка при работе с постом wall-138759033_83076:
[10] Internal server error
2024-04-01 16:36:16,257 - INFO - services.py - 96 - ----------КОНЕЦ-РЕПОСТА----------
2024-04-01 16:37:16,265 - INFO - services.py - 69 - аккаунт Ирина Третьякова комментирует запись wall-198988658_19535
2024-04-01 16:37:16,373 - ERROR - services.py - 93 - Ошибка при работе с постом wall-198988658_19535:
[10] Internal server error
2024-04-01 16:37:16,373 - INFO - services.py - 96 - ----------КОНЕЦ-РЕПОСТА----------
2024-04-01 16:38:16,381 - INFO - services.py - 69 - аккаунт Ирина Третьякова комментирует запись wall-6403367_656880
2024-04-01 16:38:16,453 - ERROR - services.py - 93 - Ошибка при работе с постом wall-6403367_656880:
[10] Internal server error
2024-04-01 16:38:16,454 - INFO - services.py - 96 - ----------КОНЕЦ-РЕПОСТА----------
2024-04-01 16:39:16,453 - INFO - services.py - 69 - аккаунт Ирина Третьякова комментирует запись wall-27026900_10028
2024-04-01 16:39:16,518 - ERROR - services.py - 93 - Ошибка при работе с постом wall-27026900_10028:
[10] Internal server error
2024-04-01 16:39:16,518 - INFO - services.py - 96 - ----------КОНЕЦ-РЕПОСТА----------
2024-04-01 16:40:16,522 - INFO - services.py - 69 - аккаунт Ирина Третьякова комментирует запись wall-21510459_293403
2024-04-01 16:40:16,655 - ERROR - services.py - 93 - Ошибка при работе с постом wall-21510459_293403:
[10] Internal server error
2024-04-01 16:40:16,655 - INFO - services.py - 96 - ----------КОНЕЦ-РЕПОСТА----------
2024-04-01 16:41:16,661 - INFO - services.py - 69 - аккаунт Ирина Третьякова комментирует запись wall-73578636_57494
2024-04-01 16:41:16,861 - ERROR - services.py - 93 - Ошибка при работе с постом wall-73578636_57494:
[10] Internal server error
2024-04-01 16:41:16,861 - INFO - services.py - 96 - ----------КОНЕЦ-РЕПОСТА----------
2024-04-01 16:42:16,870 - INFO - services.py - 69 - аккаунт Ирина Третьякова комментирует запись wall-193328698_18080
2024-04-01 16:42:16,948 - ERROR - services.py - 93 - Ошибка при работе с постом wall-193328698_18080:
[10] Internal server error
2024-04-01 16:42:16,948 - INFO - services.py - 96 - ----------КОНЕЦ-РЕПОСТА----------
2024-04-01 16:43:16,956 - INFO - services.py - 69 - аккаунт Ирина Третьякова комментирует запись wall-74860508_6951
2024-04-01 16:43:17,010 - ERROR - services.py - 93 - Ошибка при работе с постом wall-74860508_6951:
[10] Internal server error
2024-04-01 16:43:17,019 - INFO - services.py - 96 - ----------КОНЕЦ-РЕПОСТА----------
2024-04-01 16:44:17,024 - INFO - services.py - 69 - аккаунт Ирина Третьякова комментирует запись wall-88789283_294563
2024-04-01 16:44:17,088 - ERROR - services.py - 93 - Ошибка при работе с постом wall-88789283_294563:
[10] Internal server error
2024-04-01 16:44:17,088 - INFO - services.py - 96 - ----------КОНЕЦ-РЕПОСТА----------
2024-04-01 16:45:17,094 - INFO - services.py - 69 - аккаунт Ирина Третьякова комментирует запись wall-12344745_18540
2024-04-01 16:45:19,454 - INFO - services.py - 77 - аккаунт Ирина Третьякова репостит запись wall-12344745_18540
2024-04-01 16:45:21,793 - INFO - services.py - 83 - аккаунт Ирина Третьякова вступает в группу поста wall-12344745_18540
2024-04-01 16:45:21,849 - ERROR - services.py - 93 - Ошибка при работе с постом wall-12344745_18540:
Captcha needed
2024-04-01 16:45:21,849 - INFO - services.py - 96 - ----------КОНЕЦ-РЕПОСТА----------
2024-04-01 16:46:21,857 - INFO - services.py - 69 - аккаунт Ирина Третьякова комментирует запись wall-196017287_41945
2024-04-01 16:46:21,932 - ERROR - services.py - 93 - Ошибка при работе с постом wall-196017287_41945:
[10] Internal server error
2024-04-01 16:46:21,932 - INFO - services.py - 96 - ----------КОНЕЦ-РЕПОСТА----------
2024-04-01 16:47:21,935 - INFO - services.py - 69 - аккаунт Ирина Третьякова комментирует запись wall-21434998_330664
2024-04-01 16:47:21,998 - ERROR - services.py - 93 - Ошибка при работе с постом wall-21434998_330664:
[10] Internal server error
2024-04-01 16:47:21,999 - INFO - services.py - 96 - ----------КОНЕЦ-РЕПОСТА----------
2024-04-01 16:48:21,999 - INFO - services.py - 69 - аккаунт Ирина Третьякова комментирует запись wall-223191704_57
2024-04-01 16:48:22,070 - ERROR - services.py - 93 - Ошибка при работе с постом wall-223191704_57:
[10] Internal server error
2024-04-01 16:48:22,071 - INFO - services.py - 96 - ----------КОНЕЦ-РЕПОСТА----------
2024-04-01 16:49:22,079 - INFO - services.py - 69 - аккаунт Ирина Третьякова комментирует запись wall-192483511_31188
2024-04-01 16:49:22,173 - ERROR - services.py - 93 - Ошибка при работе с постом wall-192483511_31188:
[10] Internal server error
2024-04-01 16:49:22,173 - INFO - services.py - 96 - ----------КОНЕЦ-РЕПОСТА----------
2024-04-01 16:50:22,181 - INFO - services.py - 69 - аккаунт Ирина Третьякова комментирует запись wall-171543917_6454
2024-04-01 16:50:22,266 - ERROR - services.py - 93 - Ошибка при работе с постом wall-171543917_6454:
[10] Internal server error
2024-04-01 16:50:22,266 - INFO - services.py - 96 - ----------КОНЕЦ-РЕПОСТА----------
2024-04-01 16:51:22,275 - INFO - services.py - 69 - аккаунт Ирина Третьякова комментирует запись wall-112476686_133620
2024-04-01 16:51:22,403 - ERROR - services.py - 93 - Ошибка при работе с постом wall-112476686_133620:
[10] Internal server error
2024-04-01 16:51:22,403 - INFO - services.py - 96 - ----------КОНЕЦ-РЕПОСТА----------
2024-04-01 16:52:22,412 - INFO - services.py - 69 - аккаунт Ирина Третьякова комментирует запись wall-36047336_124006
2024-04-01 16:52:22,494 - ERROR - services.py - 93 - Ошибка при работе с постом wall-36047336_124006:
[213] Access to status replies denied
2024-04-01 16:52:22,495 - INFO - services.py - 96 - ----------КОНЕЦ-РЕПОСТА----------
2024-04-01 16:53:22,503 - INFO - services.py - 69 - аккаунт Ирина Третьякова комментирует запись wall-222419617_650
2024-04-01 16:53:25,000 - INFO - services.py - 77 - аккаунт Ирина Третьякова репостит запись wall-222419617_650
2024-04-01 16:53:27,401 - INFO - services.py - 83 - аккаунт Ирина Третьякова вступает в группу поста wall-222419617_650
2024-04-01 16:53:27,462 - ERROR - services.py - 93 - Ошибка при работе с постом wall-222419617_650:
Captcha needed
2024-04-01 16:53:27,462 - INFO - services.py - 96 - ----------КОНЕЦ-РЕПОСТА----------
2024-04-01 16:54:27,470 - INFO - services.py - 69 - аккаунт Ирина Третьякова комментирует запись wall-154505733_2372
2024-04-01 16:54:27,695 - ERROR - services.py - 93 - Ошибка при работе с постом wall-154505733_2372:
[10] Internal server error
2024-04-01 16:54:27,695 - INFO - services.py - 96 - ----------КОНЕЦ-РЕПОСТА----------
2024-04-01 16:55:27,700 - INFO - services.py - 69 - аккаунт Ирина Третьякова комментирует запись wall-212503703_4588
2024-04-01 16:55:30,118 - INFO - services.py - 77 - аккаунт Ирина Третьякова репостит запись wall-212503703_4588
2024-04-01 16:55:32,453 - INFO - services.py - 83 - аккаунт Ирина Третьякова вступает в группу поста wall-212503703_4588
2024-04-01 16:55:32,503 - ERROR - services.py - 93 - Ошибка при работе с постом wall-212503703_4588:
Captcha needed
2024-04-01 16:55:32,503 - INFO - services.py - 96 - ----------КОНЕЦ-РЕПОСТА----------
2024-04-01 16:55:32,621 - ERROR - dispatcher.py - 219 - Failed to fetch updates - TelegramNetworkError: HTTP Client says - Request timeout error
2024-04-01 16:55:32,621 - WARNING - dispatcher.py - 221 - Sleep for 1.000000 seconds and try again... (tryings = 0, bot id = 6727463369)
2024-04-01 16:55:32,859 - INFO - dispatcher.py - 172 - Update id=56115926 is handled. Duration 8633215 ms by bot id=6727463369
2024-04-01 16:55:43,670 - INFO - dispatcher.py - 233 - Connection established (tryings = 1, bot id = 6727463369)
2024-04-01 20:37:36,440 - ERROR - dispatcher.py - 219 - Failed to fetch updates - TelegramNetworkError: HTTP Client says - Request timeout error
2024-04-01 20:37:36,441 - WARNING - dispatcher.py - 221 - Sleep for 1.000000 seconds and try again... (tryings = 0, bot id = 6727463369)
2024-04-01 22:10:32,624 - WARNING - dispatcher.py - 455 - Received SIGINT signal
2024-04-01 22:10:32,628 - INFO - dispatcher.py - 359 - Polling stopped for bot @GiftWinner_bot id=6727463369 - 'Бот участник в розыгрышах'
2024-04-01 22:10:32,629 - INFO - dispatcher.py - 554 - Polling stopped
2024-04-03 12:02:44,947 - INFO - dispatcher.py - 527 - Start polling
2024-04-03 12:02:45,006 - INFO - dispatcher.py - 341 - Run polling for bot @GiftWinner_bot id=6727463369 - 'Бот участник в розыгрышах'
2024-04-03 12:02:57,284 - INFO - dispatcher.py - 172 - Update id=56115929 is handled. Duration 5740 ms by bot id=6727463369
2024-04-03 12:02:59,981 - INFO - vk_api.py - 172 - Auth with login: +79998773625
2024-04-03 12:02:59,981 - INFO - vk_api.py - 431 - Checking remixsid...
2024-04-03 12:03:00,297 - INFO - vk_api.py - 444 - remixsid is valid
2024-04-03 12:03:00,297 - INFO - vk_api.py - 389 - Checking security check request
2024-04-03 12:03:00,799 - INFO - vk_api.py - 395 - Security check is not required
2024-04-03 12:03:00,881 - INFO - vk_api.py - 209 - access_token from config is not valid: {'access_token': 'vk1.a.z-CrXVbi2XCkJIXTuVwRfDQIP9GmWGagYAX1nJh_Tl2SqM_dFtQw3ikFhsJyo3iCQDLXBOYTt1j7uBtTvJ0q8HLPlK6mIkieW_yAI-efN_LTeXl7eZJxW7MbA45hn9Vyz9m8cS2_shyDgPpf8B1IKeXV_bfs0LURACvRFmNp9mKJ0F6Z1xD9fFD5aoHo0TuKxElaEdsxdh2WUrCjwWwC4A', 'expires_in': '86400', 'user_id': '855097942'}
2024-04-03 12:03:01,083 - INFO - vk_api.py - 543 - Got access_token
2024-04-03 12:04:01,081 - INFO - services.py - 69 - аккаунт Albina Vladimirovna комментирует запись wall-71665165_3725
2024-04-03 12:04:03,425 - INFO - services.py - 77 - аккаунт Albina Vladimirovna репостит запись wall-71665165_3725
2024-04-03 12:04:05,755 - INFO - services.py - 83 - аккаунт Albina Vladimirovna вступает в группу поста wall-71665165_3725
2024-04-03 12:04:05,958 - INFO - services.py - 96 - ----------КОНЕЦ-РЕПОСТА----------
2024-04-03 12:05:05,959 - INFO - services.py - 69 - аккаунт Albina Vladimirovna комментирует запись wall-66421068_5251
2024-04-03 12:05:08,434 - INFO - services.py - 77 - аккаунт Albina Vladimirovna репостит запись wall-66421068_5251
2024-04-03 12:05:10,680 - INFO - services.py - 83 - аккаунт Albina Vladimirovna вступает в группу поста wall-66421068_5251
2024-04-03 12:05:10,735 - ERROR - services.py - 93 - Ошибка при работе с постом wall-66421068_5251:
[15] Access denied: you are already in this community
2024-04-03 12:05:10,735 - INFO - services.py - 96 - ----------КОНЕЦ-РЕПОСТА----------
2024-04-03 12:06:10,734 - INFO - services.py - 69 - аккаунт Albina Vladimirovna комментирует запись wall-77555856_38240
2024-04-03 12:06:13,041 - INFO - services.py - 77 - аккаунт Albina Vladimirovna репостит запись wall-77555856_38240
2024-04-03 12:06:15,559 - INFO - services.py - 83 - аккаунт Albina Vladimirovna вступает в группу поста wall-77555856_38240
2024-04-03 12:06:15,862 - INFO - services.py - 96 - ----------КОНЕЦ-РЕПОСТА----------
2024-04-03 12:07:15,864 - INFO - services.py - 69 - аккаунт Albina Vladimirovna комментирует запись wall-164556759_12454
2024-04-03 12:07:18,298 - INFO - services.py - 77 - аккаунт Albina Vladimirovna репостит запись wall-164556759_12454
2024-04-03 12:07:20,674 - INFO - services.py - 83 - аккаунт Albina Vladimirovna вступает в группу поста wall-164556759_12454
2024-04-03 12:07:20,727 - ERROR - services.py - 93 - Ошибка при работе с постом wall-164556759_12454:
[15] Access denied: you are already in this community
2024-04-03 12:07:20,728 - INFO - services.py - 96 - ----------КОНЕЦ-РЕПОСТА----------
2024-04-03 12:08:20,730 - INFO - services.py - 69 - аккаунт Albina Vladimirovna комментирует запись wall-63492152_729445
2024-04-03 12:08:22,968 - INFO - services.py - 77 - аккаунт Albina Vladimirovna репостит запись wall-63492152_729445
2024-04-03 12:08:25,427 - INFO - services.py - 83 - аккаунт Albina Vladimirovna вступает в группу поста wall-63492152_729445
2024-04-03 12:08:25,494 - ERROR - services.py - 93 - Ошибка при работе с постом wall-63492152_729445:
[15] Access denied: you are already in this community
2024-04-03 12:08:25,495 - INFO - services.py - 96 - ----------КОНЕЦ-РЕПОСТА----------
2024-04-03 12:09:25,497 - INFO - services.py - 69 - аккаунт Albina Vladimirovna комментирует запись wall-22868873_60895
2024-04-03 12:09:27,929 - INFO - services.py - 77 - аккаунт Albina Vladimirovna репостит запись wall-22868873_60895
2024-04-03 12:09:30,381 - INFO - services.py - 83 - аккаунт Albina Vladimirovna вступает в группу поста wall-22868873_60895
2024-04-03 12:09:30,435 - ERROR - services.py - 93 - Ошибка при работе с постом wall-22868873_60895:
[15] Access denied: you are already in this community
2024-04-03 12:09:30,435 - INFO - services.py - 96 - ----------КОНЕЦ-РЕПОСТА----------
2024-04-03 12:10:30,443 - INFO - services.py - 69 - аккаунт Albina Vladimirovna комментирует запись wall-14272027_516719
2024-04-03 12:10:32,835 - INFO - services.py - 77 - аккаунт Albina Vladimirovna репостит запись wall-14272027_516719
2024-04-03 12:10:35,254 - INFO - services.py - 83 - аккаунт Albina Vladimirovna вступает в группу поста wall-14272027_516719
2024-04-03 12:10:35,306 - ERROR - services.py - 93 - Ошибка при работе с постом wall-14272027_516719:
[15] Access denied: you are already in this community
2024-04-03 12:10:35,306 - INFO - services.py - 96 - ----------КОНЕЦ-РЕПОСТА----------
2024-04-03 12:11:35,313 - INFO - services.py - 69 - аккаунт Albina Vladimirovna комментирует запись wall-46207567_64104
2024-04-03 12:11:37,882 - INFO - services.py - 77 - аккаунт Albina Vladimirovna репостит запись wall-46207567_64104
2024-04-03 12:11:40,533 - INFO - services.py - 83 - аккаунт Albina Vladimirovna вступает в группу поста wall-46207567_64104
2024-04-03 12:11:41,296 - INFO - services.py - 96 - ----------КОНЕЦ-РЕПОСТА----------
2024-04-03 12:12:41,301 - INFO - services.py - 69 - аккаунт Albina Vladimirovna комментирует запись wall-91195922_799189
2024-04-03 12:12:43,715 - INFO - services.py - 77 - аккаунт Albina Vladimirovna репостит запись wall-91195922_799189
2024-04-03 12:12:46,243 - INFO - services.py - 83 - аккаунт Albina Vladimirovna вступает в группу поста wall-91195922_799189
2024-04-03 12:12:46,618 - INFO - services.py - 96 - ----------КОНЕЦ-РЕПОСТА----------
2024-04-03 12:13:46,619 - INFO - services.py - 69 - аккаунт Albina Vladimirovna комментирует запись wall-210947733_419
2024-04-03 12:13:48,875 - INFO - services.py - 77 - аккаунт Albina Vladimirovna репостит запись wall-210947733_419
2024-04-03 12:13:51,303 - INFO - services.py - 83 - аккаунт Albina Vladimirovna вступает в группу поста wall-210947733_419
2024-04-03 12:13:51,345 - ERROR - services.py - 93 - Ошибка при работе с постом wall-210947733_419:
[15] Access denied: you are already in this community
2024-04-03 12:13:51,345 - INFO - services.py - 96 - ----------КОНЕЦ-РЕПОСТА----------
2024-04-03 12:14:51,353 - INFO - services.py - 69 - аккаунт Albina Vladimirovna комментирует запись wall-62901720_33020
2024-04-03 12:14:53,649 - INFO - services.py - 77 - аккаунт Albina Vladimirovna репостит запись wall-62901720_33020
2024-04-03 12:14:56,126 - INFO - services.py - 83 - аккаунт Albina Vladimirovna вступает в группу поста wall-62901720_33020
2024-04-03 12:14:56,196 - ERROR - services.py - 93 - Ошибка при работе с постом wall-62901720_33020:
[15] Access denied: you are already in this community
2024-04-03 12:14:56,197 - INFO - services.py - 96 - ----------КОНЕЦ-РЕПОСТА----------
2024-04-03 12:15:56,200 - INFO - services.py - 69 - аккаунт Albina Vladimirovna комментирует запись wall-157921718_46249
2024-04-03 12:15:58,574 - INFO - services.py - 77 - аккаунт Albina Vladimirovna репостит запись wall-157921718_46249
2024-04-03 12:16:01,054 - INFO - services.py - 83 - аккаунт Albina Vladimirovna вступает в группу поста wall-157921718_46249
2024-04-03 12:16:01,104 - ERROR - services.py - 93 - Ошибка при работе с постом wall-157921718_46249:
[15] Access denied: you are already in this community
2024-04-03 12:16:01,105 - INFO - services.py - 96 - ----------КОНЕЦ-РЕПОСТА----------
2024-04-03 12:17:01,112 - INFO - services.py - 69 - аккаунт Albina Vladimirovna комментирует запись wall-215425316_27092
2024-04-03 12:17:03,490 - INFO - services.py - 77 - аккаунт Albina Vladimirovna репостит запись wall-215425316_27092
2024-04-03 12:17:05,859 - INFO - services.py - 83 - аккаунт Albina Vladimirovna вступает в группу поста wall-215425316_27092
2024-04-03 12:17:05,913 - ERROR - services.py - 93 - Ошибка при работе с постом wall-215425316_27092:
[15] Access denied: you are already in this community
2024-04-03 12:17:05,914 - INFO - services.py - 96 - ----------КОНЕЦ-РЕПОСТА----------
2024-04-03 12:18:05,921 - INFO - services.py - 69 - аккаунт Albina Vladimirovna комментирует запись wall-146112919_13755
2024-04-03 12:18:08,215 - INFO - services.py - 77 - аккаунт Albina Vladimirovna репостит запись wall-146112919_13755
2024-04-03 12:18:10,672 - INFO - services.py - 83 - аккаунт Albina Vladimirovna вступает в группу поста wall-146112919_13755
2024-04-03 12:18:10,742 - ERROR - services.py - 93 - Ошибка при работе с постом wall-146112919_13755:
[15] Access denied: you are already in this community
2024-04-03 12:18:10,742 - INFO - services.py - 96 - ----------КОНЕЦ-РЕПОСТА----------
2024-04-03 12:19:10,750 - INFO - services.py - 69 - аккаунт Albina Vladimirovna комментирует запись wall-167080827_197489
2024-04-03 12:19:13,242 - INFO - services.py - 77 - аккаунт Albina Vladimirovna репостит запись wall-167080827_197489
2024-04-03 12:19:15,690 - INFO - services.py - 83 - аккаунт Albina Vladimirovna вступает в группу поста wall-167080827_197489
2024-04-03 12:19:15,757 - ERROR - services.py - 93 - Ошибка при работе с постом wall-167080827_197489:
[15] Access denied: you are already in this community
2024-04-03 12:19:15,757 - INFO - services.py - 96 - ----------КОНЕЦ-РЕПОСТА----------
2024-04-03 12:20:15,765 - INFO - services.py - 69 - аккаунт Albina Vladimirovna комментирует запись wall-157921718_46297
2024-04-03 12:20:18,075 - INFO - services.py - 77 - аккаунт Albina Vladimirovna репостит запись wall-157921718_46297
2024-04-03 12:20:20,513 - INFO - services.py - 83 - аккаунт Albina Vladimirovna вступает в группу поста wall-157921718_46297
2024-04-03 12:20:20,611 - ERROR - services.py - 93 - Ошибка при работе с постом wall-157921718_46297:
[15] Access denied: you are already in this community
2024-04-03 12:20:20,612 - INFO - services.py - 96 - ----------КОНЕЦ-РЕПОСТА----------
2024-04-03 12:21:20,612 - INFO - services.py - 69 - аккаунт Albina Vladimirovna комментирует запись wall-259971_142959
2024-04-03 12:21:22,980 - INFO - services.py - 77 - аккаунт Albina Vladimirovna репостит запись wall-259971_142959
2024-04-03 12:21:25,371 - INFO - services.py - 83 - аккаунт Albina Vladimirovna вступает в группу поста wall-259971_142959
2024-04-03 12:21:25,429 - ERROR - services.py - 93 - Ошибка при работе с постом wall-259971_142959:
[15] Access denied: you are already in this community
2024-04-03 12:21:25,429 - INFO - services.py - 96 - ----------КОНЕЦ-РЕПОСТА----------
2024-04-03 12:22:25,436 - INFO - services.py - 69 - аккаунт Albina Vladimirovna комментирует запись wall-16580516_479697
2024-04-03 12:22:27,770 - INFO - services.py - 77 - аккаунт Albina Vladimirovna репостит запись wall-16580516_479697
2024-04-03 12:22:30,358 - INFO - services.py - 83 - аккаунт Albina Vladimirovna вступает в группу поста wall-16580516_479697
2024-04-03 12:22:30,430 - ERROR - services.py - 93 - Ошибка при работе с постом wall-16580516_479697:
[15] Access denied: you are already in this community
2024-04-03 12:22:30,430 - INFO - services.py - 96 - ----------КОНЕЦ-РЕПОСТА----------
2024-04-03 12:23:30,436 - INFO - services.py - 69 - аккаунт Albina Vladimirovna комментирует запись wall-198155051_19163
2024-04-03 12:23:32,771 - INFO - services.py - 77 - аккаунт Albina Vladimirovna репостит запись wall-198155051_19163
2024-04-03 12:23:35,179 - INFO - services.py - 83 - аккаунт Albina Vladimirovna вступает в группу поста wall-198155051_19163
2024-04-03 12:23:35,229 - ERROR - services.py - 93 - Ошибка при работе с постом wall-198155051_19163:
[15] Access denied: you are already in this community
2024-04-03 12:23:35,229 - INFO - services.py - 96 - ----------КОНЕЦ-РЕПОСТА----------
2024-04-03 12:24:35,228 - INFO - services.py - 69 - аккаунт Albina Vladimirovna комментирует запись wall-219386641_450
2024-04-03 12:24:37,714 - INFO - services.py - 77 - аккаунт Albina Vladimirovna репостит запись wall-219386641_450
2024-04-03 12:24:40,314 - INFO - services.py - 83 - аккаунт Albina Vladimirovna вступает в группу поста wall-219386641_450
2024-04-03 12:24:40,659 - INFO - services.py - 96 - ----------КОНЕЦ-РЕПОСТА----------
2024-04-03 12:25:40,659 - INFO - services.py - 69 - аккаунт Albina Vladimirovna комментирует запись wall-75924862_30035
2024-04-03 12:25:42,990 - INFO - services.py - 77 - аккаунт Albina Vladimirovna репостит запись wall-75924862_30035
2024-04-03 12:25:45,307 - INFO - services.py - 83 - аккаунт Albina Vladimirovna вступает в группу поста wall-75924862_30035
2024-04-03 12:25:45,490 - INFO - services.py - 96 - ----------КОНЕЦ-РЕПОСТА----------
2024-04-03 12:26:45,491 - INFO - services.py - 69 - аккаунт Albina Vladimirovna комментирует запись wall-142665647_13114
2024-04-03 12:26:47,897 - INFO - services.py - 77 - аккаунт Albina Vladimirovna репостит запись wall-142665647_13114
2024-04-03 12:26:50,358 - INFO - services.py - 83 - аккаунт Albina Vladimirovna вступает в группу поста wall-142665647_13114
2024-04-03 12:26:50,546 - INFO - services.py - 96 - ----------КОНЕЦ-РЕПОСТА----------
2024-04-03 12:27:50,554 - INFO - services.py - 69 - аккаунт Albina Vladimirovna комментирует запись wall-16957980_181050
2024-04-03 12:27:52,940 - INFO - services.py - 77 - аккаунт Albina Vladimirovna репостит запись wall-16957980_181050
2024-04-03 12:27:55,659 - INFO - services.py - 83 - аккаунт Albina Vladimirovna вступает в группу поста wall-16957980_181050
2024-04-03 12:27:55,718 - ERROR - services.py - 93 - Ошибка при работе с постом wall-16957980_181050:
[15] Access denied: you are already in this community
2024-04-03 12:27:55,718 - INFO - services.py - 96 - ----------КОНЕЦ-РЕПОСТА----------
2024-04-03 12:28:55,725 - INFO - services.py - 69 - аккаунт Albina Vladimirovna комментирует запись wall-55591713_142829
2024-04-03 12:28:58,153 - INFO - services.py - 77 - аккаунт Albina Vladimirovna репостит запись wall-55591713_142829
2024-04-03 12:29:00,627 - INFO - services.py - 83 - аккаунт Albina Vladimirovna вступает в группу поста wall-55591713_142829
2024-04-03 12:29:00,813 - INFO - services.py - 96 - ----------КОНЕЦ-РЕПОСТА----------
2024-04-03 12:30:00,820 - INFO - services.py - 69 - аккаунт Albina Vladimirovna комментирует запись wall-212532808_31173
2024-04-03 12:30:03,318 - INFO - services.py - 77 - аккаунт Albina Vladimirovna репостит запись wall-212532808_31173
2024-04-03 12:30:06,054 - INFO - services.py - 83 - аккаунт Albina Vladimirovna вступает в группу поста wall-212532808_31173
2024-04-03 12:30:06,589 - INFO - services.py - 96 - ----------КОНЕЦ-РЕПОСТА----------
2024-04-03 12:31:06,596 - INFO - services.py - 69 - аккаунт Albina Vladimirovna комментирует запись wall-108556127_22943
2024-04-03 12:31:09,016 - INFO - services.py - 77 - аккаунт Albina Vladimirovna репостит запись wall-108556127_22943
2024-04-03 12:31:11,372 - INFO - services.py - 83 - аккаунт Albina Vladimirovna вступает в группу поста wall-108556127_22943
2024-04-03 12:31:11,542 - INFO - services.py - 96 - ----------КОНЕЦ-РЕПОСТА----------
2024-04-03 12:32:11,545 - INFO - services.py - 69 - аккаунт Albina Vladimirovna комментирует запись wall-69279977_195741
2024-04-03 12:32:14,039 - INFO - services.py - 77 - аккаунт Albina Vladimirovna репостит запись wall-69279977_195741
2024-04-03 12:32:16,495 - INFO - services.py - 83 - аккаунт Albina Vladimirovna вступает в группу поста wall-69279977_195741
2024-04-03 12:32:16,539 - ERROR - services.py - 93 - Ошибка при работе с постом wall-69279977_195741:
[15] Access denied: you are already in this community
2024-04-03 12:32:16,539 - INFO - services.py - 96 - ----------КОНЕЦ-РЕПОСТА----------
2024-04-03 12:33:16,538 - INFO - services.py - 69 - аккаунт Albina Vladimirovna комментирует запись wall-14138383_6456359
2024-04-03 12:33:18,951 - INFO - services.py - 77 - аккаунт Albina Vladimirovna репостит запись wall-14138383_6456359
2024-04-03 12:33:21,633 - INFO - services.py - 83 - аккаунт Albina Vladimirovna вступает в группу поста wall-14138383_6456359
2024-04-03 12:33:21,672 - ERROR - services.py - 93 - Ошибка при работе с постом wall-14138383_6456359:
[15] Access denied: you are already in this community
2024-04-03 12:33:21,673 - INFO - services.py - 96 - ----------КОНЕЦ-РЕПОСТА----------
2024-04-03 12:34:21,723 - INFO - services.py - 69 - аккаунт Albina Vladimirovna комментирует запись wall-63492152_736044
2024-04-03 12:34:23,983 - INFO - services.py - 77 - аккаунт Albina Vladimirovna репостит запись wall-63492152_736044
2024-04-03 12:34:26,487 - INFO - services.py - 83 - аккаунт Albina Vladimirovna вступает в группу поста wall-63492152_736044
2024-04-03 12:34:26,569 - ERROR - services.py - 93 - Ошибка при работе с постом wall-63492152_736044:
[15] Access denied: you are already in this community
2024-04-03 12:34:26,569 - INFO - services.py - 96 - ----------КОНЕЦ-РЕПОСТА----------
2024-04-03 12:35:26,579 - INFO - services.py - 69 - аккаунт Albina Vladimirovna комментирует запись wall-219407304_5315
2024-04-03 12:35:28,947 - INFO - services.py - 77 - аккаунт Albina Vladimirovna репостит запись wall-219407304_5315
2024-04-03 12:35:31,382 - INFO - services.py - 83 - аккаунт Albina Vladimirovna вступает в группу поста wall-219407304_5315
2024-04-03 12:35:31,538 - INFO - services.py - 96 - ----------КОНЕЦ-РЕПОСТА----------
2024-04-03 12:36:31,547 - INFO - services.py - 69 - аккаунт Albina Vladimirovna комментирует запись wall-175216860_5671
2024-04-03 12:36:33,973 - INFO - services.py - 77 - аккаунт Albina Vladimirovna репостит запись wall-175216860_5671
2024-04-03 12:36:36,643 - INFO - services.py - 83 - аккаунт Albina Vladimirovna вступает в группу поста wall-175216860_5671
2024-04-03 12:36:36,987 - INFO - services.py - 96 - ----------КОНЕЦ-РЕПОСТА----------
2024-04-03 12:37:36,990 - INFO - services.py - 69 - аккаунт Albina Vladimirovna комментирует запись wall-114389229_139992
2024-04-03 12:37:39,413 - INFO - services.py - 77 - аккаунт Albina Vladimirovna репостит запись wall-114389229_139992
2024-04-03 12:37:41,862 - INFO - services.py - 83 - аккаунт Albina Vladimirovna вступает в группу поста wall-114389229_139992
2024-04-03 12:37:41,935 - ERROR - services.py - 93 - Ошибка при работе с постом wall-114389229_139992:
[15] Access denied: you are already in this community
2024-04-03 12:37:41,935 - INFO - services.py - 96 - ----------КОНЕЦ-РЕПОСТА----------
2024-04-03 12:38:41,940 - INFO - services.py - 69 - аккаунт Albina Vladimirovna комментирует запись wall-101210275_220973
2024-04-03 12:38:44,333 - INFO - services.py - 77 - аккаунт Albina Vladimirovna репостит запись wall-101210275_220973
2024-04-03 12:38:46,800 - INFO - services.py - 83 - аккаунт Albina Vladimirovna вступает в группу поста wall-101210275_220973
2024-04-03 12:38:46,834 - ERROR - services.py - 93 - Ошибка при работе с постом wall-101210275_220973:
[15] Access denied: you are already in this community
2024-04-03 12:38:46,834 - INFO - services.py - 96 - ----------КОНЕЦ-РЕПОСТА----------
2024-04-03 12:39:46,833 - INFO - services.py - 69 - аккаунт Albina Vladimirovna комментирует запись wall-112268895_724
2024-04-03 12:39:49,358 - INFO - services.py - 77 - аккаунт Albina Vladimirovna репостит запись wall-112268895_724
2024-04-03 12:39:51,814 - INFO - services.py - 83 - аккаунт Albina Vladimirovna вступает в группу поста wall-112268895_724
2024-04-03 12:39:52,266 - INFO - services.py - 96 - ----------КОНЕЦ-РЕПОСТА----------
2024-04-03 12:40:52,273 - INFO - services.py - 69 - аккаунт Albina Vladimirovna комментирует запись wall-10958821_956486
2024-04-03 12:40:54,676 - INFO - services.py - 77 - аккаунт Albina Vladimirovna репостит запись wall-10958821_956486
2024-04-03 12:40:57,104 - INFO - services.py - 83 - аккаунт Albina Vladimirovna вступает в группу поста wall-10958821_956486
2024-04-03 12:40:57,204 - ERROR - services.py - 93 - Ошибка при работе с постом wall-10958821_956486:
[15] Access denied: you are already in this community
2024-04-03 12:40:57,204 - INFO - services.py - 96 - ----------КОНЕЦ-РЕПОСТА----------
2024-04-03 12:41:57,211 - INFO - services.py - 69 - аккаунт Albina Vladimirovna комментирует запись wall-203635079_7313
2024-04-03 12:41:59,573 - INFO - services.py - 77 - аккаунт Albina Vladimirovna репостит запись wall-203635079_7313
2024-04-03 12:42:02,181 - INFO - services.py - 83 - аккаунт Albina Vladimirovna вступает в группу поста wall-203635079_7313
2024-04-03 12:42:02,407 - INFO - services.py - 96 - ----------КОНЕЦ-РЕПОСТА----------
2024-04-03 12:43:02,416 - INFO - services.py - 69 - аккаунт Albina Vladimirovna комментирует запись wall-3442_178865
2024-04-03 12:43:04,838 - INFO - services.py - 77 - аккаунт Albina Vladimirovna репостит запись wall-3442_178865
2024-04-03 12:43:07,398 - INFO - services.py - 83 - аккаунт Albina Vladimirovna вступает в группу поста wall-3442_178865
2024-04-03 12:43:07,746 - INFO - services.py - 96 - ----------КОНЕЦ-РЕПОСТА----------
2024-04-03 12:44:07,752 - INFO - services.py - 69 - аккаунт Albina Vladimirovna комментирует запись wall-16768580_45108
2024-04-03 12:44:10,281 - INFO - services.py - 77 - аккаунт Albina Vladimirovna репостит запись wall-16768580_45108
2024-04-03 12:44:12,737 - INFO - services.py - 83 - аккаунт Albina Vladimirovna вступает в группу поста wall-16768580_45108
2024-04-03 12:44:12,945 - INFO - services.py - 96 - ----------КОНЕЦ-РЕПОСТА----------
2024-04-03 12:45:12,948 - INFO - services.py - 69 - аккаунт Albina Vladimirovna комментирует запись wall-176979291_1054
2024-04-03 12:45:15,402 - INFO - services.py - 77 - аккаунт Albina Vladimirovna репостит запись wall-176979291_1054
2024-04-03 12:45:17,795 - INFO - services.py - 83 - аккаунт Albina Vladimirovna вступает в группу поста wall-176979291_1054
2024-04-03 12:45:18,343 - INFO - services.py - 96 - ----------КОНЕЦ-РЕПОСТА----------
2024-04-03 12:46:18,348 - INFO - services.py - 69 - аккаунт Albina Vladimirovna комментирует запись wall-69279977_196042
2024-04-03 12:46:20,734 - INFO - services.py - 77 - аккаунт Albina Vladimirovna репостит запись wall-69279977_196042
2024-04-03 12:46:23,300 - INFO - services.py - 83 - аккаунт Albina Vladimirovna вступает в группу поста wall-69279977_196042
2024-04-03 12:46:23,345 - ERROR - services.py - 93 - Ошибка при работе с постом wall-69279977_196042:
[15] Access denied: you are already in this community
2024-04-03 12:46:23,345 - INFO - services.py - 96 - ----------КОНЕЦ-РЕПОСТА----------
2024-04-03 12:47:23,348 - INFO - services.py - 69 - аккаунт Albina Vladimirovna комментирует запись wall-214363_51391
2024-04-03 12:47:25,603 - INFO - services.py - 77 - аккаунт Albina Vladimirovna репостит запись wall-214363_51391
2024-04-03 12:47:28,017 - INFO - services.py - 83 - аккаунт Albina Vladimirovna вступает в группу поста wall-214363_51391
2024-04-03 12:47:28,188 - INFO - services.py - 96 - ----------КОНЕЦ-РЕПОСТА----------
2024-04-03 12:48:28,188 - INFO - services.py - 69 - аккаунт Albina Vladimirovna комментирует запись wall-217216140_414
2024-04-03 12:48:30,587 - INFO - services.py - 77 - аккаунт Albina Vladimirovna репостит запись wall-217216140_414
2024-04-03 12:48:33,145 - INFO - services.py - 83 - аккаунт Albina Vladimirovna вступает в группу поста wall-217216140_414
2024-04-03 12:48:33,424 - INFO - services.py - 96 - ----------КОНЕЦ-РЕПОСТА----------
2024-04-03 12:49:33,433 - INFO - services.py - 69 - аккаунт Albina Vladimirovna комментирует запись wall-6895834_7331
2024-04-03 12:49:35,734 - INFO - services.py - 77 - аккаунт Albina Vladimirovna репостит запись wall-6895834_7331
2024-04-03 12:49:38,269 - INFO - services.py - 83 - аккаунт Albina Vladimirovna вступает в группу поста wall-6895834_7331
2024-04-03 12:49:38,452 - INFO - services.py - 96 - ----------КОНЕЦ-РЕПОСТА----------
2024-04-03 12:50:38,459 - INFO - services.py - 69 - аккаунт Albina Vladimirovna комментирует запись wall-57_551466
2024-04-03 12:50:40,729 - INFO - services.py - 77 - аккаунт Albina Vladimirovna репостит запись wall-57_551466
2024-04-03 12:50:43,032 - INFO - services.py - 83 - аккаунт Albina Vladimirovna вступает в группу поста wall-57_551466
2024-04-03 12:50:43,198 - INFO - services.py - 96 - ----------КОНЕЦ-РЕПОСТА----------
2024-04-03 12:51:43,198 - INFO - services.py - 69 - аккаунт Albina Vladimirovna комментирует запись wall-259971_143014
2024-04-03 12:51:45,482 - INFO - services.py - 77 - аккаунт Albina Vladimirovna репостит запись wall-259971_143014
2024-04-03 12:51:47,911 - INFO - services.py - 83 - аккаунт Albina Vladimirovna вступает в группу поста wall-259971_143014
2024-04-03 12:51:47,962 - ERROR - services.py - 93 - Ошибка при работе с постом wall-259971_143014:
[15] Access denied: you are already in this community
2024-04-03 12:51:47,962 - INFO - services.py - 96 - ----------КОНЕЦ-РЕПОСТА----------
2024-04-03 12:52:47,970 - INFO - services.py - 69 - аккаунт Albina Vladimirovna комментирует запись wall-259971_142887
2024-04-03 12:52:50,409 - INFO - services.py - 77 - аккаунт Albina Vladimirovna репостит запись wall-259971_142887
2024-04-03 12:52:52,826 - INFO - services.py - 83 - аккаунт Albina Vladimirovna вступает в группу поста wall-259971_142887
2024-04-03 12:52:52,882 - ERROR - services.py - 93 - Ошибка при работе с постом wall-259971_142887:
[15] Access denied: you are already in this community
2024-04-03 12:52:52,882 - INFO - services.py - 96 - ----------КОНЕЦ-РЕПОСТА----------
2024-04-03 12:53:52,891 - INFO - services.py - 69 - аккаунт Albina Vladimirovna комментирует запись wall-218267293_3419
2024-04-03 12:53:55,190 - INFO - services.py - 77 - аккаунт Albina Vladimirovna репостит запись wall-218267293_3419
2024-04-03 12:53:57,649 - INFO - services.py - 83 - аккаунт Albina Vladimirovna вступает в группу поста wall-218267293_3419
2024-04-03 12:53:57,872 - INFO - services.py - 96 - ----------КОНЕЦ-РЕПОСТА----------
2024-04-03 12:54:57,873 - INFO - services.py - 69 - аккаунт Albina Vladimirovna комментирует запись wall-78668846_2695
2024-04-03 12:55:00,534 - INFO - services.py - 77 - аккаунт Albina Vladimirovna репостит запись wall-78668846_2695
2024-04-03 12:55:02,999 - INFO - services.py - 83 - аккаунт Albina Vladimirovna вступает в группу поста wall-78668846_2695
2024-04-03 12:55:03,266 - INFO - services.py - 96 - ----------КОНЕЦ-РЕПОСТА----------
2024-04-03 12:56:03,274 - INFO - services.py - 69 - аккаунт Albina Vladimirovna комментирует запись wall-34571836_76188
2024-04-03 12:56:05,674 - INFO - services.py - 77 - аккаунт Albina Vladimirovna репостит запись wall-34571836_76188
2024-04-03 12:56:08,120 - INFO - services.py - 83 - аккаунт Albina Vladimirovna вступает в группу поста wall-34571836_76188
2024-04-03 12:56:08,583 - INFO - services.py - 96 - ----------КОНЕЦ-РЕПОСТА----------
2024-04-03 12:57:08,592 - INFO - services.py - 69 - аккаунт Albina Vladimirovna комментирует запись wall-154505733_2372
2024-04-03 12:57:11,011 - INFO - services.py - 77 - аккаунт Albina Vladimirovna репостит запись wall-154505733_2372
2024-04-03 12:57:13,578 - INFO - services.py - 83 - аккаунт Albina Vladimirovna вступает в группу поста wall-154505733_2372
2024-04-03 12:57:13,893 - INFO - services.py - 96 - ----------КОНЕЦ-РЕПОСТА----------
2024-04-03 12:58:13,901 - INFO - services.py - 69 - аккаунт Albina Vladimirovna комментирует запись wall-221953896_370
2024-04-03 12:58:16,445 - INFO - services.py - 77 - аккаунт Albina Vladimirovna репостит запись wall-221953896_370
2024-04-03 12:58:19,086 - INFO - services.py - 83 - аккаунт Albina Vladimirovna вступает в группу поста wall-221953896_370
2024-04-03 12:58:19,434 - INFO - services.py - 96 - ----------КОНЕЦ-РЕПОСТА----------
2024-04-03 12:59:19,438 - INFO - services.py - 69 - аккаунт Albina Vladimirovna комментирует запись wall-222419617_650
2024-04-03 12:59:21,961 - INFO - services.py - 77 - аккаунт Albina Vladimirovna репостит запись wall-222419617_650
2024-04-03 12:59:24,431 - INFO - services.py - 83 - аккаунт Albina Vladimirovna вступает в группу поста wall-222419617_650
2024-04-03 12:59:24,495 - ERROR - services.py - 93 - Ошибка при работе с постом wall-222419617_650:
[15] Access denied: you are already in this community
2024-04-03 12:59:24,495 - INFO - services.py - 96 - ----------КОНЕЦ-РЕПОСТА----------
2024-04-03 13:00:24,504 - INFO - services.py - 69 - аккаунт Albina Vladimirovna комментирует запись wall-180740900_13296
2024-04-03 13:00:26,901 - INFO - services.py - 77 - аккаунт Albina Vladimirovna репостит запись wall-180740900_13296
2024-04-03 13:00:29,437 - INFO - services.py - 83 - аккаунт Albina Vladimirovna вступает в группу поста wall-180740900_13296
2024-04-03 13:00:29,511 - ERROR - services.py - 93 - Ошибка при работе с постом wall-180740900_13296:
[15] Access denied: you are already in this community
2024-04-03 13:00:29,512 - INFO - services.py - 96 - ----------КОНЕЦ-РЕПОСТА----------
2024-04-03 13:01:29,520 - INFO - services.py - 69 - аккаунт Albina Vladimirovna комментирует запись wall-88294670_5833
2024-04-03 13:01:29,559 - ERROR - services.py - 93 - Ошибка при работе с постом wall-88294670_5833:
[213] Access to status replies denied: replies disabled
2024-04-03 13:01:29,559 - INFO - services.py - 96 - ----------КОНЕЦ-РЕПОСТА----------
2024-04-03 13:02:29,558 - INFO - services.py - 69 - аккаунт Albina Vladimirovna комментирует запись wall-138759033_83076
2024-04-03 13:02:31,972 - INFO - services.py - 77 - аккаунт Albina Vladimirovna репостит запись wall-138759033_83076
2024-04-03 13:02:34,599 - INFO - services.py - 83 - аккаунт Albina Vladimirovna вступает в группу поста wall-138759033_83076
2024-04-03 13:02:34,818 - INFO - services.py - 96 - ----------КОНЕЦ-РЕПОСТА----------
2024-04-03 13:03:34,818 - INFO - services.py - 69 - аккаунт Albina Vladimirovna комментирует запись wall-190818450_532944
2024-04-03 13:03:37,266 - INFO - services.py - 77 - аккаунт Albina Vladimirovna репостит запись wall-190818450_532944
2024-04-03 13:03:39,840 - INFO - services.py - 83 - аккаунт Albina Vladimirovna вступает в группу поста wall-190818450_532944
2024-04-03 13:03:40,089 - INFO - services.py - 96 - ----------КОНЕЦ-РЕПОСТА----------
2024-04-03 13:04:40,102 - INFO - services.py - 69 - аккаунт Albina Vladimirovna комментирует запись wall-211285563_120013
2024-04-03 13:04:42,486 - INFO - services.py - 77 - аккаунт Albina Vladimirovna репостит запись wall-211285563_120013
2024-04-03 13:04:45,190 - INFO - services.py - 83 - аккаунт Albina Vladimirovna вступает в группу поста wall-211285563_120013
2024-04-03 13:04:45,389 - INFO - services.py - 96 - ----------КОНЕЦ-РЕПОСТА----------
2024-04-03 13:05:45,389 - INFO - services.py - 69 - аккаунт Albina Vladimirovna комментирует запись wall-144958594_28491283
2024-04-03 13:05:47,813 - INFO - services.py - 77 - аккаунт Albina Vladimirovna репостит запись wall-144958594_28491283
2024-04-03 13:05:50,273 - INFO - services.py - 83 - аккаунт Albina Vladimirovna вступает в группу поста wall-144958594_28491283
2024-04-03 13:05:50,618 - INFO - services.py - 96 - ----------КОНЕЦ-РЕПОСТА----------
2024-04-03 13:06:50,622 - INFO - services.py - 69 - аккаунт Albina Vladimirovna комментирует запись wall-45265978_564179
2024-04-03 13:06:52,944 - INFO - services.py - 77 - аккаунт Albina Vladimirovna репостит запись wall-45265978_564179
2024-04-03 13:06:55,506 - INFO - services.py - 83 - аккаунт Albina Vladimirovna вступает в группу поста wall-45265978_564179
2024-04-03 13:06:55,577 - ERROR - services.py - 93 - Ошибка при работе с постом wall-45265978_564179:
[15] Access denied: you are already in this community
2024-04-03 13:06:55,577 - INFO - services.py - 96 - ----------КОНЕЦ-РЕПОСТА----------
2024-04-03 13:07:55,580 - INFO - services.py - 69 - аккаунт Albina Vladimirovna комментирует запись wall-134796912_285808
2024-04-03 13:07:58,066 - INFO - services.py - 77 - аккаунт Albina Vladimirovna репостит запись wall-134796912_285808
2024-04-03 13:08:00,428 - INFO - services.py - 83 - аккаунт Albina Vladimirovna вступает в группу поста wall-134796912_285808
2024-04-03 13:08:00,673 - INFO - services.py - 96 - ----------КОНЕЦ-РЕПОСТА----------
2024-04-03 13:09:00,681 - INFO - services.py - 69 - аккаунт Albina Vladimirovna комментирует запись wall-45126840_88754
2024-04-03 13:09:03,234 - INFO - services.py - 77 - аккаунт Albina Vladimirovna репостит запись wall-45126840_88754
2024-04-03 13:09:05,755 - INFO - services.py - 83 - аккаунт Albina Vladimirovna вступает в группу поста wall-45126840_88754
2024-04-03 13:09:05,800 - ERROR - services.py - 93 - Ошибка при работе с постом wall-45126840_88754:
[15] Access denied: you are already in this community
2024-04-03 13:09:05,800 - INFO - services.py - 96 - ----------КОНЕЦ-РЕПОСТА----------
2024-04-03 13:10:05,805 - INFO - services.py - 69 - аккаунт Albina Vladimirovna комментирует запись wall-206705410_8902
2024-04-03 13:10:08,423 - INFO - services.py - 77 - аккаунт Albina Vladimirovna репостит запись wall-206705410_8902
2024-04-03 13:10:10,891 - INFO - services.py - 83 - аккаунт Albina Vladimirovna вступает в группу поста wall-206705410_8902
2024-04-03 13:10:11,333 - INFO - services.py - 96 - ----------КОНЕЦ-РЕПОСТА----------
2024-04-03 13:11:11,339 - INFO - services.py - 69 - аккаунт Albina Vladimirovna комментирует запись wall-211658643_56354
2024-04-03 13:11:13,811 - INFO - services.py - 77 - аккаунт Albina Vladimirovna репостит запись wall-211658643_56354
2024-04-03 13:11:16,220 - INFO - services.py - 83 - аккаунт Albina Vladimirovna вступает в группу поста wall-211658643_56354
2024-04-03 13:11:16,415 - INFO - services.py - 96 - ----------КОНЕЦ-РЕПОСТА----------
2024-04-03 13:12:16,422 - INFO - services.py - 69 - аккаунт Albina Vladimirovna комментирует запись wall-170041995_6960
2024-04-03 13:12:18,772 - INFO - services.py - 77 - аккаунт Albina Vladimirovna репостит запись wall-170041995_6960
2024-04-03 13:12:21,353 - INFO - services.py - 83 - аккаунт Albina Vladimirovna вступает в группу поста wall-170041995_6960
2024-04-03 13:12:21,401 - ERROR - services.py - 93 - Ошибка при работе с постом wall-170041995_6960:
[15] Access denied: you are already in this community
2024-04-03 13:12:21,402 - INFO - services.py - 96 - ----------КОНЕЦ-РЕПОСТА----------
2024-04-03 13:13:21,410 - INFO - services.py - 69 - аккаунт Albina Vladimirovna комментирует запись wall-211093048_491
2024-04-03 13:13:23,812 - INFO - services.py - 77 - аккаунт Albina Vladimirovna репостит запись wall-211093048_491
2024-04-03 13:13:26,289 - INFO - services.py - 83 - аккаунт Albina Vladimirovna вступает в группу поста wall-211093048_491
2024-04-03 13:13:26,352 - ERROR - services.py - 93 - Ошибка при работе с постом wall-211093048_491:
[15] Access denied: you are already in this community
2024-04-03 13:13:26,352 - INFO - services.py - 96 - ----------КОНЕЦ-РЕПОСТА----------
2024-04-03 13:14:26,356 - INFO - services.py - 69 - аккаунт Albina Vladimirovna комментирует запись wall-91195922_800712
2024-04-03 13:14:28,692 - INFO - services.py - 77 - аккаунт Albina Vladimirovna репостит запись wall-91195922_800712
2024-04-03 13:14:31,292 - INFO - services.py - 83 - аккаунт Albina Vladimirovna вступает в группу поста wall-91195922_800712
2024-04-03 13:14:31,405 - ERROR - services.py - 93 - Ошибка при работе с постом wall-91195922_800712:
[15] Access denied: you are already in this community
2024-04-03 13:14:31,405 - INFO - services.py - 96 - ----------КОНЕЦ-РЕПОСТА----------
2024-04-03 13:15:31,413 - INFO - services.py - 69 - аккаунт Albina Vladimirovna комментирует запись wall-27280003_955773
2024-04-03 13:15:33,698 - INFO - services.py - 77 - аккаунт Albina Vladimirovna репостит запись wall-27280003_955773
2024-04-03 13:15:36,115 - INFO - services.py - 83 - аккаунт Albina Vladimirovna вступает в группу поста wall-27280003_955773
2024-04-03 13:15:36,327 - INFO - services.py - 96 - ----------КОНЕЦ-РЕПОСТА----------
2024-04-03 13:16:36,335 - INFO - services.py - 69 - аккаунт Albina Vladimirovna комментирует запись wall-132994666_36014
2024-04-03 13:16:38,682 - INFO - services.py - 77 - аккаунт Albina Vladimirovna репостит запись wall-132994666_36014
2024-04-03 13:16:41,140 - INFO - services.py - 83 - аккаунт Albina Vladimirovna вступает в группу поста wall-132994666_36014
2024-04-03 13:16:41,189 - ERROR - services.py - 93 - Ошибка при работе с постом wall-132994666_36014:
[15] Access denied: you are already in this community
2024-04-03 13:16:41,189 - INFO - services.py - 96 - ----------КОНЕЦ-РЕПОСТА----------
2024-04-03 13:17:41,198 - INFO - services.py - 69 - аккаунт Albina Vladimirovna комментирует запись wall-8573188_6407
2024-04-03 13:17:43,708 - INFO - services.py - 77 - аккаунт Albina Vladimirovna репостит запись wall-8573188_6407
2024-04-03 13:17:46,057 - INFO - services.py - 83 - аккаунт Albina Vladimirovna вступает в группу поста wall-8573188_6407
2024-04-03 13:17:46,408 - INFO - services.py - 96 - ----------КОНЕЦ-РЕПОСТА----------
2024-04-03 13:18:46,417 - INFO - services.py - 69 - аккаунт Albina Vladimirovna комментирует запись wall-36047336_124006
2024-04-03 13:18:46,452 - ERROR - services.py - 93 - Ошибка при работе с постом wall-36047336_124006:
[213] Access to status replies denied
2024-04-03 13:18:46,452 - INFO - services.py - 96 - ----------КОНЕЦ-РЕПОСТА----------
2024-04-03 13:19:46,452 - INFO - services.py - 69 - аккаунт Albina Vladimirovna комментирует запись wall-79095450_70332
2024-04-03 13:19:48,840 - INFO - services.py - 77 - аккаунт Albina Vladimirovna репостит запись wall-79095450_70332
2024-04-03 13:19:51,409 - INFO - services.py - 83 - аккаунт Albina Vladimirovna вступает в группу поста wall-79095450_70332
2024-04-03 13:19:51,459 - ERROR - services.py - 93 - Ошибка при работе с постом wall-79095450_70332:
[15] Access denied: you are already in this community
2024-04-03 13:19:51,459 - INFO - services.py - 96 - ----------КОНЕЦ-РЕПОСТА----------
2024-04-03 13:20:51,468 - INFO - services.py - 69 - аккаунт Albina Vladimirovna комментирует запись wall-112476686_133620
2024-04-03 13:20:54,378 - INFO - services.py - 77 - аккаунт Albina Vladimirovna репостит запись wall-112476686_133620
2024-04-03 13:20:56,622 - INFO - services.py - 83 - аккаунт Albina Vladimirovna вступает в группу поста wall-112476686_133620
2024-04-03 13:20:56,681 - ERROR - services.py - 93 - Ошибка при работе с постом wall-112476686_133620:
[15] Access denied: you are already in this community
2024-04-03 13:20:56,681 - INFO - services.py - 96 - ----------КОНЕЦ-РЕПОСТА----------
2024-04-03 13:21:56,690 - INFO - services.py - 69 - аккаунт Albina Vladimirovna комментирует запись wall-171543917_6454
2024-04-03 13:21:59,016 - INFO - services.py - 77 - аккаунт Albina Vladimirovna репостит запись wall-171543917_6454
2024-04-03 13:22:01,574 - INFO - services.py - 83 - аккаунт Albina Vladimirovna вступает в группу поста wall-171543917_6454
2024-04-03 13:22:01,658 - ERROR - services.py - 93 - Ошибка при работе с постом wall-171543917_6454:
[15] Access denied: you are already in this community
2024-04-03 13:22:01,658 - INFO - services.py - 96 - ----------КОНЕЦ-РЕПОСТА----------
2024-04-03 13:22:01,663 - INFO - vk_api.py - 172 - Auth with login: +79998643099
2024-04-03 13:22:01,664 - INFO - vk_api.py - 431 - Checking remixsid...
2024-04-03 13:22:01,979 - INFO - vk_api.py - 444 - remixsid is valid
2024-04-03 13:22:01,979 - INFO - vk_api.py - 389 - Checking security check request
2024-04-03 13:22:02,576 - INFO - vk_api.py - 395 - Security check is not required
2024-04-03 13:22:02,631 - INFO - vk_api.py - 209 - access_token from config is not valid: {'access_token': 'vk1.a.3A6SmFbBKZReYc1GVYM4MncotJpR_WkwUtHv1sICmoVUZiYQd_35RvOPf4g6WnM7z__5BrZOrCRApbS2kdo2zO3DcJnWcd9Rp7-ZuVqOwoC9mI5By_AONmTc70ZL0CYHjCv2LPPfK8XbJ1kGYCGyhBT-1Z6DjMXegrTkM2FvuqTQxYfnNAoVDrFIxk9UpAN0qXFAL-OS6cA-x8Z5qqs5rw', 'expires_in': '86400', 'user_id': '855098052'}
2024-04-03 13:22:02,812 - INFO - vk_api.py - 543 - Got access_token
2024-04-03 13:23:02,813 - INFO - services.py - 69 - аккаунт София Богданова комментирует запись wall-71665165_3725
2024-04-03 13:23:05,360 - INFO - services.py - 77 - аккаунт София Богданова репостит запись wall-71665165_3725
2024-04-03 13:23:07,730 - INFO - services.py - 83 - аккаунт София Богданова вступает в группу поста wall-71665165_3725
2024-04-03 13:23:07,898 - INFO - services.py - 96 - ----------КОНЕЦ-РЕПОСТА----------
2024-04-03 13:24:07,906 - INFO - services.py - 69 - аккаунт София Богданова комментирует запись wall-66421068_5251
2024-04-03 13:24:10,230 - INFO - services.py - 77 - аккаунт София Богданова репостит запись wall-66421068_5251
2024-04-03 13:24:12,738 - INFO - services.py - 83 - аккаунт София Богданова вступает в группу поста wall-66421068_5251
2024-04-03 13:24:12,793 - ERROR - services.py - 93 - Ошибка при работе с постом wall-66421068_5251:
[15] Access denied: you are already in this community
2024-04-03 13:24:12,794 - INFO - services.py - 96 - ----------КОНЕЦ-РЕПОСТА----------
2024-04-03 13:25:12,802 - INFO - services.py - 69 - аккаунт София Богданова комментирует запись wall-77555856_38240
2024-04-03 13:25:15,083 - INFO - services.py - 77 - аккаунт София Богданова репостит запись wall-77555856_38240
2024-04-03 13:25:17,550 - INFO - services.py - 83 - аккаунт София Богданова вступает в группу поста wall-77555856_38240
2024-04-03 13:25:17,728 - INFO - services.py - 96 - ----------КОНЕЦ-РЕПОСТА----------
2024-04-03 13:26:17,732 - INFO - services.py - 69 - аккаунт София Богданова комментирует запись wall-164556759_12454
2024-04-03 13:26:20,118 - INFO - services.py - 77 - аккаунт София Богданова репостит запись wall-164556759_12454
2024-04-03 13:26:22,574 - INFO - services.py - 83 - аккаунт София Богданова вступает в группу поста wall-164556759_12454
2024-04-03 13:26:22,877 - INFO - services.py - 96 - ----------КОНЕЦ-РЕПОСТА----------
2024-04-03 13:27:22,886 - INFO - services.py - 69 - аккаунт София Богданова комментирует запись wall-63492152_729445
2024-04-03 13:27:25,350 - INFO - services.py - 77 - аккаунт София Богданова репостит запись wall-63492152_729445
2024-04-03 13:27:27,808 - INFO - services.py - 83 - аккаунт София Богданова вступает в группу поста wall-63492152_729445
2024-04-03 13:27:27,855 - ERROR - services.py - 93 - Ошибка при работе с постом wall-63492152_729445:
[15] Access denied: you are already in this community
2024-04-03 13:27:27,855 - INFO - services.py - 96 - ----------КОНЕЦ-РЕПОСТА----------
2024-04-03 13:28:27,860 - INFO - services.py - 69 - аккаунт София Богданова комментирует запись wall-22868873_60895
2024-04-03 13:28:30,262 - INFO - services.py - 77 - аккаунт София Богданова репостит запись wall-22868873_60895
2024-04-03 13:28:32,625 - INFO - services.py - 83 - аккаунт София Богданова вступает в группу поста wall-22868873_60895
2024-04-03 13:28:32,696 - ERROR - services.py - 93 - Ошибка при работе с постом wall-22868873_60895:
[15] Access denied: you are already in this community
2024-04-03 13:28:32,696 - INFO - services.py - 96 - ----------КОНЕЦ-РЕПОСТА----------
2024-04-03 13:29:32,699 - INFO - services.py - 69 - аккаунт София Богданова комментирует запись wall-14272027_516719
2024-04-03 13:29:35,096 - INFO - services.py - 77 - аккаунт София Богданова репостит запись wall-14272027_516719
2024-04-03 13:29:37,540 - INFO - services.py - 83 - аккаунт София Богданова вступает в группу поста wall-14272027_516719
2024-04-03 13:29:37,616 - ERROR - services.py - 93 - Ошибка при работе с постом wall-14272027_516719:
[15] Access denied: you are already in this community
2024-04-03 13:29:37,616 - INFO - services.py - 96 - ----------КОНЕЦ-РЕПОСТА----------
2024-04-03 13:30:37,621 - INFO - services.py - 69 - аккаунт София Богданова комментирует запись wall-46207567_64104
2024-04-03 13:30:40,099 - INFO - services.py - 77 - аккаунт София Богданова репостит запись wall-46207567_64104
2024-04-03 13:30:42,775 - INFO - services.py - 83 - аккаунт София Богданова вступает в группу поста wall-46207567_64104
2024-04-03 13:30:42,985 - INFO - services.py - 96 - ----------КОНЕЦ-РЕПОСТА----------
2024-04-03 13:31:42,989 - INFO - services.py - 69 - аккаунт София Богданова комментирует запись wall-91195922_799189
2024-04-03 13:31:45,461 - INFO - services.py - 77 - аккаунт София Богданова репостит запись wall-91195922_799189
2024-04-03 13:31:47,907 - INFO - services.py - 83 - аккаунт София Богданова вступает в группу поста wall-91195922_799189
2024-04-03 13:31:48,253 - INFO - services.py - 96 - ----------КОНЕЦ-РЕПОСТА----------
2024-04-03 13:32:48,262 - INFO - services.py - 69 - аккаунт София Богданова комментирует запись wall-210947733_419
2024-04-03 13:32:50,577 - INFO - services.py - 77 - аккаунт София Богданова репостит запись wall-210947733_419
2024-04-03 13:32:53,034 - INFO - services.py - 83 - аккаунт София Богданова вступает в группу поста wall-210947733_419
2024-04-03 13:32:53,275 - INFO - services.py - 96 - ----------КОНЕЦ-РЕПОСТА----------
2024-04-03 13:33:53,284 - INFO - services.py - 69 - аккаунт София Богданова комментирует запись wall-62901720_33020
2024-04-03 13:33:55,622 - INFO - services.py - 77 - аккаунт София Богданова репостит запись wall-62901720_33020
2024-04-03 13:33:57,994 - INFO - services.py - 83 - аккаунт София Богданова вступает в группу поста wall-62901720_33020
2024-04-03 13:33:58,054 - ERROR - services.py - 93 - Ошибка при работе с постом wall-62901720_33020:
[15] Access denied: you are already in this community
2024-04-03 13:33:58,054 - INFO - services.py - 96 - ----------КОНЕЦ-РЕПОСТА----------
2024-04-03 13:34:58,038 - INFO - services.py - 69 - аккаунт София Богданова комментирует запись wall-157921718_46249
2024-04-03 13:35:00,398 - INFO - services.py - 77 - аккаунт София Богданова репостит запись wall-157921718_46249
2024-04-03 13:35:02,753 - INFO - services.py - 83 - аккаунт София Богданова вступает в группу поста wall-157921718_46249
2024-04-03 13:35:02,808 - ERROR - services.py - 93 - Ошибка при работе с постом wall-157921718_46249:
[15] Access denied: you are already in this community
2024-04-03 13:35:02,808 - INFO - services.py - 96 - ----------КОНЕЦ-РЕПОСТА----------
2024-04-03 13:36:02,815 - INFO - services.py - 69 - аккаунт София Богданова комментирует запись wall-215425316_27092
2024-04-03 13:36:05,136 - INFO - services.py - 77 - аккаунт София Богданова репостит запись wall-215425316_27092
2024-04-03 13:36:07,471 - INFO - services.py - 83 - аккаунт София Богданова вступает в группу поста wall-215425316_27092
2024-04-03 13:36:07,528 - ERROR - services.py - 93 - Ошибка при работе с постом wall-215425316_27092:
[15] Access denied: you are already in this community
2024-04-03 13:36:07,529 - INFO - services.py - 96 - ----------КОНЕЦ-РЕПОСТА----------
2024-04-03 13:37:07,537 - INFO - services.py - 69 - аккаунт София Богданова комментирует запись wall-146112919_13755
2024-04-03 13:37:10,037 - INFO - services.py - 77 - аккаунт София Богданова репостит запись wall-146112919_13755
2024-04-03 13:37:12,493 - INFO - services.py - 83 - аккаунт София Богданова вступает в группу поста wall-146112919_13755
2024-04-03 13:37:12,547 - ERROR - services.py - 93 - Ошибка при работе с постом wall-146112919_13755:
[15] Access denied: you are already in this community
2024-04-03 13:37:12,548 - INFO - services.py - 96 - ----------КОНЕЦ-РЕПОСТА----------
2024-04-03 13:38:12,552 - INFO - services.py - 69 - аккаунт София Богданова комментирует запись wall-167080827_197489
2024-04-03 13:38:15,058 - INFO - services.py - 77 - аккаунт София Богданова репостит запись wall-167080827_197489
2024-04-03 13:38:17,421 - INFO - services.py - 83 - аккаунт София Богданова вступает в группу поста wall-167080827_197489
2024-04-03 13:38:17,472 - ERROR - services.py - 93 - Ошибка при работе с постом wall-167080827_197489:
[15] Access denied: you are already in this community
2024-04-03 13:38:17,473 - INFO - services.py - 96 - ----------КОНЕЦ-РЕПОСТА----------
2024-04-03 13:39:17,477 - INFO - services.py - 69 - аккаунт София Богданова комментирует запись wall-157921718_46297
2024-04-03 13:39:19,882 - INFO - services.py - 77 - аккаунт София Богданова репостит запись wall-157921718_46297
2024-04-03 13:39:22,237 - INFO - services.py - 83 - аккаунт София Богданова вступает в группу поста wall-157921718_46297
2024-04-03 13:39:22,306 - ERROR - services.py - 93 - Ошибка при работе с постом wall-157921718_46297:
[15] Access denied: you are already in this community
2024-04-03 13:39:22,306 - INFO - services.py - 96 - ----------КОНЕЦ-РЕПОСТА----------
2024-04-03 13:40:22,310 - INFO - services.py - 69 - аккаунт София Богданова комментирует запись wall-259971_142959
2024-04-03 13:40:24,816 - INFO - services.py - 77 - аккаунт София Богданова репостит запись wall-259971_142959
2024-04-03 13:40:27,269 - INFO - services.py - 83 - аккаунт София Богданова вступает в группу поста wall-259971_142959
2024-04-03 13:40:27,335 - ERROR - services.py - 93 - Ошибка при работе с постом wall-259971_142959:
[15] Access denied: you are already in this community
2024-04-03 13:40:27,335 - INFO - services.py - 96 - ----------КОНЕЦ-РЕПОСТА----------
2024-04-03 13:41:27,343 - INFO - services.py - 69 - аккаунт София Богданова комментирует запись wall-16580516_479697
2024-04-03 13:41:29,857 - INFO - services.py - 77 - аккаунт София Богданова репостит запись wall-16580516_479697
2024-04-03 13:41:32,284 - INFO - services.py - 83 - аккаунт София Богданова вступает в группу поста wall-16580516_479697
2024-04-03 13:41:32,341 - ERROR - services.py - 93 - Ошибка при работе с постом wall-16580516_479697:
[15] Access denied: you are already in this community
2024-04-03 13:41:32,341 - INFO - services.py - 96 - ----------КОНЕЦ-РЕПОСТА----------
2024-04-03 13:42:32,347 - INFO - services.py - 69 - аккаунт София Богданова комментирует запись wall-198155051_19163
2024-04-03 13:42:34,751 - INFO - services.py - 77 - аккаунт София Богданова репостит запись wall-198155051_19163
2024-04-03 13:42:37,101 - INFO - services.py - 83 - аккаунт София Богданова вступает в группу поста wall-198155051_19163
2024-04-03 13:42:37,155 - ERROR - services.py - 93 - Ошибка при работе с постом wall-198155051_19163:
[15] Access denied: you are already in this community
2024-04-03 13:42:37,156 - INFO - services.py - 96 - ----------КОНЕЦ-РЕПОСТА----------
2024-04-03 13:43:37,158 - INFO - services.py - 69 - аккаунт София Богданова комментирует запись wall-219386641_450
2024-04-03 13:43:39,535 - INFO - services.py - 77 - аккаунт София Богданова репостит запись wall-219386641_450
2024-04-03 13:43:41,933 - INFO - services.py - 83 - аккаунт София Богданова вступает в группу поста wall-219386641_450
2024-04-03 13:43:42,273 - INFO - services.py - 96 - ----------КОНЕЦ-РЕПОСТА----------
2024-04-03 13:44:42,282 - INFO - services.py - 69 - аккаунт София Богданова комментирует запись wall-75924862_30035
2024-04-03 13:44:44,549 - INFO - services.py - 77 - аккаунт София Богданова репостит запись wall-75924862_30035
2024-04-03 13:44:46,766 - INFO - services.py - 83 - аккаунт София Богданова вступает в группу поста wall-75924862_30035
2024-04-03 13:44:46,966 - INFO - services.py - 96 - ----------КОНЕЦ-РЕПОСТА----------
2024-04-03 13:45:46,966 - INFO - services.py - 69 - аккаунт София Богданова комментирует запись wall-142665647_13114
2024-04-03 13:45:49,416 - INFO - services.py - 77 - аккаунт София Богданова репостит запись wall-142665647_13114
2024-04-03 13:45:51,774 - INFO - services.py - 83 - аккаунт София Богданова вступает в группу поста wall-142665647_13114
2024-04-03 13:45:51,983 - INFO - services.py - 96 - ----------КОНЕЦ-РЕПОСТА----------
2024-04-03 13:46:51,992 - INFO - services.py - 69 - аккаунт София Богданова комментирует запись wall-16957980_181050
2024-04-03 13:46:54,445 - INFO - services.py - 77 - аккаунт София Богданова репостит запись wall-16957980_181050
2024-04-03 13:46:56,866 - INFO - services.py - 83 - аккаунт София Богданова вступает в группу поста wall-16957980_181050
2024-04-03 13:46:56,910 - ERROR - services.py - 93 - Ошибка при работе с постом wall-16957980_181050:
[15] Access denied: you are already in this community
2024-04-03 13:46:56,911 - INFO - services.py - 96 - ----------КОНЕЦ-РЕПОСТА----------
2024-04-03 13:47:56,916 - INFO - services.py - 69 - аккаунт София Богданова комментирует запись wall-55591713_142829
2024-04-03 13:47:59,468 - INFO - services.py - 77 - аккаунт София Богданова репостит запись wall-55591713_142829
2024-04-03 13:48:01,924 - INFO - services.py - 83 - аккаунт София Богданова вступает в группу поста wall-55591713_142829
2024-04-03 13:48:02,373 - INFO - services.py - 96 - ----------КОНЕЦ-РЕПОСТА----------
2024-04-03 13:49:02,381 - INFO - services.py - 69 - аккаунт София Богданова комментирует запись wall-212532808_31173
2024-04-03 13:49:04,999 - INFO - services.py - 77 - аккаунт София Богданова репостит запись wall-212532808_31173
2024-04-03 13:49:07,458 - INFO - services.py - 83 - аккаунт София Богданова вступает в группу поста wall-212532808_31173
2024-04-03 13:49:07,636 - INFO - services.py - 96 - ----------КОНЕЦ-РЕПОСТА----------
2024-04-03 13:50:07,640 - INFO - services.py - 69 - аккаунт София Богданова комментирует запись wall-108556127_22943
2024-04-03 13:50:10,024 - INFO - services.py - 77 - аккаунт София Богданова репостит запись wall-108556127_22943
2024-04-03 13:50:12,375 - INFO - services.py - 83 - аккаунт София Богданова вступает в группу поста wall-108556127_22943
2024-04-03 13:50:12,585 - INFO - services.py - 96 - ----------КОНЕЦ-РЕПОСТА----------
2024-04-03 13:51:12,594 - INFO - services.py - 69 - аккаунт София Богданова комментирует запись wall-69279977_195741
2024-04-03 13:51:14,947 - INFO - services.py - 77 - аккаунт София Богданова репостит запись wall-69279977_195741
2024-04-03 13:51:17,400 - INFO - services.py - 83 - аккаунт София Богданова вступает в группу поста wall-69279977_195741
2024-04-03 13:51:17,469 - ERROR - services.py - 93 - Ошибка при работе с постом wall-69279977_195741:
[15] Access denied: you are already in this community
2024-04-03 13:51:17,469 - INFO - services.py - 96 - ----------КОНЕЦ-РЕПОСТА----------
2024-04-03 13:52:17,473 - INFO - services.py - 69 - аккаунт София Богданова комментирует запись wall-14138383_6456359
2024-04-03 13:52:20,181 - INFO - services.py - 77 - аккаунт София Богданова репостит запись wall-14138383_6456359
2024-04-03 13:52:22,564 - INFO - services.py - 83 - аккаунт София Богданова вступает в группу поста wall-14138383_6456359
2024-04-03 13:52:22,619 - ERROR - services.py - 93 - Ошибка при работе с постом wall-14138383_6456359:
[15] Access denied: you are already in this community
2024-04-03 13:52:22,620 - INFO - services.py - 96 - ----------КОНЕЦ-РЕПОСТА----------
2024-04-03 13:53:22,628 - INFO - services.py - 69 - аккаунт София Богданова комментирует запись wall-63492152_736044
2024-04-03 13:53:25,097 - INFO - services.py - 77 - аккаунт София Богданова репостит запись wall-63492152_736044
2024-04-03 13:53:27,472 - INFO - services.py - 83 - аккаунт София Богданова вступает в группу поста wall-63492152_736044
2024-04-03 13:53:27,520 - ERROR - services.py - 93 - Ошибка при работе с постом wall-63492152_736044:
[15] Access denied: you are already in this community
2024-04-03 13:53:27,521 - INFO - services.py - 96 - ----------КОНЕЦ-РЕПОСТА----------
2024-04-03 13:54:27,519 - INFO - services.py - 69 - аккаунт София Богданова комментирует запись wall-219407304_5315
2024-04-03 13:54:29,718 - INFO - services.py - 77 - аккаунт София Богданова репостит запись wall-219407304_5315
2024-04-03 13:54:32,134 - INFO - services.py - 83 - аккаунт София Богданова вступает в группу поста wall-219407304_5315
2024-04-03 13:54:32,301 - INFO - services.py - 96 - ----------КОНЕЦ-РЕПОСТА----------
2024-04-03 13:55:32,309 - INFO - services.py - 69 - аккаунт София Богданова комментирует запись wall-175216860_5671
2024-04-03 13:55:34,632 - INFO - services.py - 77 - аккаунт София Богданова репостит запись wall-175216860_5671
2024-04-03 13:55:37,097 - INFO - services.py - 83 - аккаунт София Богданова вступает в группу поста wall-175216860_5671
2024-04-03 13:55:37,447 - INFO - services.py - 96 - ----------КОНЕЦ-РЕПОСТА----------
2024-04-03 13:56:37,455 - INFO - services.py - 69 - аккаунт София Богданова комментирует запись wall-114389229_139992
2024-04-03 13:56:39,863 - INFO - services.py - 77 - аккаунт София Богданова репостит запись wall-114389229_139992
2024-04-03 13:56:42,530 - INFO - services.py - 83 - аккаунт София Богданова вступает в группу поста wall-114389229_139992
2024-04-03 13:56:42,580 - ERROR - services.py - 93 - Ошибка при работе с постом wall-114389229_139992:
[15] Access denied: you are already in this community
2024-04-03 13:56:42,580 - INFO - services.py - 96 - ----------КОНЕЦ-РЕПОСТА----------
2024-04-03 13:57:42,579 - INFO - services.py - 69 - аккаунт София Богданова комментирует запись wall-101210275_220973
2024-04-03 13:57:44,995 - INFO - services.py - 77 - аккаунт София Богданова репостит запись wall-101210275_220973
2024-04-03 13:57:47,363 - INFO - services.py - 83 - аккаунт София Богданова вступает в группу поста wall-101210275_220973
2024-04-03 13:57:47,419 - ERROR - services.py - 93 - Ошибка при работе с постом wall-101210275_220973:
[15] Access denied: you are already in this community
2024-04-03 13:57:47,419 - INFO - services.py - 96 - ----------КОНЕЦ-РЕПОСТА----------
2024-04-03 13:58:47,428 - INFO - services.py - 69 - аккаунт София Богданова комментирует запись wall-112268895_724
2024-04-03 13:58:50,018 - INFO - services.py - 77 - аккаунт София Богданова репостит запись wall-112268895_724
2024-04-03 13:58:52,484 - INFO - services.py - 83 - аккаунт София Богданова вступает в группу поста wall-112268895_724
2024-04-03 13:58:52,824 - INFO - services.py - 96 - ----------КОНЕЦ-РЕПОСТА----------
2024-04-03 13:59:52,831 - INFO - services.py - 69 - аккаунт София Богданова комментирует запись wall-10958821_956486
2024-04-03 13:59:55,352 - INFO - services.py - 77 - аккаунт София Богданова репостит запись wall-10958821_956486
2024-04-03 13:59:57,701 - INFO - services.py - 83 - аккаунт София Богданова вступает в группу поста wall-10958821_956486
2024-04-03 13:59:57,759 - ERROR - services.py - 93 - Ошибка при работе с постом wall-10958821_956486:
[15] Access denied: you are already in this community
2024-04-03 13:59:57,759 - INFO - services.py - 96 - ----------КОНЕЦ-РЕПОСТА----------
2024-04-03 14:00:57,762 - INFO - services.py - 69 - аккаунт София Богданова комментирует запись wall-203635079_7313
2024-04-03 14:01:00,175 - INFO - services.py - 77 - аккаунт София Богданова репостит запись wall-203635079_7313
2024-04-03 14:01:02,530 - INFO - services.py - 83 - аккаунт София Богданова вступает в группу поста wall-203635079_7313
2024-04-03 14:01:02,740 - INFO - services.py - 96 - ----------КОНЕЦ-РЕПОСТА----------
2024-04-03 14:02:02,745 - INFO - services.py - 69 - аккаунт София Богданова комментирует запись wall-3442_178865
2024-04-03 14:02:05,295 - INFO - services.py - 77 - аккаунт София Богданова репостит запись wall-3442_178865
2024-04-03 14:02:07,660 - INFO - services.py - 83 - аккаунт София Богданова вступает в группу поста wall-3442_178865
2024-04-03 14:02:07,879 - INFO - services.py - 96 - ----------КОНЕЦ-РЕПОСТА----------
2024-04-03 14:03:07,881 - INFO - services.py - 69 - аккаунт София Богданова комментирует запись wall-16768580_45108
2024-04-03 14:03:10,294 - INFO - services.py - 77 - аккаунт София Богданова репостит запись wall-16768580_45108
2024-04-03 14:03:12,684 - INFO - services.py - 83 - аккаунт София Богданова вступает в группу поста wall-16768580_45108
2024-04-03 14:03:12,904 - INFO - services.py - 96 - ----------КОНЕЦ-РЕПОСТА----------
2024-04-03 14:04:12,912 - INFO - services.py - 69 - аккаунт София Богданова комментирует запись wall-176979291_1054
2024-04-03 14:04:15,344 - INFO - services.py - 77 - аккаунт София Богданова репостит запись wall-176979291_1054
2024-04-03 14:04:17,707 - INFO - services.py - 83 - аккаунт София Богданова вступает в группу поста wall-176979291_1054
2024-04-03 14:04:18,056 - INFO - services.py - 96 - ----------КОНЕЦ-РЕПОСТА----------
2024-04-03 14:05:18,070 - INFO - services.py - 69 - аккаунт София Богданова комментирует запись wall-69279977_196042
2024-04-03 14:05:20,487 - INFO - services.py - 77 - аккаунт София Богданова репостит запись wall-69279977_196042
2024-04-03 14:05:22,940 - INFO - services.py - 83 - аккаунт София Богданова вступает в группу поста wall-69279977_196042
2024-04-03 14:05:23,016 - ERROR - services.py - 93 - Ошибка при работе с постом wall-69279977_196042:
[15] Access denied: you are already in this community
2024-04-03 14:05:23,016 - INFO - services.py - 96 - ----------КОНЕЦ-РЕПОСТА----------
2024-04-03 14:06:23,025 - INFO - services.py - 69 - аккаунт София Богданова комментирует запись wall-214363_51391
2024-04-03 14:06:25,502 - INFO - services.py - 77 - аккаунт София Богданова репостит запись wall-214363_51391
2024-04-03 14:06:27,862 - INFO - services.py - 83 - аккаунт София Богданова вступает в группу поста wall-214363_51391
2024-04-03 14:06:28,073 - INFO - services.py - 96 - ----------КОНЕЦ-РЕПОСТА----------
2024-04-03 14:07:28,082 - INFO - services.py - 69 - аккаунт София Богданова комментирует запись wall-217216140_414
2024-04-03 14:07:30,526 - INFO - services.py - 77 - аккаунт София Богданова репостит запись wall-217216140_414
2024-04-03 14:07:32,997 - INFO - services.py - 83 - аккаунт София Богданова вступает в группу поста wall-217216140_414
2024-04-03 14:07:33,338 - INFO - services.py - 96 - ----------КОНЕЦ-РЕПОСТА----------
2024-04-03 14:08:33,346 - INFO - services.py - 69 - аккаунт София Богданова комментирует запись wall-6895834_7331
2024-04-03 14:08:35,861 - INFO - services.py - 77 - аккаунт София Богданова репостит запись wall-6895834_7331
2024-04-03 14:08:38,283 - INFO - services.py - 83 - аккаунт София Богданова вступает в группу поста wall-6895834_7331
2024-04-03 14:08:38,514 - INFO - services.py - 96 - ----------КОНЕЦ-РЕПОСТА----------
2024-04-03 14:09:38,518 - INFO - services.py - 69 - аккаунт София Богданова комментирует запись wall-57_551466
2024-04-03 14:09:40,878 - INFO - services.py - 77 - аккаунт София Богданова репостит запись wall-57_551466
2024-04-03 14:09:43,235 - INFO - services.py - 83 - аккаунт София Богданова вступает в группу поста wall-57_551466
2024-04-03 14:09:43,419 - INFO - services.py - 96 - ----------КОНЕЦ-РЕПОСТА----------
2024-04-03 14:10:43,427 - INFO - services.py - 69 - аккаунт София Богданова комментирует запись wall-259971_143014
2024-04-03 14:10:45,708 - INFO - services.py - 77 - аккаунт София Богданова репостит запись wall-259971_143014
2024-04-03 14:10:48,062 - INFO - services.py - 83 - аккаунт София Богданова вступает в группу поста wall-259971_143014
2024-04-03 14:10:48,116 - ERROR - services.py - 93 - Ошибка при работе с постом wall-259971_143014:
[15] Access denied: you are already in this community
2024-04-03 14:10:48,116 - INFO - services.py - 96 - ----------КОНЕЦ-РЕПОСТА----------
2024-04-03 14:11:48,118 - INFO - services.py - 69 - аккаунт София Богданова комментирует запись wall-259971_142887
2024-04-03 14:11:50,439 - INFO - services.py - 77 - аккаунт София Богданова репостит запись wall-259971_142887
2024-04-03 14:11:52,783 - INFO - services.py - 83 - аккаунт София Богданова вступает в группу поста wall-259971_142887
2024-04-03 14:11:52,850 - ERROR - services.py - 93 - Ошибка при работе с постом wall-259971_142887:
[15] Access denied: you are already in this community
2024-04-03 14:11:52,850 - INFO - services.py - 96 - ----------КОНЕЦ-РЕПОСТА----------
2024-04-03 14:12:52,859 - INFO - services.py - 69 - аккаунт София Богданова комментирует запись wall-218267293_3419
2024-04-03 14:12:55,349 - INFO - services.py - 77 - аккаунт София Богданова репостит запись wall-218267293_3419
2024-04-03 14:12:57,717 - INFO - services.py - 83 - аккаунт София Богданова вступает в группу поста wall-218267293_3419
2024-04-03 14:12:57,908 - INFO - services.py - 96 - ----------КОНЕЦ-РЕПОСТА----------
2024-04-03 14:13:57,917 - INFO - services.py - 69 - аккаунт София Богданова комментирует запись wall-78668846_2695
2024-04-03 14:14:00,378 - INFO - services.py - 77 - аккаунт София Богданова репостит запись wall-78668846_2695
2024-04-03 14:14:02,822 - INFO - services.py - 83 - аккаунт София Богданова вступает в группу поста wall-78668846_2695
2024-04-03 14:14:03,177 - INFO - services.py - 96 - ----------КОНЕЦ-РЕПОСТА----------
2024-04-03 14:15:03,184 - INFO - services.py - 69 - аккаунт София Богданова комментирует запись wall-34571836_76188
2024-04-03 14:15:05,599 - INFO - services.py - 77 - аккаунт София Богданова репостит запись wall-34571836_76188
2024-04-03 14:15:07,950 - INFO - services.py - 83 - аккаунт София Богданова вступает в группу поста wall-34571836_76188
2024-04-03 14:15:08,175 - INFO - services.py - 96 - ----------КОНЕЦ-РЕПОСТА----------
2024-04-03 14:16:08,182 - INFO - services.py - 69 - аккаунт София Богданова комментирует запись wall-154505733_2372
2024-04-03 14:16:10,449 - INFO - services.py - 77 - аккаунт София Богданова репостит запись wall-154505733_2372
2024-04-03 14:16:12,790 - INFO - services.py - 83 - аккаунт София Богданова вступает в группу поста wall-154505733_2372
2024-04-03 14:16:13,003 - INFO - services.py - 96 - ----------КОНЕЦ-РЕПОСТА----------
2024-04-03 14:17:13,006 - INFO - services.py - 69 - аккаунт София Богданова комментирует запись wall-221953896_370
2024-04-03 14:17:15,553 - INFO - services.py - 77 - аккаунт София Богданова репостит запись wall-221953896_370
2024-04-03 14:17:17,911 - INFO - services.py - 83 - аккаунт София Богданова вступает в группу поста wall-221953896_370
2024-04-03 14:17:18,203 - INFO - services.py - 96 - ----------КОНЕЦ-РЕПОСТА----------
2024-04-03 14:18:18,211 - INFO - services.py - 69 - аккаунт София Богданова комментирует запись wall-222419617_650
2024-04-03 14:18:20,677 - INFO - services.py - 77 - аккаунт София Богданова репостит запись wall-222419617_650
2024-04-03 14:18:23,131 - INFO - services.py - 83 - аккаунт София Богданова вступает в группу поста wall-222419617_650
2024-04-03 14:18:23,174 - ERROR - services.py - 93 - Ошибка при работе с постом wall-222419617_650:
[15] Access denied: you are already in this community
2024-04-03 14:18:23,174 - INFO - services.py - 96 - ----------КОНЕЦ-РЕПОСТА----------
2024-04-03 14:19:23,183 - INFO - services.py - 69 - аккаунт София Богданова комментирует запись wall-180740900_13296
2024-04-03 14:19:25,700 - INFO - services.py - 77 - аккаунт София Богданова репостит запись wall-180740900_13296
2024-04-03 14:19:28,050 - INFO - services.py - 83 - аккаунт София Богданова вступает в группу поста wall-180740900_13296
2024-04-03 14:19:28,106 - ERROR - services.py - 93 - Ошибка при работе с постом wall-180740900_13296:
[15] Access denied: you are already in this community
2024-04-03 14:19:28,106 - INFO - services.py - 96 - ----------КОНЕЦ-РЕПОСТА----------
2024-04-03 14:20:28,115 - INFO - services.py - 69 - аккаунт София Богданова комментирует запись wall-88294670_5833
2024-04-03 14:20:28,180 - ERROR - services.py - 93 - Ошибка при работе с постом wall-88294670_5833:
[213] Access to status replies denied: replies disabled
2024-04-03 14:20:28,180 - INFO - services.py - 96 - ----------КОНЕЦ-РЕПОСТА----------
2024-04-03 14:21:28,181 - INFO - services.py - 69 - аккаунт София Богданова комментирует запись wall-138759033_83076
2024-04-03 14:21:30,733 - INFO - services.py - 77 - аккаунт София Богданова репостит запись wall-138759033_83076
2024-04-03 14:21:33,187 - INFO - services.py - 83 - аккаунт София Богданова вступает в группу поста wall-138759033_83076
2024-04-03 14:21:33,533 - INFO - services.py - 96 - ----------КОНЕЦ-РЕПОСТА----------
2024-04-03 14:22:33,541 - INFO - services.py - 69 - аккаунт София Богданова комментирует запись wall-190818450_532944
2024-04-03 14:22:35,847 - INFO - services.py - 77 - аккаунт София Богданова репостит запись wall-190818450_532944
2024-04-03 14:22:38,149 - INFO - services.py - 83 - аккаунт София Богданова вступает в группу поста wall-190818450_532944
2024-04-03 14:22:38,362 - INFO - services.py - 96 - ----------КОНЕЦ-РЕПОСТА----------
2024-04-03 14:23:38,367 - INFO - services.py - 69 - аккаунт София Богданова комментирует запись wall-211285563_120013
2024-04-03 14:23:40,780 - INFO - services.py - 77 - аккаунт София Богданова репостит запись wall-211285563_120013
2024-04-03 14:23:43,143 - INFO - services.py - 83 - аккаунт София Богданова вступает в группу поста wall-211285563_120013
2024-04-03 14:23:43,489 - INFO - services.py - 96 - ----------КОНЕЦ-РЕПОСТА----------
2024-04-03 14:24:43,497 - INFO - services.py - 69 - аккаунт София Богданова комментирует запись wall-144958594_28491283
2024-04-03 14:24:45,799 - INFO - services.py - 77 - аккаунт София Богданова репостит запись wall-144958594_28491283
2024-04-03 14:24:48,265 - INFO - services.py - 83 - аккаунт София Богданова вступает в группу поста wall-144958594_28491283
2024-04-03 14:24:48,503 - INFO - services.py - 96 - ----------КОНЕЦ-РЕПОСТА----------
2024-04-03 14:25:48,509 - INFO - services.py - 69 - аккаунт София Богданова комментирует запись wall-45265978_564179
2024-04-03 14:25:48,542 - ERROR - services.py - 93 - Ошибка при работе с постом wall-45265978_564179:
('Connection aborted.', RemoteDisconnected('Remote end closed connection without response'))
2024-04-03 14:25:48,543 - INFO - services.py - 96 - ----------КОНЕЦ-РЕПОСТА----------
2024-04-03 14:26:48,549 - INFO - services.py - 69 - аккаунт София Богданова комментирует запись wall-134796912_285808
2024-04-03 14:26:50,917 - INFO - services.py - 77 - аккаунт София Богданова репостит запись wall-134796912_285808
2024-04-03 14:26:53,297 - INFO - services.py - 83 - аккаунт София Богданова вступает в группу поста wall-134796912_285808
2024-04-03 14:26:53,642 - INFO - services.py - 96 - ----------КОНЕЦ-РЕПОСТА----------
2024-04-03 14:27:53,647 - INFO - services.py - 69 - аккаунт София Богданова комментирует запись wall-45126840_88754
2024-04-03 14:27:56,165 - INFO - services.py - 77 - аккаунт София Богданова репостит запись wall-45126840_88754
2024-04-03 14:27:58,627 - INFO - services.py - 83 - аккаунт София Богданова вступает в группу поста wall-45126840_88754
2024-04-03 14:27:58,674 - ERROR - services.py - 93 - Ошибка при работе с постом wall-45126840_88754:
[15] Access denied: you are already in this community
2024-04-03 14:27:58,675 - INFO - services.py - 96 - ----------КОНЕЦ-РЕПОСТА----------
2024-04-03 14:28:58,682 - INFO - services.py - 69 - аккаунт София Богданова комментирует запись wall-206705410_8902
2024-04-03 14:29:00,993 - INFO - services.py - 77 - аккаунт София Богданова репостит запись wall-206705410_8902
2024-04-03 14:29:03,348 - INFO - services.py - 83 - аккаунт София Богданова вступает в группу поста wall-206705410_8902
2024-04-03 14:29:03,698 - INFO - services.py - 96 - ----------КОНЕЦ-РЕПОСТА----------
2024-04-03 14:30:03,698 - INFO - services.py - 69 - аккаунт София Богданова комментирует запись wall-211658643_56354
2024-04-03 14:30:06,113 - INFO - services.py - 77 - аккаунт София Богданова репостит запись wall-211658643_56354
2024-04-03 14:30:08,782 - INFO - services.py - 83 - аккаунт София Богданова вступает в группу поста wall-211658643_56354
2024-04-03 14:30:09,017 - INFO - services.py - 96 - ----------КОНЕЦ-РЕПОСТА----------
2024-04-03 14:31:09,025 - INFO - services.py - 69 - аккаунт София Богданова комментирует запись wall-170041995_6960
2024-04-03 14:31:11,446 - INFO - services.py - 77 - аккаунт София Богданова репостит запись wall-170041995_6960
2024-04-03 14:31:13,910 - INFO - services.py - 83 - аккаунт София Богданова вступает в группу поста wall-170041995_6960
2024-04-03 14:31:13,963 - ERROR - services.py - 93 - Ошибка при работе с постом wall-170041995_6960:
[15] Access denied: you are already in this community
2024-04-03 14:31:13,963 - INFO - services.py - 96 - ----------КОНЕЦ-РЕПОСТА----------
2024-04-03 14:32:13,972 - INFO - services.py - 69 - аккаунт София Богданова комментирует запись wall-211093048_491
2024-04-03 14:32:16,271 - INFO - services.py - 77 - аккаунт София Богданова репостит запись wall-211093048_491
2024-04-03 14:32:18,727 - INFO - services.py - 83 - аккаунт София Богданова вступает в группу поста wall-211093048_491
2024-04-03 14:32:18,839 - ERROR - services.py - 93 - Ошибка при работе с постом wall-211093048_491:
[15] Access denied: you are already in this community
2024-04-03 14:32:18,839 - INFO - services.py - 96 - ----------КОНЕЦ-РЕПОСТА----------
2024-04-03 14:33:18,848 - INFO - services.py - 69 - аккаунт София Богданова комментирует запись wall-91195922_800712
2024-04-03 14:33:21,295 - INFO - services.py - 77 - аккаунт София Богданова репостит запись wall-91195922_800712
2024-04-03 14:33:23,734 - INFO - services.py - 83 - аккаунт София Богданова вступает в группу поста wall-91195922_800712
2024-04-03 14:33:23,787 - ERROR - services.py - 93 - Ошибка при работе с постом wall-91195922_800712:
[15] Access denied: you are already in this community
2024-04-03 14:33:23,787 - INFO - services.py - 96 - ----------КОНЕЦ-РЕПОСТА----------
2024-04-03 14:34:23,795 - INFO - services.py - 69 - аккаунт София Богданова комментирует запись wall-27280003_955773
2024-04-03 14:34:26,321 - INFO - services.py - 77 - аккаунт София Богданова репостит запись wall-27280003_955773
2024-04-03 14:34:28,580 - INFO - services.py - 83 - аккаунт София Богданова вступает в группу поста wall-27280003_955773
2024-04-03 14:34:28,764 - INFO - services.py - 96 - ----------КОНЕЦ-РЕПОСТА----------
2024-04-03 14:35:28,725 - INFO - services.py - 69 - аккаунт София Богданова комментирует запись wall-132994666_36014
2024-04-03 14:35:31,097 - INFO - services.py - 77 - аккаунт София Богданова репостит запись wall-132994666_36014
2024-04-03 14:35:33,382 - INFO - services.py - 83 - аккаунт София Богданова вступает в группу поста wall-132994666_36014
2024-04-03 14:35:33,434 - ERROR - services.py - 93 - Ошибка при работе с постом wall-132994666_36014:
[15] Access denied: you are already in this community
2024-04-03 14:35:33,434 - INFO - services.py - 96 - ----------КОНЕЦ-РЕПОСТА----------
2024-04-03 14:36:33,440 - INFO - services.py - 69 - аккаунт София Богданова комментирует запись wall-8573188_6407
2024-04-03 14:36:35,902 - INFO - services.py - 77 - аккаунт София Богданова репостит запись wall-8573188_6407
2024-04-03 14:36:38,268 - INFO - services.py - 83 - аккаунт София Богданова вступает в группу поста wall-8573188_6407
2024-04-03 14:36:38,553 - INFO - services.py - 96 - ----------КОНЕЦ-РЕПОСТА----------
2024-04-03 14:37:38,561 - INFO - services.py - 69 - аккаунт София Богданова комментирует запись wall-36047336_124006
2024-04-03 14:37:38,622 - ERROR - services.py - 93 - Ошибка при работе с постом wall-36047336_124006:
[213] Access to status replies denied
2024-04-03 14:37:38,622 - INFO - services.py - 96 - ----------КОНЕЦ-РЕПОСТА----------
2024-04-03 14:38:38,629 - INFO - services.py - 69 - аккаунт София Богданова комментирует запись wall-79095450_70332
2024-04-03 14:38:40,942 - INFO - services.py - 77 - аккаунт София Богданова репостит запись wall-79095450_70332
2024-04-03 14:38:43,391 - INFO - services.py - 83 - аккаунт София Богданова вступает в группу поста wall-79095450_70332
2024-04-03 14:38:43,430 - ERROR - services.py - 93 - Ошибка при работе с постом wall-79095450_70332:
[15] Access denied: you are already in this community
2024-04-03 14:38:43,430 - INFO - services.py - 96 - ----------КОНЕЦ-РЕПОСТА----------
2024-04-03 14:39:43,438 - INFO - services.py - 69 - аккаунт София Богданова комментирует запись wall-112476686_133620
2024-04-03 14:39:45,759 - INFO - services.py - 77 - аккаунт София Богданова репостит запись wall-112476686_133620
2024-04-03 14:39:48,056 - INFO - services.py - 83 - аккаунт София Богданова вступает в группу поста wall-112476686_133620
2024-04-03 14:39:48,093 - ERROR - services.py - 93 - Ошибка при работе с постом wall-112476686_133620:
[15] Access denied: you are already in this community
2024-04-03 14:39:48,093 - INFO - services.py - 96 - ----------КОНЕЦ-РЕПОСТА----------
2024-04-03 14:40:48,096 - INFO - services.py - 69 - аккаунт София Богданова комментирует запись wall-171543917_6454
2024-04-03 14:40:50,622 - INFO - services.py - 77 - аккаунт София Богданова репостит запись wall-171543917_6454
2024-04-03 14:40:52,952 - INFO - services.py - 83 - аккаунт София Богданова вступает в группу поста wall-171543917_6454
2024-04-03 14:40:53,027 - ERROR - services.py - 93 - Ошибка при работе с постом wall-171543917_6454:
[15] Access denied: you are already in this community
2024-04-03 14:40:53,027 - INFO - services.py - 96 - ----------КОНЕЦ-РЕПОСТА----------
2024-04-03 14:40:53,029 - INFO - vk_api.py - 172 - Auth with login: 79995663379
2024-04-03 14:40:53,029 - INFO - vk_api.py - 431 - Checking remixsid...
2024-04-03 14:40:53,029 - INFO - vk_api.py - 434 - No remixsid
2024-04-03 14:40:53,029 - INFO - vk_api.py - 202 - remixsid from config is not valid: None
2024-04-03 14:40:53,029 - INFO - vk_api.py - 242 - Logging in...
2024-04-03 14:40:53,450 - INFO - vk_api.py - 172 - Auth with login: 79995663379
2024-04-03 14:40:53,450 - INFO - vk_api.py - 431 - Checking remixsid...
2024-04-03 14:40:53,450 - INFO - vk_api.py - 434 - No remixsid
2024-04-03 14:40:53,450 - INFO - vk_api.py - 202 - remixsid from config is not valid: None
2024-04-03 14:40:53,451 - INFO - vk_api.py - 242 - Logging in...
2024-04-03 14:40:53,774 - INFO - vk_api.py - 295 - Captcha code is required
2024-04-03 14:40:53,774 - ERROR - services.py - 57 - Ошибка при входе в аккаунт 79995663379 --- 
Captcha needed
2024-04-03 14:40:53,775 - INFO - vk_api.py - 172 - Auth with login: 79965964829
2024-04-03 14:40:53,776 - INFO - vk_api.py - 431 - Checking remixsid...
2024-04-03 14:40:53,776 - INFO - vk_api.py - 434 - No remixsid
2024-04-03 14:40:53,776 - INFO - vk_api.py - 202 - remixsid from config is not valid: None
2024-04-03 14:40:53,776 - INFO - vk_api.py - 242 - Logging in...
2024-04-03 14:40:54,127 - INFO - vk_api.py - 172 - Auth with login: 79965964829
2024-04-03 14:40:54,127 - INFO - vk_api.py - 431 - Checking remixsid...
2024-04-03 14:40:54,127 - INFO - vk_api.py - 434 - No remixsid
2024-04-03 14:40:54,127 - INFO - vk_api.py - 202 - remixsid from config is not valid: None
2024-04-03 14:40:54,127 - INFO - vk_api.py - 242 - Logging in...
2024-04-03 14:40:54,410 - INFO - vk_api.py - 295 - Captcha code is required
2024-04-03 14:40:54,410 - ERROR - services.py - 57 - Ошибка при входе в аккаунт 79965964829 --- 
Captcha needed
2024-04-03 14:40:54,410 - INFO - vk_api.py - 172 - Auth with login: 79893436905
2024-04-03 14:40:54,410 - INFO - vk_api.py - 431 - Checking remixsid...
2024-04-03 14:40:54,713 - INFO - vk_api.py - 444 - remixsid is valid
2024-04-03 14:40:54,714 - INFO - vk_api.py - 389 - Checking security check request
2024-04-03 14:40:55,115 - INFO - vk_api.py - 395 - Security check is not required
2024-04-03 14:40:55,195 - INFO - vk_api.py - 209 - access_token from config is not valid: {'access_token': 'vk1.a.m_4VLJJ17eoN65NLpY-eIbe-t09ZIpMyvVScg91PmrGPjQ5321CFv9cKV5N0S1d4kGl2fHsDkoIKPNMvBm8PpV-MTl1XxS5oTyzGDT9-RrDlmXVgPpQaZSuMCs5zaIQ04HmSn9dBjwjTFUB5ne3l5Umb2-HiTdDcFMb7bgKrClPhSoUGNnp9Oi-c293HSUFH3bMRcva76piBhq-w7rDZyA', 'expires_in': '86400', 'user_id': '854794974'}
2024-04-03 14:40:55,402 - INFO - vk_api.py - 543 - Got access_token
2024-04-03 14:41:55,410 - INFO - services.py - 69 - аккаунт Ирина Третьякова комментирует запись wall-71665165_3725
2024-04-03 14:41:57,819 - INFO - services.py - 77 - аккаунт Ирина Третьякова репостит запись wall-71665165_3725
2024-04-03 14:42:00,071 - INFO - services.py - 83 - аккаунт Ирина Третьякова вступает в группу поста wall-71665165_3725
2024-04-03 14:42:00,353 - INFO - services.py - 96 - ----------КОНЕЦ-РЕПОСТА----------
2024-04-03 14:43:00,360 - INFO - services.py - 69 - аккаунт Ирина Третьякова комментирует запись wall-66421068_5251
2024-04-03 14:43:02,780 - INFO - services.py - 77 - аккаунт Ирина Третьякова репостит запись wall-66421068_5251
2024-04-03 14:43:05,103 - INFO - services.py - 83 - аккаунт Ирина Третьякова вступает в группу поста wall-66421068_5251
2024-04-03 14:43:05,155 - ERROR - services.py - 93 - Ошибка при работе с постом wall-66421068_5251:
[15] Access denied: you are already in this community
2024-04-03 14:43:05,155 - INFO - services.py - 96 - ----------КОНЕЦ-РЕПОСТА----------
2024-04-03 14:44:05,155 - INFO - services.py - 69 - аккаунт Ирина Третьякова комментирует запись wall-77555856_38240
2024-04-03 14:44:07,597 - INFO - services.py - 77 - аккаунт Ирина Третьякова репостит запись wall-77555856_38240
2024-04-03 14:44:09,937 - INFO - services.py - 83 - аккаунт Ирина Третьякова вступает в группу поста wall-77555856_38240
2024-04-03 14:44:10,147 - INFO - services.py - 96 - ----------КОНЕЦ-РЕПОСТА----------
2024-04-03 14:45:10,155 - INFO - services.py - 69 - аккаунт Ирина Третьякова комментирует запись wall-164556759_12454
2024-04-03 14:45:12,516 - INFO - services.py - 77 - аккаунт Ирина Третьякова репостит запись wall-164556759_12454
2024-04-03 14:45:14,956 - INFO - services.py - 83 - аккаунт Ирина Третьякова вступает в группу поста wall-164556759_12454
2024-04-03 14:45:15,038 - ERROR - services.py - 93 - Ошибка при работе с постом wall-164556759_12454:
[15] Access denied: you are already in this community
2024-04-03 14:45:15,038 - INFO - services.py - 96 - ----------КОНЕЦ-РЕПОСТА----------
2024-04-03 14:46:15,045 - INFO - services.py - 69 - аккаунт Ирина Третьякова комментирует запись wall-63492152_729445
2024-04-03 14:46:17,541 - INFO - services.py - 77 - аккаунт Ирина Третьякова репостит запись wall-63492152_729445
2024-04-03 14:46:19,872 - INFO - services.py - 83 - аккаунт Ирина Третьякова вступает в группу поста wall-63492152_729445
2024-04-03 14:46:19,918 - ERROR - services.py - 93 - Ошибка при работе с постом wall-63492152_729445:
[15] Access denied: you are already in this community
2024-04-03 14:46:19,918 - INFO - services.py - 96 - ----------КОНЕЦ-РЕПОСТА----------
2024-04-03 14:47:19,923 - INFO - services.py - 69 - аккаунт Ирина Третьякова комментирует запись wall-22868873_60895
2024-04-03 14:47:22,465 - INFO - services.py - 77 - аккаунт Ирина Третьякова репостит запись wall-22868873_60895
2024-04-03 14:47:24,815 - INFO - services.py - 83 - аккаунт Ирина Третьякова вступает в группу поста wall-22868873_60895
2024-04-03 14:47:25,168 - INFO - services.py - 96 - ----------КОНЕЦ-РЕПОСТА----------
2024-04-03 14:48:25,174 - INFO - services.py - 69 - аккаунт Ирина Третьякова комментирует запись wall-14272027_516719
2024-04-03 14:48:27,582 - INFO - services.py - 77 - аккаунт Ирина Третьякова репостит запись wall-14272027_516719
2024-04-03 14:48:30,082 - INFO - services.py - 83 - аккаунт Ирина Третьякова вступает в группу поста wall-14272027_516719
2024-04-03 14:48:30,149 - ERROR - services.py - 93 - Ошибка при работе с постом wall-14272027_516719:
[15] Access denied: you are already in this community
2024-04-03 14:48:30,149 - INFO - services.py - 96 - ----------КОНЕЦ-РЕПОСТА----------
2024-04-03 14:49:30,154 - INFO - services.py - 69 - аккаунт Ирина Третьякова комментирует запись wall-46207567_64104
2024-04-03 14:49:32,612 - INFO - services.py - 77 - аккаунт Ирина Третьякова репостит запись wall-46207567_64104
2024-04-03 14:49:35,252 - INFO - services.py - 83 - аккаунт Ирина Третьякова вступает в группу поста wall-46207567_64104
2024-04-03 14:49:35,466 - INFO - services.py - 96 - ----------КОНЕЦ-РЕПОСТА----------
2024-04-03 14:50:35,470 - INFO - services.py - 69 - аккаунт Ирина Третьякова комментирует запись wall-91195922_799189
2024-04-03 14:50:37,836 - INFO - services.py - 77 - аккаунт Ирина Третьякова репостит запись wall-91195922_799189
2024-04-03 14:50:40,194 - INFO - services.py - 83 - аккаунт Ирина Третьякова вступает в группу поста wall-91195922_799189
2024-04-03 14:50:40,423 - INFO - services.py - 96 - ----------КОНЕЦ-РЕПОСТА----------
2024-04-03 14:51:40,426 - INFO - services.py - 69 - аккаунт Ирина Третьякова комментирует запись wall-210947733_419
2024-04-03 14:51:42,661 - INFO - services.py - 77 - аккаунт Ирина Третьякова репостит запись wall-210947733_419
2024-04-03 14:51:44,912 - INFO - services.py - 83 - аккаунт Ирина Третьякова вступает в группу поста wall-210947733_419
2024-04-03 14:51:45,258 - INFO - services.py - 96 - ----------КОНЕЦ-РЕПОСТА----------
2024-04-03 14:52:45,260 - INFO - services.py - 69 - аккаунт Ирина Третьякова комментирует запись wall-62901720_33020
2024-04-03 14:52:47,684 - INFO - services.py - 77 - аккаунт Ирина Третьякова репостит запись wall-62901720_33020
2024-04-03 14:52:50,055 - INFO - services.py - 83 - аккаунт Ирина Третьякова вступает в группу поста wall-62901720_33020
2024-04-03 14:52:50,113 - ERROR - services.py - 93 - Ошибка при работе с постом wall-62901720_33020:
[15] Access denied: you are already in this community
2024-04-03 14:52:50,113 - INFO - services.py - 96 - ----------КОНЕЦ-РЕПОСТА----------
2024-04-03 14:53:50,120 - INFO - services.py - 69 - аккаунт Ирина Третьякова комментирует запись wall-157921718_46249
2024-04-03 14:53:52,474 - INFO - services.py - 77 - аккаунт Ирина Третьякова репостит запись wall-157921718_46249
2024-04-03 14:53:54,966 - INFO - services.py - 83 - аккаунт Ирина Третьякова вступает в группу поста wall-157921718_46249
2024-04-03 14:53:55,021 - ERROR - services.py - 93 - Ошибка при работе с постом wall-157921718_46249:
[15] Access denied: you are already in this community
2024-04-03 14:53:55,021 - INFO - services.py - 96 - ----------КОНЕЦ-РЕПОСТА----------
2024-04-03 14:54:55,025 - INFO - services.py - 69 - аккаунт Ирина Третьякова комментирует запись wall-215425316_27092
2024-04-03 14:54:57,422 - INFO - services.py - 77 - аккаунт Ирина Третьякова репостит запись wall-215425316_27092
2024-04-03 14:54:59,642 - INFO - services.py - 83 - аккаунт Ирина Третьякова вступает в группу поста wall-215425316_27092
2024-04-03 14:54:59,693 - ERROR - services.py - 93 - Ошибка при работе с постом wall-215425316_27092:
[15] Access denied: you are already in this community
2024-04-03 14:54:59,694 - INFO - services.py - 96 - ----------КОНЕЦ-РЕПОСТА----------
2024-04-03 14:55:59,698 - INFO - services.py - 69 - аккаунт Ирина Третьякова комментирует запись wall-146112919_13755
2024-04-03 14:56:02,139 - INFO - services.py - 77 - аккаунт Ирина Третьякова репостит запись wall-146112919_13755
2024-04-03 14:56:04,488 - INFO - services.py - 83 - аккаунт Ирина Третьякова вступает в группу поста wall-146112919_13755
2024-04-03 14:56:04,529 - ERROR - services.py - 93 - Ошибка при работе с постом wall-146112919_13755:
[15] Access denied: you are already in this community
2024-04-03 14:56:04,530 - INFO - services.py - 96 - ----------КОНЕЦ-РЕПОСТА----------
2024-04-03 14:57:04,528 - INFO - services.py - 69 - аккаунт Ирина Третьякова комментирует запись wall-167080827_197489
2024-04-03 14:57:07,061 - INFO - services.py - 77 - аккаунт Ирина Третьякова репостит запись wall-167080827_197489
2024-04-03 14:57:09,512 - INFO - services.py - 83 - аккаунт Ирина Третьякова вступает в группу поста wall-167080827_197489
2024-04-03 14:57:09,863 - INFO - services.py - 96 - ----------КОНЕЦ-РЕПОСТА----------
2024-04-03 14:58:09,863 - INFO - services.py - 69 - аккаунт Ирина Третьякова комментирует запись wall-157921718_46297
2024-04-03 14:58:12,188 - INFO - services.py - 77 - аккаунт Ирина Третьякова репостит запись wall-157921718_46297
2024-04-03 14:58:14,477 - INFO - services.py - 83 - аккаунт Ирина Третьякова вступает в группу поста wall-157921718_46297
2024-04-03 14:58:14,532 - ERROR - services.py - 93 - Ошибка при работе с постом wall-157921718_46297:
[15] Access denied: you are already in this community
2024-04-03 14:58:14,532 - INFO - services.py - 96 - ----------КОНЕЦ-РЕПОСТА----------
2024-04-03 14:59:14,534 - INFO - services.py - 69 - аккаунт Ирина Третьякова комментирует запись wall-259971_142959
2024-04-03 14:59:16,840 - INFO - services.py - 77 - аккаунт Ирина Третьякова репостит запись wall-259971_142959
2024-04-03 14:59:19,168 - INFO - services.py - 83 - аккаунт Ирина Третьякова вступает в группу поста wall-259971_142959
2024-04-03 14:59:19,222 - ERROR - services.py - 93 - Ошибка при работе с постом wall-259971_142959:
[15] Access denied: you are already in this community
2024-04-03 14:59:19,222 - INFO - services.py - 96 - ----------КОНЕЦ-РЕПОСТА----------
2024-04-03 15:00:19,226 - INFO - services.py - 69 - аккаунт Ирина Третьякова комментирует запись wall-16580516_479697
2024-04-03 15:00:21,617 - INFO - services.py - 77 - аккаунт Ирина Третьякова репостит запись wall-16580516_479697
2024-04-03 15:00:24,059 - INFO - services.py - 83 - аккаунт Ирина Третьякова вступает в группу поста wall-16580516_479697
2024-04-03 15:00:24,114 - ERROR - services.py - 93 - Ошибка при работе с постом wall-16580516_479697:
[15] Access denied: you are already in this community
2024-04-03 15:00:24,114 - INFO - services.py - 96 - ----------КОНЕЦ-РЕПОСТА----------
2024-04-03 15:01:24,122 - INFO - services.py - 69 - аккаунт Ирина Третьякова комментирует запись wall-198155051_19163
2024-04-03 15:01:26,549 - INFO - services.py - 77 - аккаунт Ирина Третьякова репостит запись wall-198155051_19163
2024-04-03 15:01:28,965 - INFO - services.py - 83 - аккаунт Ирина Третьякова вступает в группу поста wall-198155051_19163
2024-04-03 15:01:29,008 - ERROR - services.py - 93 - Ошибка при работе с постом wall-198155051_19163:
[15] Access denied: you are already in this community
2024-04-03 15:01:29,008 - INFO - services.py - 96 - ----------КОНЕЦ-РЕПОСТА----------
2024-04-03 15:02:29,014 - INFO - services.py - 69 - аккаунт Ирина Третьякова комментирует запись wall-219386641_450
2024-04-03 15:02:31,554 - INFO - services.py - 77 - аккаунт Ирина Третьякова репостит запись wall-219386641_450
2024-04-03 15:02:34,027 - INFO - services.py - 83 - аккаунт Ирина Третьякова вступает в группу поста wall-219386641_450
2024-04-03 15:02:34,242 - INFO - services.py - 96 - ----------КОНЕЦ-РЕПОСТА----------
2024-04-03 16:06:24,650 - INFO - services.py - 69 - аккаунт Ирина Третьякова комментирует запись wall-75924862_30035
2024-04-03 16:23:00,764 - ERROR - services.py - 93 - Ошибка при работе с постом wall-75924862_30035:
('Connection aborted.', RemoteDisconnected('Remote end closed connection without response'))
2024-04-03 16:23:00,764 - INFO - services.py - 96 - ----------КОНЕЦ-РЕПОСТА----------
2024-04-03 16:38:20,140 - INFO - services.py - 69 - аккаунт Ирина Третьякова комментирует запись wall-142665647_13114
2024-04-03 16:38:22,657 - INFO - services.py - 77 - аккаунт Ирина Третьякова репостит запись wall-142665647_13114
2024-04-03 16:38:24,934 - INFO - services.py - 83 - аккаунт Ирина Третьякова вступает в группу поста wall-142665647_13114
2024-04-03 16:38:25,377 - INFO - services.py - 96 - ----------КОНЕЦ-РЕПОСТА----------
2024-04-03 16:39:25,381 - INFO - services.py - 69 - аккаунт Ирина Третьякова комментирует запись wall-16957980_181050
2024-04-03 16:39:27,783 - INFO - services.py - 77 - аккаунт Ирина Третьякова репостит запись wall-16957980_181050
2024-04-03 16:39:30,342 - INFO - services.py - 83 - аккаунт Ирина Третьякова вступает в группу поста wall-16957980_181050
2024-04-03 16:39:30,530 - INFO - services.py - 96 - ----------КОНЕЦ-РЕПОСТА----------
2024-04-03 16:40:30,534 - INFO - services.py - 69 - аккаунт Ирина Третьякова комментирует запись wall-55591713_142829
2024-04-03 16:40:33,011 - INFO - services.py - 77 - аккаунт Ирина Третьякова репостит запись wall-55591713_142829
2024-04-03 16:40:35,389 - INFO - services.py - 83 - аккаунт Ирина Третьякова вступает в группу поста wall-55591713_142829
2024-04-03 16:40:35,634 - INFO - services.py - 96 - ----------КОНЕЦ-РЕПОСТА----------
2024-04-03 16:41:35,638 - INFO - services.py - 69 - аккаунт Ирина Третьякова комментирует запись wall-212532808_31173
2024-04-03 16:41:38,239 - INFO - services.py - 77 - аккаунт Ирина Третьякова репостит запись wall-212532808_31173
2024-04-03 16:41:40,702 - INFO - services.py - 83 - аккаунт Ирина Третьякова вступает в группу поста wall-212532808_31173
2024-04-03 16:41:40,888 - INFO - services.py - 96 - ----------КОНЕЦ-РЕПОСТА----------
2024-04-03 16:42:40,892 - INFO - services.py - 69 - аккаунт Ирина Третьякова комментирует запись wall-108556127_22943
2024-04-03 16:42:43,276 - INFO - services.py - 77 - аккаунт Ирина Третьякова репостит запись wall-108556127_22943
2024-04-03 16:42:45,732 - INFO - services.py - 83 - аккаунт Ирина Третьякова вступает в группу поста wall-108556127_22943
2024-04-03 16:42:46,075 - INFO - services.py - 96 - ----------КОНЕЦ-РЕПОСТА----------
2024-04-03 16:43:46,079 - INFO - services.py - 69 - аккаунт Ирина Третьякова комментирует запись wall-69279977_195741
2024-04-03 16:43:48,502 - INFO - services.py - 77 - аккаунт Ирина Третьякова репостит запись wall-69279977_195741
2024-04-03 16:43:50,938 - INFO - services.py - 83 - аккаунт Ирина Третьякова вступает в группу поста wall-69279977_195741
2024-04-03 16:43:50,986 - ERROR - services.py - 93 - Ошибка при работе с постом wall-69279977_195741:
[15] Access denied: you are already in this community
2024-04-03 16:43:50,986 - INFO - services.py - 96 - ----------КОНЕЦ-РЕПОСТА----------
2024-04-03 16:44:50,994 - INFO - services.py - 69 - аккаунт Ирина Третьякова комментирует запись wall-14138383_6456359
2024-04-03 16:44:53,331 - INFO - services.py - 77 - аккаунт Ирина Третьякова репостит запись wall-14138383_6456359
2024-04-03 16:44:55,879 - INFO - services.py - 83 - аккаунт Ирина Третьякова вступает в группу поста wall-14138383_6456359
2024-04-03 16:44:56,095 - INFO - services.py - 96 - ----------КОНЕЦ-РЕПОСТА----------
2024-04-03 16:45:56,102 - INFO - services.py - 69 - аккаунт Ирина Третьякова комментирует запись wall-63492152_736044
2024-04-03 16:45:58,439 - INFO - services.py - 77 - аккаунт Ирина Третьякова репостит запись wall-63492152_736044
2024-04-03 16:46:00,803 - INFO - services.py - 83 - аккаунт Ирина Третьякова вступает в группу поста wall-63492152_736044
2024-04-03 16:46:00,857 - ERROR - services.py - 93 - Ошибка при работе с постом wall-63492152_736044:
[15] Access denied: you are already in this community
2024-04-03 16:46:00,857 - INFO - services.py - 96 - ----------КОНЕЦ-РЕПОСТА----------
2024-04-03 16:47:00,859 - INFO - services.py - 69 - аккаунт Ирина Третьякова комментирует запись wall-219407304_5315
2024-04-03 16:47:03,372 - INFO - services.py - 77 - аккаунт Ирина Третьякова репостит запись wall-219407304_5315
2024-04-03 16:47:05,827 - INFO - services.py - 83 - аккаунт Ирина Третьякова вступает в группу поста wall-219407304_5315
2024-04-03 16:47:05,989 - INFO - services.py - 96 - ----------КОНЕЦ-РЕПОСТА----------
2024-04-03 16:48:05,998 - INFO - services.py - 69 - аккаунт Ирина Третьякова комментирует запись wall-175216860_5671
2024-04-03 16:48:08,268 - INFO - services.py - 77 - аккаунт Ирина Третьякова репостит запись wall-175216860_5671
2024-04-03 16:48:10,748 - INFO - services.py - 83 - аккаунт Ирина Третьякова вступает в группу поста wall-175216860_5671
2024-04-03 16:48:11,096 - INFO - services.py - 96 - ----------КОНЕЦ-РЕПОСТА----------
2024-04-03 16:49:11,101 - INFO - services.py - 69 - аккаунт Ирина Третьякова комментирует запись wall-114389229_139992
2024-04-03 16:49:13,626 - INFO - services.py - 77 - аккаунт Ирина Третьякова репостит запись wall-114389229_139992
2024-04-03 16:49:15,951 - INFO - services.py - 83 - аккаунт Ирина Третьякова вступает в группу поста wall-114389229_139992
2024-04-03 16:49:15,995 - ERROR - services.py - 93 - Ошибка при работе с постом wall-114389229_139992:
[15] Access denied: you are already in this community
2024-04-03 16:49:15,995 - INFO - services.py - 96 - ----------КОНЕЦ-РЕПОСТА----------
2024-04-03 16:50:16,004 - INFO - services.py - 69 - аккаунт Ирина Третьякова комментирует запись wall-101210275_220973
2024-04-03 16:50:18,442 - INFO - services.py - 77 - аккаунт Ирина Третьякова репостит запись wall-101210275_220973
2024-04-03 16:50:20,803 - INFO - services.py - 83 - аккаунт Ирина Третьякова вступает в группу поста wall-101210275_220973
2024-04-03 16:50:20,853 - ERROR - services.py - 93 - Ошибка при работе с постом wall-101210275_220973:
[15] Access denied: you are already in this community
2024-04-03 16:50:20,853 - INFO - services.py - 96 - ----------КОНЕЦ-РЕПОСТА----------
2024-04-03 16:51:20,862 - INFO - services.py - 69 - аккаунт Ирина Третьякова комментирует запись wall-112268895_724
2024-04-03 16:51:23,303 - INFO - services.py - 77 - аккаунт Ирина Третьякова репостит запись wall-112268895_724
2024-04-03 16:51:25,923 - INFO - services.py - 83 - аккаунт Ирина Третьякова вступает в группу поста wall-112268895_724
2024-04-03 16:51:26,377 - INFO - services.py - 96 - ----------КОНЕЦ-РЕПОСТА----------
2024-04-03 16:52:26,385 - INFO - services.py - 69 - аккаунт Ирина Третьякова комментирует запись wall-10958821_956486
2024-04-03 16:52:28,673 - INFO - services.py - 77 - аккаунт Ирина Третьякова репостит запись wall-10958821_956486
2024-04-03 16:52:30,906 - INFO - services.py - 83 - аккаунт Ирина Третьякова вступает в группу поста wall-10958821_956486
2024-04-03 16:52:30,942 - ERROR - services.py - 93 - Ошибка при работе с постом wall-10958821_956486:
[15] Access denied: you are already in this community
2024-04-03 16:52:30,942 - INFO - services.py - 96 - ----------КОНЕЦ-РЕПОСТА----------
2024-04-03 16:53:30,946 - INFO - services.py - 69 - аккаунт Ирина Третьякова комментирует запись wall-203635079_7313
2024-04-03 16:53:33,231 - INFO - services.py - 77 - аккаунт Ирина Третьякова репостит запись wall-203635079_7313
2024-04-03 16:53:35,779 - INFO - services.py - 83 - аккаунт Ирина Третьякова вступает в группу поста wall-203635079_7313
2024-04-03 16:53:36,012 - INFO - services.py - 96 - ----------КОНЕЦ-РЕПОСТА----------
2024-04-03 16:54:36,028 - INFO - services.py - 69 - аккаунт Ирина Третьякова комментирует запись wall-3442_178865
2024-04-03 16:54:38,335 - INFO - services.py - 77 - аккаунт Ирина Третьякова репостит запись wall-3442_178865
2024-04-03 16:54:40,694 - INFO - services.py - 83 - аккаунт Ирина Третьякова вступает в группу поста wall-3442_178865
2024-04-03 16:54:40,924 - INFO - services.py - 96 - ----------КОНЕЦ-РЕПОСТА----------
2024-04-03 16:55:40,932 - INFO - services.py - 69 - аккаунт Ирина Третьякова комментирует запись wall-16768580_45108
2024-04-03 16:55:43,367 - INFO - services.py - 77 - аккаунт Ирина Третьякова репостит запись wall-16768580_45108
2024-04-03 16:55:45,785 - INFO - services.py - 83 - аккаунт Ирина Третьякова вступает в группу поста wall-16768580_45108
2024-04-03 16:55:46,082 - INFO - services.py - 96 - ----------КОНЕЦ-РЕПОСТА----------
2024-04-03 16:56:46,091 - INFO - services.py - 69 - аккаунт Ирина Третьякова комментирует запись wall-176979291_1054
2024-04-03 16:56:48,935 - INFO - services.py - 77 - аккаунт Ирина Третьякова репостит запись wall-176979291_1054
2024-04-03 16:56:51,766 - INFO - services.py - 83 - аккаунт Ирина Третьякова вступает в группу поста wall-176979291_1054
2024-04-03 16:56:51,952 - INFO - services.py - 96 - ----------КОНЕЦ-РЕПОСТА----------
2024-04-03 16:57:51,953 - INFO - services.py - 69 - аккаунт Ирина Третьякова комментирует запись wall-69279977_196042
2024-04-03 16:57:54,368 - INFO - services.py - 77 - аккаунт Ирина Третьякова репостит запись wall-69279977_196042
2024-04-03 16:57:56,899 - INFO - services.py - 83 - аккаунт Ирина Третьякова вступает в группу поста wall-69279977_196042
2024-04-03 16:57:56,951 - ERROR - services.py - 93 - Ошибка при работе с постом wall-69279977_196042:
[15] Access denied: you are already in this community
2024-04-03 16:57:56,951 - INFO - services.py - 96 - ----------КОНЕЦ-РЕПОСТА----------
2024-04-03 16:58:56,959 - INFO - services.py - 69 - аккаунт Ирина Третьякова комментирует запись wall-214363_51391
2024-04-03 16:58:59,377 - INFO - services.py - 77 - аккаунт Ирина Третьякова репостит запись wall-214363_51391
2024-04-03 16:59:01,816 - INFO - services.py - 83 - аккаунт Ирина Третьякова вступает в группу поста wall-214363_51391
2024-04-03 16:59:02,163 - INFO - services.py - 96 - ----------КОНЕЦ-РЕПОСТА----------
2024-04-03 17:00:02,162 - INFO - services.py - 69 - аккаунт Ирина Третьякова комментирует запись wall-217216140_414
2024-04-03 17:00:04,596 - INFO - services.py - 77 - аккаунт Ирина Третьякова репостит запись wall-217216140_414
2024-04-03 17:00:07,044 - INFO - services.py - 83 - аккаунт Ирина Третьякова вступает в группу поста wall-217216140_414
2024-04-03 17:00:08,335 - INFO - services.py - 96 - ----------КОНЕЦ-РЕПОСТА----------
2024-04-03 17:01:08,337 - INFO - services.py - 69 - аккаунт Ирина Третьякова комментирует запись wall-6895834_7331
2024-04-03 17:01:10,652 - INFO - services.py - 77 - аккаунт Ирина Третьякова репостит запись wall-6895834_7331
2024-04-03 17:01:13,097 - INFO - services.py - 83 - аккаунт Ирина Третьякова вступает в группу поста wall-6895834_7331
2024-04-03 17:01:13,287 - INFO - services.py - 96 - ----------КОНЕЦ-РЕПОСТА----------
2024-04-03 17:02:13,295 - INFO - services.py - 69 - аккаунт Ирина Третьякова комментирует запись wall-57_551466
2024-04-03 17:02:13,351 - ERROR - services.py - 93 - Ошибка при работе с постом wall-57_551466:
[213] Access to status replies denied: replies disabled
2024-04-03 17:02:13,352 - INFO - services.py - 96 - ----------КОНЕЦ-РЕПОСТА----------
2024-04-03 17:03:13,356 - INFO - services.py - 69 - аккаунт Ирина Третьякова комментирует запись wall-259971_143014
2024-04-03 17:03:15,712 - INFO - services.py - 77 - аккаунт Ирина Третьякова репостит запись wall-259971_143014
2024-04-03 17:03:18,096 - INFO - services.py - 83 - аккаунт Ирина Третьякова вступает в группу поста wall-259971_143014
2024-04-03 17:03:18,138 - ERROR - services.py - 93 - Ошибка при работе с постом wall-259971_143014:
[15] Access denied: you are already in this community
2024-04-03 17:03:18,138 - INFO - services.py - 96 - ----------КОНЕЦ-РЕПОСТА----------
2024-04-03 17:04:18,145 - INFO - services.py - 69 - аккаунт Ирина Третьякова комментирует запись wall-259971_142887
2024-04-03 17:04:20,493 - INFO - services.py - 77 - аккаунт Ирина Третьякова репостит запись wall-259971_142887
2024-04-03 17:04:22,941 - INFO - services.py - 83 - аккаунт Ирина Третьякова вступает в группу поста wall-259971_142887
2024-04-03 17:04:23,117 - ERROR - services.py - 93 - Ошибка при работе с постом wall-259971_142887:
[15] Access denied: you are already in this community
2024-04-03 17:04:23,117 - INFO - services.py - 96 - ----------КОНЕЦ-РЕПОСТА----------
2024-04-03 17:05:23,120 - INFO - services.py - 69 - аккаунт Ирина Третьякова комментирует запись wall-218267293_3419
2024-04-03 17:05:25,554 - INFO - services.py - 77 - аккаунт Ирина Третьякова репостит запись wall-218267293_3419
2024-04-03 17:05:28,081 - INFO - services.py - 83 - аккаунт Ирина Третьякова вступает в группу поста wall-218267293_3419
2024-04-03 17:05:28,424 - INFO - services.py - 96 - ----------КОНЕЦ-РЕПОСТА----------
2024-04-04 09:39:54,883 - INFO - services.py - 69 - аккаунт Ирина Третьякова комментирует запись wall-78668846_2695
2024-04-04 09:40:21,601 - ERROR - services.py - 93 - Ошибка при работе с постом wall-78668846_2695:
('Connection aborted.', RemoteDisconnected('Remote end closed connection without response'))
2024-04-04 09:40:21,601 - INFO - services.py - 96 - ----------КОНЕЦ-РЕПОСТА----------
2024-04-04 09:41:21,608 - INFO - services.py - 69 - аккаунт Ирина Третьякова комментирует запись wall-34571836_76188
2024-04-04 09:41:21,680 - ERROR - services.py - 93 - Ошибка при работе с постом wall-34571836_76188:
[5] User authorization failed: access_token was given to another ip address
2024-04-04 09:41:21,680 - INFO - services.py - 96 - ----------КОНЕЦ-РЕПОСТА----------
2024-04-04 09:42:21,688 - INFO - services.py - 69 - аккаунт Ирина Третьякова комментирует запись wall-154505733_2372
2024-04-04 09:42:21,722 - ERROR - services.py - 93 - Ошибка при работе с постом wall-154505733_2372:
[5] User authorization failed: access_token was given to another ip address
2024-04-04 09:42:21,722 - INFO - services.py - 96 - ----------КОНЕЦ-РЕПОСТА----------
2024-04-04 09:43:21,730 - INFO - services.py - 69 - аккаунт Ирина Третьякова комментирует запись wall-221953896_370
2024-04-04 09:43:21,763 - ERROR - services.py - 93 - Ошибка при работе с постом wall-221953896_370:
[5] User authorization failed: access_token was given to another ip address
2024-04-04 09:43:21,776 - INFO - services.py - 96 - ----------КОНЕЦ-РЕПОСТА----------
2024-04-04 09:44:21,784 - INFO - services.py - 69 - аккаунт Ирина Третьякова комментирует запись wall-222419617_650
2024-04-04 09:44:21,814 - ERROR - services.py - 93 - Ошибка при работе с постом wall-222419617_650:
[5] User authorization failed: access_token was given to another ip address
2024-04-04 09:44:21,814 - INFO - services.py - 96 - ----------КОНЕЦ-РЕПОСТА----------
2024-04-04 09:45:21,822 - INFO - services.py - 69 - аккаунт Ирина Третьякова комментирует запись wall-180740900_13296
2024-04-04 09:45:21,850 - ERROR - services.py - 93 - Ошибка при работе с постом wall-180740900_13296:
[5] User authorization failed: access_token was given to another ip address
2024-04-04 09:45:21,850 - INFO - services.py - 96 - ----------КОНЕЦ-РЕПОСТА----------
2024-04-04 09:46:21,857 - INFO - services.py - 69 - аккаунт Ирина Третьякова комментирует запись wall-88294670_5833
2024-04-04 09:46:21,882 - ERROR - services.py - 93 - Ошибка при работе с постом wall-88294670_5833:
[5] User authorization failed: access_token was given to another ip address
2024-04-04 09:46:21,883 - INFO - services.py - 96 - ----------КОНЕЦ-РЕПОСТА----------
2024-04-04 09:47:21,891 - INFO - services.py - 69 - аккаунт Ирина Третьякова комментирует запись wall-138759033_83076
2024-04-04 09:47:21,918 - ERROR - services.py - 93 - Ошибка при работе с постом wall-138759033_83076:
[5] User authorization failed: access_token was given to another ip address
2024-04-04 09:47:21,918 - INFO - services.py - 96 - ----------КОНЕЦ-РЕПОСТА----------
2024-04-04 09:48:21,926 - INFO - services.py - 69 - аккаунт Ирина Третьякова комментирует запись wall-190818450_532944
2024-04-04 09:48:21,953 - ERROR - services.py - 93 - Ошибка при работе с постом wall-190818450_532944:
[5] User authorization failed: access_token was given to another ip address
2024-04-04 09:48:21,953 - INFO - services.py - 96 - ----------КОНЕЦ-РЕПОСТА----------
2024-04-04 09:49:21,961 - INFO - services.py - 69 - аккаунт Ирина Третьякова комментирует запись wall-211285563_120013
2024-04-04 09:49:21,992 - ERROR - services.py - 93 - Ошибка при работе с постом wall-211285563_120013:
[5] User authorization failed: access_token was given to another ip address
2024-04-04 09:49:21,992 - INFO - services.py - 96 - ----------КОНЕЦ-РЕПОСТА----------
2024-04-04 09:50:22,000 - INFO - services.py - 69 - аккаунт Ирина Третьякова комментирует запись wall-144958594_28491283
2024-04-04 09:50:22,030 - ERROR - services.py - 93 - Ошибка при работе с постом wall-144958594_28491283:
[5] User authorization failed: access_token was given to another ip address
2024-04-04 09:50:22,030 - INFO - services.py - 96 - ----------КОНЕЦ-РЕПОСТА----------
2024-04-04 09:51:22,037 - INFO - services.py - 69 - аккаунт Ирина Третьякова комментирует запись wall-45265978_564179
2024-04-04 09:51:22,066 - ERROR - services.py - 93 - Ошибка при работе с постом wall-45265978_564179:
[5] User authorization failed: access_token was given to another ip address
2024-04-04 09:51:22,066 - INFO - services.py - 96 - ----------КОНЕЦ-РЕПОСТА----------
2024-04-04 09:52:22,069 - INFO - services.py - 69 - аккаунт Ирина Третьякова комментирует запись wall-134796912_285808
2024-04-04 09:52:22,128 - ERROR - services.py - 93 - Ошибка при работе с постом wall-134796912_285808:
[5] User authorization failed: access_token was given to another ip address
2024-04-04 09:52:22,128 - INFO - services.py - 96 - ----------КОНЕЦ-РЕПОСТА----------
2024-04-04 09:53:22,129 - INFO - services.py - 69 - аккаунт Ирина Третьякова комментирует запись wall-45126840_88754
2024-04-04 09:53:22,176 - ERROR - services.py - 93 - Ошибка при работе с постом wall-45126840_88754:
[5] User authorization failed: access_token was given to another ip address
2024-04-04 09:53:22,176 - INFO - services.py - 96 - ----------КОНЕЦ-РЕПОСТА----------
2024-04-04 09:54:22,176 - INFO - services.py - 69 - аккаунт Ирина Третьякова комментирует запись wall-206705410_8902
2024-04-04 09:54:22,206 - ERROR - services.py - 93 - Ошибка при работе с постом wall-206705410_8902:
[5] User authorization failed: access_token was given to another ip address
2024-04-04 09:54:22,206 - INFO - services.py - 96 - ----------КОНЕЦ-РЕПОСТА----------
2024-04-04 09:55:22,282 - INFO - services.py - 69 - аккаунт Ирина Третьякова комментирует запись wall-211658643_56354
2024-04-04 09:55:22,314 - ERROR - services.py - 93 - Ошибка при работе с постом wall-211658643_56354:
[5] User authorization failed: access_token was given to another ip address
2024-04-04 09:55:22,314 - INFO - services.py - 96 - ----------КОНЕЦ-РЕПОСТА----------
2024-04-04 09:56:22,322 - INFO - services.py - 69 - аккаунт Ирина Третьякова комментирует запись wall-170041995_6960
2024-04-04 09:56:22,349 - ERROR - services.py - 93 - Ошибка при работе с постом wall-170041995_6960:
[5] User authorization failed: access_token was given to another ip address
2024-04-04 09:56:22,349 - INFO - services.py - 96 - ----------КОНЕЦ-РЕПОСТА----------
2024-04-04 09:57:22,348 - INFO - services.py - 69 - аккаунт Ирина Третьякова комментирует запись wall-211093048_491
2024-04-04 09:57:22,392 - ERROR - services.py - 93 - Ошибка при работе с постом wall-211093048_491:
[5] User authorization failed: access_token was given to another ip address
2024-04-04 09:57:22,395 - INFO - services.py - 96 - ----------КОНЕЦ-РЕПОСТА----------
2024-04-04 09:58:22,397 - INFO - services.py - 69 - аккаунт Ирина Третьякова комментирует запись wall-91195922_800712
2024-04-04 09:58:22,423 - ERROR - services.py - 93 - Ошибка при работе с постом wall-91195922_800712:
[5] User authorization failed: access_token was given to another ip address
2024-04-04 09:58:22,423 - INFO - services.py - 96 - ----------КОНЕЦ-РЕПОСТА----------
2024-04-04 09:59:22,431 - INFO - services.py - 69 - аккаунт Ирина Третьякова комментирует запись wall-27280003_955773
2024-04-04 09:59:22,458 - ERROR - services.py - 93 - Ошибка при работе с постом wall-27280003_955773:
[5] User authorization failed: access_token was given to another ip address
2024-04-04 09:59:22,458 - INFO - services.py - 96 - ----------КОНЕЦ-РЕПОСТА----------
2024-04-04 10:00:22,466 - INFO - services.py - 69 - аккаунт Ирина Третьякова комментирует запись wall-132994666_36014
2024-04-04 10:00:22,516 - ERROR - services.py - 93 - Ошибка при работе с постом wall-132994666_36014:
[5] User authorization failed: access_token was given to another ip address
2024-04-04 10:00:22,516 - INFO - services.py - 96 - ----------КОНЕЦ-РЕПОСТА----------
2024-04-04 10:01:22,524 - INFO - services.py - 69 - аккаунт Ирина Третьякова комментирует запись wall-8573188_6407
2024-04-04 10:01:22,551 - ERROR - services.py - 93 - Ошибка при работе с постом wall-8573188_6407:
[5] User authorization failed: access_token was given to another ip address
2024-04-04 10:01:22,551 - INFO - services.py - 96 - ----------КОНЕЦ-РЕПОСТА----------
2024-04-04 10:02:22,550 - INFO - services.py - 69 - аккаунт Ирина Третьякова комментирует запись wall-36047336_124006
2024-04-04 10:02:22,582 - ERROR - services.py - 93 - Ошибка при работе с постом wall-36047336_124006:
[5] User authorization failed: access_token was given to another ip address
2024-04-04 10:02:22,582 - INFO - services.py - 96 - ----------КОНЕЦ-РЕПОСТА----------
2024-04-04 10:03:22,585 - INFO - services.py - 69 - аккаунт Ирина Третьякова комментирует запись wall-79095450_70332
2024-04-04 10:03:22,625 - ERROR - services.py - 93 - Ошибка при работе с постом wall-79095450_70332:
[5] User authorization failed: access_token was given to another ip address
2024-04-04 10:03:22,625 - INFO - services.py - 96 - ----------КОНЕЦ-РЕПОСТА----------
2024-04-04 10:04:22,633 - INFO - services.py - 69 - аккаунт Ирина Третьякова комментирует запись wall-112476686_133620
2024-04-04 10:04:22,660 - ERROR - services.py - 93 - Ошибка при работе с постом wall-112476686_133620:
[5] User authorization failed: access_token was given to another ip address
2024-04-04 10:04:22,660 - INFO - services.py - 96 - ----------КОНЕЦ-РЕПОСТА----------
2024-04-04 10:05:22,661 - INFO - services.py - 69 - аккаунт Ирина Третьякова комментирует запись wall-171543917_6454
2024-04-04 10:05:22,686 - ERROR - services.py - 93 - Ошибка при работе с постом wall-171543917_6454:
[5] User authorization failed: access_token was given to another ip address
2024-04-04 10:05:22,686 - INFO - services.py - 96 - ----------КОНЕЦ-РЕПОСТА----------
2024-04-04 10:05:24,039 - ERROR - dispatcher.py - 219 - Failed to fetch updates - TelegramNetworkError: HTTP Client says - Request timeout error
2024-04-04 10:05:24,041 - WARNING - dispatcher.py - 221 - Sleep for 1.000000 seconds and try again... (tryings = 0, bot id = 6727463369)
2024-04-04 10:05:24,257 - INFO - dispatcher.py - 172 - Update id=56115930 is handled. Duration 14114953 ms by bot id=6727463369
2024-04-04 10:05:25,114 - INFO - dispatcher.py - 233 - Connection established (tryings = 1, bot id = 6727463369)
2024-04-04 10:05:25,359 - INFO - dispatcher.py - 172 - Update id=56115932 is handled. Duration 243 ms by bot id=6727463369
2024-04-04 10:05:25,360 - INFO - dispatcher.py - 172 - Update id=56115931 is handled. Duration 244 ms by bot id=6727463369
2024-04-04 10:11:25,139 - INFO - dispatcher.py - 172 - Update id=56115933 is handled. Duration 11103 ms by bot id=6727463369
2024-04-04 10:11:28,351 - INFO - vk_api.py - 172 - Auth with login: +79998773625
2024-04-04 10:11:28,352 - INFO - vk_api.py - 431 - Checking remixsid...
2024-04-04 10:11:28,618 - INFO - vk_api.py - 444 - remixsid is valid
2024-04-04 10:11:28,619 - INFO - vk_api.py - 389 - Checking security check request
2024-04-04 10:11:31,735 - INFO - vk_api.py - 395 - Security check is not required
2024-04-04 10:11:31,791 - INFO - vk_api.py - 209 - access_token from config is not valid: {'access_token': 'vk1.a.SMAiadZ0-0XhkCl8wREFSLPp863B2evJ-DJfhe8ixEnHO_Lqcv5uRXWnbm0usxEukqGtAGYcqCnat7iX_okMwV9ohKLW6ZYNSknAOarr5E-3S_XULwGcNXLYE62I9fWd6VckAiCSIwuO0FXdMh-IMHw89oK2xx0p7aXw7nxxHJNsj0P_Q2iYBd8te2Wj7Kk-D3iY4CThPNjz0-R3OXGZoA', 'expires_in': '86400', 'user_id': '855097942'}
2024-04-04 10:11:31,947 - INFO - vk_api.py - 543 - Got access_token
2024-04-04 10:12:31,950 - INFO - services.py - 69 - аккаунт Albina Vladimirovna комментирует запись wall-80495001_307827
2024-04-04 10:12:32,017 - ERROR - services.py - 93 - Ошибка при работе с постом wall-80495001_307827:
[213] Access to status replies denied: replies disabled
2024-04-04 10:12:32,017 - INFO - services.py - 96 - ----------КОНЕЦ-РЕПОСТА----------
2024-04-04 10:13:32,020 - INFO - services.py - 69 - аккаунт Albina Vladimirovna комментирует запись wall-60402921_2177
2024-04-04 10:13:34,651 - INFO - services.py - 77 - аккаунт Albina Vladimirovna репостит запись wall-60402921_2177
2024-04-04 10:13:37,649 - INFO - services.py - 83 - аккаунт Albina Vladimirovna вступает в группу поста wall-60402921_2177
2024-04-04 10:13:38,086 - INFO - services.py - 96 - ----------КОНЕЦ-РЕПОСТА----------
2024-04-04 10:14:38,084 - INFO - services.py - 69 - аккаунт Albina Vladimirovna комментирует запись wall-11126307_89689
2024-04-04 10:14:40,353 - INFO - services.py - 77 - аккаунт Albina Vladimirovna репостит запись wall-11126307_89689
2024-04-04 10:14:42,776 - INFO - services.py - 83 - аккаунт Albina Vladimirovna вступает в группу поста wall-11126307_89689
2024-04-04 10:14:42,959 - INFO - services.py - 96 - ----------КОНЕЦ-РЕПОСТА----------
2024-04-04 10:15:42,962 - INFO - services.py - 69 - аккаунт Albina Vladimirovna комментирует запись wall-202451830_2518
2024-04-04 10:15:45,209 - INFO - services.py - 77 - аккаунт Albina Vladimirovna репостит запись wall-202451830_2518
2024-04-04 10:15:49,626 - INFO - services.py - 83 - аккаунт Albina Vladimirovna вступает в группу поста wall-202451830_2518
2024-04-04 10:15:49,665 - ERROR - services.py - 93 - Ошибка при работе с постом wall-202451830_2518:
[15] Access denied: you are already in this community
2024-04-04 10:15:49,666 - INFO - services.py - 96 - ----------КОНЕЦ-РЕПОСТА----------
2024-04-04 10:16:49,669 - INFO - services.py - 69 - аккаунт Albina Vladimirovna комментирует запись wall-157921718_45520
2024-04-04 10:16:51,925 - INFO - services.py - 77 - аккаунт Albina Vladimirovna репостит запись wall-157921718_45520
2024-04-04 10:16:55,460 - INFO - services.py - 83 - аккаунт Albina Vladimirovna вступает в группу поста wall-157921718_45520
2024-04-04 10:16:55,497 - ERROR - services.py - 93 - Ошибка при работе с постом wall-157921718_45520:
[15] Access denied: you are already in this community
2024-04-04 10:16:55,497 - INFO - services.py - 96 - ----------КОНЕЦ-РЕПОСТА----------
2024-04-04 10:17:55,505 - INFO - services.py - 69 - аккаунт Albina Vladimirovna комментирует запись wall-21777386_23685
2024-04-04 10:17:57,798 - INFO - services.py - 77 - аккаунт Albina Vladimirovna репостит запись wall-21777386_23685
2024-04-04 10:18:01,515 - INFO - services.py - 83 - аккаунт Albina Vladimirovna вступает в группу поста wall-21777386_23685
2024-04-04 10:18:01,569 - ERROR - services.py - 93 - Ошибка при работе с постом wall-21777386_23685:
[15] Access denied: you are already in this community
2024-04-04 10:18:01,569 - INFO - services.py - 96 - ----------КОНЕЦ-РЕПОСТА----------
2024-04-04 10:19:01,575 - INFO - services.py - 69 - аккаунт Albina Vladimirovna комментирует запись wall-215425316_26658
2024-04-04 10:19:05,130 - INFO - services.py - 77 - аккаунт Albina Vladimirovna репостит запись wall-215425316_26658
2024-04-04 10:19:09,419 - INFO - services.py - 83 - аккаунт Albina Vladimirovna вступает в группу поста wall-215425316_26658
2024-04-04 10:19:09,484 - ERROR - services.py - 93 - Ошибка при работе с постом wall-215425316_26658:
[15] Access denied: you are already in this community
2024-04-04 10:19:09,485 - INFO - services.py - 96 - ----------КОНЕЦ-РЕПОСТА----------
2024-04-04 10:20:09,491 - INFO - services.py - 69 - аккаунт Albina Vladimirovna комментирует запись wall-222387020_3877
2024-04-04 10:20:14,121 - INFO - services.py - 77 - аккаунт Albina Vladimirovna репостит запись wall-222387020_3877
2024-04-04 10:20:17,971 - INFO - services.py - 83 - аккаунт Albina Vladimirovna вступает в группу поста wall-222387020_3877
2024-04-04 10:20:18,033 - ERROR - services.py - 93 - Ошибка при работе с постом wall-222387020_3877:
[15] Access denied: you are already in this community
2024-04-04 10:20:18,033 - INFO - services.py - 96 - ----------КОНЕЦ-РЕПОСТА----------
2024-04-04 10:21:18,043 - INFO - services.py - 69 - аккаунт Albina Vladimirovna комментирует запись wall-193089825_20382
2024-04-04 10:21:20,348 - INFO - services.py - 77 - аккаунт Albina Vladimirovna репостит запись wall-193089825_20382
2024-04-04 10:21:25,559 - INFO - services.py - 83 - аккаунт Albina Vladimirovna вступает в группу поста wall-193089825_20382
2024-04-04 10:21:25,795 - INFO - services.py - 96 - ----------КОНЕЦ-РЕПОСТА----------
2024-04-04 10:22:25,797 - INFO - services.py - 69 - аккаунт Albina Vladimirovna комментирует запись wall-164556759_12454
2024-04-04 10:22:29,113 - INFO - services.py - 77 - аккаунт Albina Vladimirovna репостит запись wall-164556759_12454
2024-04-04 10:22:31,769 - INFO - services.py - 83 - аккаунт Albina Vladimirovna вступает в группу поста wall-164556759_12454
2024-04-04 10:22:31,816 - ERROR - services.py - 93 - Ошибка при работе с постом wall-164556759_12454:
[15] Access denied: you are already in this community
2024-04-04 10:22:31,816 - INFO - services.py - 96 - ----------КОНЕЦ-РЕПОСТА----------
2024-04-04 10:23:31,819 - INFO - services.py - 69 - аккаунт Albina Vladimirovna комментирует запись wall-162162168_22190
2024-04-04 10:23:31,866 - ERROR - services.py - 93 - Ошибка при работе с постом wall-162162168_22190:
[213] Access to status replies denied
2024-04-04 10:23:31,866 - INFO - services.py - 96 - ----------КОНЕЦ-РЕПОСТА----------
2024-04-04 10:24:31,867 - INFO - services.py - 69 - аккаунт Albina Vladimirovna комментирует запись wall-222213568_180
2024-04-04 10:24:35,676 - INFO - services.py - 77 - аккаунт Albina Vladimirovna репостит запись wall-222213568_180
2024-04-04 10:24:38,126 - INFO - services.py - 83 - аккаунт Albina Vladimirovna вступает в группу поста wall-222213568_180
2024-04-04 10:24:38,171 - ERROR - services.py - 93 - Ошибка при работе с постом wall-222213568_180:
[15] Access denied: you are already in this community
2024-04-04 10:24:38,171 - INFO - services.py - 96 - ----------КОНЕЦ-РЕПОСТА----------
2024-04-04 10:25:38,179 - INFO - services.py - 69 - аккаунт Albina Vladimirovna комментирует запись wall-100861682_7112
2024-04-04 10:25:43,554 - INFO - services.py - 77 - аккаунт Albina Vladimirovna репостит запись wall-100861682_7112
2024-04-04 10:25:46,030 - INFO - services.py - 83 - аккаунт Albina Vladimirovna вступает в группу поста wall-100861682_7112
2024-04-04 10:25:47,639 - INFO - services.py - 96 - ----------КОНЕЦ-РЕПОСТА----------
2024-04-04 10:26:47,647 - INFO - services.py - 69 - аккаунт Albina Vladimirovna комментирует запись wall-224267833_63
2024-04-04 10:26:50,945 - INFO - services.py - 77 - аккаунт Albina Vladimirovna репостит запись wall-224267833_63
2024-04-04 10:26:55,737 - INFO - services.py - 83 - аккаунт Albina Vladimirovna вступает в группу поста wall-224267833_63
2024-04-04 10:26:57,039 - INFO - services.py - 96 - ----------КОНЕЦ-РЕПОСТА----------
2024-04-04 10:27:57,041 - INFO - services.py - 69 - аккаунт Albina Vladimirovna комментирует запись wall-189225006_5756
2024-04-04 10:27:59,526 - INFO - services.py - 77 - аккаунт Albina Vladimirovna репостит запись wall-189225006_5756
2024-04-04 10:28:02,214 - INFO - services.py - 83 - аккаунт Albina Vladimirovna вступает в группу поста wall-189225006_5756
2024-04-04 10:28:02,254 - ERROR - services.py - 93 - Ошибка при работе с постом wall-189225006_5756:
[15] Access denied: you are already in this community
2024-04-04 10:28:02,254 - INFO - services.py - 96 - ----------КОНЕЦ-РЕПОСТА----------
2024-04-04 10:29:02,262 - INFO - services.py - 69 - аккаунт Albina Vladimirovna комментирует запись wall-121513634_59244
2024-04-04 10:29:06,510 - INFO - services.py - 77 - аккаунт Albina Vladimirovna репостит запись wall-121513634_59244
2024-04-04 10:29:12,374 - INFO - services.py - 83 - аккаунт Albina Vladimirovna вступает в группу поста wall-121513634_59244
2024-04-04 10:29:12,424 - ERROR - services.py - 93 - Ошибка при работе с постом wall-121513634_59244:
[15] Access denied: you are already in this community
2024-04-04 10:29:12,424 - INFO - services.py - 96 - ----------КОНЕЦ-РЕПОСТА----------
2024-04-04 10:30:12,432 - INFO - services.py - 69 - аккаунт Albina Vladimirovna комментирует запись wall-259971_143014
2024-04-04 10:30:18,104 - INFO - services.py - 77 - аккаунт Albina Vladimirovna репостит запись wall-259971_143014
2024-04-04 10:30:20,569 - INFO - services.py - 83 - аккаунт Albina Vladimirovna вступает в группу поста wall-259971_143014
2024-04-04 10:30:20,620 - ERROR - services.py - 93 - Ошибка при работе с постом wall-259971_143014:
[15] Access denied: you are already in this community
2024-04-04 10:30:20,620 - INFO - services.py - 96 - ----------КОНЕЦ-РЕПОСТА----------
2024-04-04 10:31:20,623 - INFO - services.py - 69 - аккаунт Albina Vladimirovna комментирует запись wall-259971_143101
2024-04-04 10:31:26,006 - INFO - services.py - 77 - аккаунт Albina Vladimirovna репостит запись wall-259971_143101
2024-04-04 10:31:32,190 - INFO - services.py - 83 - аккаунт Albina Vladimirovna вступает в группу поста wall-259971_143101
2024-04-04 10:31:32,237 - ERROR - services.py - 93 - Ошибка при работе с постом wall-259971_143101:
[15] Access denied: you are already in this community
2024-04-04 10:31:32,237 - INFO - services.py - 96 - ----------КОНЕЦ-РЕПОСТА----------
2024-04-04 10:32:32,239 - INFO - services.py - 69 - аккаунт Albina Vladimirovna комментирует запись wall-177446821_55395
2024-04-04 10:32:34,539 - INFO - services.py - 77 - аккаунт Albina Vladimirovna репостит запись wall-177446821_55395
2024-04-04 10:32:38,964 - INFO - services.py - 83 - аккаунт Albina Vladimirovna вступает в группу поста wall-177446821_55395
2024-04-04 10:32:39,020 - ERROR - services.py - 93 - Ошибка при работе с постом wall-177446821_55395:
[15] Access denied: you are already in this community
2024-04-04 10:32:39,020 - INFO - services.py - 96 - ----------КОНЕЦ-РЕПОСТА----------
2024-04-04 10:33:39,028 - INFO - services.py - 69 - аккаунт Albina Vladimirovna комментирует запись wall-9747025_1796999
2024-04-04 10:33:42,122 - INFO - services.py - 77 - аккаунт Albina Vladimirovna репостит запись wall-9747025_1796999
2024-04-04 10:33:46,063 - INFO - services.py - 83 - аккаунт Albina Vladimirovna вступает в группу поста wall-9747025_1796999
2024-04-04 10:33:46,309 - INFO - services.py - 96 - ----------КОНЕЦ-РЕПОСТА----------
2024-04-04 10:34:46,311 - INFO - services.py - 69 - аккаунт Albina Vladimirovna комментирует запись wall-67018994_32628
2024-04-04 10:34:48,589 - INFO - services.py - 77 - аккаунт Albina Vladimirovna репостит запись wall-67018994_32628
2024-04-04 10:34:50,943 - INFO - services.py - 83 - аккаунт Albina Vladimirovna вступает в группу поста wall-67018994_32628
2024-04-04 10:34:51,298 - INFO - services.py - 96 - ----------КОНЕЦ-РЕПОСТА----------
2024-04-04 10:35:51,306 - INFO - services.py - 69 - аккаунт Albina Vladimirovna комментирует запись wall-154505733_2372
2024-04-04 10:35:53,565 - INFO - services.py - 77 - аккаунт Albina Vladimirovna репостит запись wall-154505733_2372
2024-04-04 10:35:56,094 - INFO - services.py - 83 - аккаунт Albina Vladimirovna вступает в группу поста wall-154505733_2372
2024-04-04 10:35:56,142 - ERROR - services.py - 93 - Ошибка при работе с постом wall-154505733_2372:
[15] Access denied: you are already in this community
2024-04-04 10:35:56,142 - INFO - services.py - 96 - ----------КОНЕЦ-РЕПОСТА----------
2024-04-04 10:36:56,149 - INFO - services.py - 69 - аккаунт Albina Vladimirovna комментирует запись wall-18790633_55923
2024-04-04 10:36:58,405 - INFO - services.py - 77 - аккаунт Albina Vladimirovna репостит запись wall-18790633_55923
2024-04-04 10:37:02,760 - INFO - services.py - 83 - аккаунт Albina Vladimirovna вступает в группу поста wall-18790633_55923
2024-04-04 10:37:02,815 - ERROR - services.py - 93 - Ошибка при работе с постом wall-18790633_55923:
[15] Access denied: you are already in this community
2024-04-04 10:37:02,815 - INFO - services.py - 96 - ----------КОНЕЦ-РЕПОСТА----------
2024-04-04 10:38:02,819 - INFO - services.py - 69 - аккаунт Albina Vladimirovna комментирует запись wall-52403_21325
2024-04-04 10:38:06,229 - INFO - services.py - 77 - аккаунт Albina Vladimirovna репостит запись wall-52403_21325
2024-04-04 10:38:08,604 - INFO - services.py - 83 - аккаунт Albina Vladimirovna вступает в группу поста wall-52403_21325
2024-04-04 10:38:08,672 - ERROR - services.py - 93 - Ошибка при работе с постом wall-52403_21325:
[15] Access denied: you are already in this community
2024-04-04 10:38:08,672 - INFO - services.py - 96 - ----------КОНЕЦ-РЕПОСТА----------
2024-04-04 10:39:08,678 - INFO - services.py - 69 - аккаунт Albina Vladimirovna комментирует запись wall-124523609_104793
2024-04-04 10:39:15,613 - INFO - services.py - 77 - аккаунт Albina Vladimirovna репостит запись wall-124523609_104793
2024-04-04 10:39:19,425 - INFO - services.py - 83 - аккаунт Albina Vladimirovna вступает в группу поста wall-124523609_104793
2024-04-04 10:39:19,470 - ERROR - services.py - 93 - Ошибка при работе с постом wall-124523609_104793:
[15] Access denied: you are already in this community
2024-04-04 10:39:19,471 - INFO - services.py - 96 - ----------КОНЕЦ-РЕПОСТА----------
2024-04-04 10:40:19,477 - INFO - services.py - 69 - аккаунт Albina Vladimirovna комментирует запись wall-30383240_15986
2024-04-04 10:40:22,412 - INFO - services.py - 77 - аккаунт Albina Vladimirovna репостит запись wall-30383240_15986
2024-04-04 10:40:24,805 - INFO - services.py - 83 - аккаунт Albina Vladimirovna вступает в группу поста wall-30383240_15986
2024-04-04 10:40:24,970 - INFO - services.py - 96 - ----------КОНЕЦ-РЕПОСТА----------
2024-04-04 10:41:24,977 - INFO - services.py - 69 - аккаунт Albina Vladimirovna комментирует запись wall-34571836_76188
2024-04-04 10:41:32,227 - INFO - services.py - 77 - аккаунт Albina Vladimirovna репостит запись wall-34571836_76188
2024-04-04 10:41:41,277 - INFO - services.py - 83 - аккаунт Albina Vladimirovna вступает в группу поста wall-34571836_76188
2024-04-04 10:41:41,328 - ERROR - services.py - 93 - Ошибка при работе с постом wall-34571836_76188:
[15] Access denied: you are already in this community
2024-04-04 10:41:41,328 - INFO - services.py - 96 - ----------КОНЕЦ-РЕПОСТА----------
2024-04-04 10:42:41,336 - INFO - services.py - 69 - аккаунт Albina Vladimirovna комментирует запись wall-42695255_1896
2024-04-04 10:42:43,661 - INFO - services.py - 77 - аккаунт Albina Vladimirovna репостит запись wall-42695255_1896
2024-04-04 10:42:46,058 - INFO - services.py - 83 - аккаунт Albina Vladimirovna вступает в группу поста wall-42695255_1896
2024-04-04 10:42:46,295 - INFO - services.py - 96 - ----------КОНЕЦ-РЕПОСТА----------
2024-04-04 10:43:46,299 - INFO - services.py - 69 - аккаунт Albina Vladimirovna комментирует запись wall-217216140_414
2024-04-04 10:43:50,758 - INFO - services.py - 77 - аккаунт Albina Vladimirovna репостит запись wall-217216140_414
2024-04-04 10:43:54,077 - INFO - services.py - 83 - аккаунт Albina Vladimirovna вступает в группу поста wall-217216140_414
2024-04-04 10:43:54,127 - ERROR - services.py - 93 - Ошибка при работе с постом wall-217216140_414:
[15] Access denied: you are already in this community
2024-04-04 10:43:54,127 - INFO - services.py - 96 - ----------КОНЕЦ-РЕПОСТА----------
2024-04-04 10:44:54,132 - INFO - services.py - 69 - аккаунт Albina Vladimirovna комментирует запись wall-185992242_4237
2024-04-04 10:44:56,632 - INFO - services.py - 77 - аккаунт Albina Vladimirovna репостит запись wall-185992242_4237
2024-04-04 10:44:59,337 - INFO - services.py - 83 - аккаунт Albina Vladimirovna вступает в группу поста wall-185992242_4237
2024-04-04 10:44:59,503 - INFO - services.py - 96 - ----------КОНЕЦ-РЕПОСТА----------
2024-04-04 10:45:59,506 - INFO - services.py - 69 - аккаунт Albina Vladimirovna комментирует запись wall-144958594_28491568
2024-04-04 10:46:03,558 - INFO - services.py - 77 - аккаунт Albina Vladimirovna репостит запись wall-144958594_28491568
2024-04-04 10:46:06,621 - INFO - services.py - 83 - аккаунт Albina Vladimirovna вступает в группу поста wall-144958594_28491568
2024-04-04 10:46:06,659 - ERROR - services.py - 93 - Ошибка при работе с постом wall-144958594_28491568:
[15] Access denied: you are already in this community
2024-04-04 10:46:06,660 - INFO - services.py - 96 - ----------КОНЕЦ-РЕПОСТА----------
2024-04-04 10:47:06,662 - INFO - services.py - 69 - аккаунт Albina Vladimirovna комментирует запись wall-75123249_66571
2024-04-04 10:47:13,107 - INFO - services.py - 77 - аккаунт Albina Vladimirovna репостит запись wall-75123249_66571
2024-04-04 10:47:18,099 - INFO - services.py - 83 - аккаунт Albina Vladimirovna вступает в группу поста wall-75123249_66571
2024-04-04 10:47:18,139 - ERROR - services.py - 93 - Ошибка при работе с постом wall-75123249_66571:
Captcha needed
2024-04-04 10:47:18,139 - INFO - services.py - 96 - ----------КОНЕЦ-РЕПОСТА----------
2024-04-04 10:48:18,147 - INFO - services.py - 69 - аккаунт Albina Vladimirovna комментирует запись wall-76539362_211894
2024-04-04 10:48:21,688 - INFO - services.py - 77 - аккаунт Albina Vladimirovna репостит запись wall-76539362_211894
2024-04-04 10:48:25,958 - INFO - services.py - 83 - аккаунт Albina Vladimirovna вступает в группу поста wall-76539362_211894
2024-04-04 10:48:26,019 - ERROR - services.py - 93 - Ошибка при работе с постом wall-76539362_211894:
Captcha needed
2024-04-04 10:48:26,020 - INFO - services.py - 96 - ----------КОНЕЦ-РЕПОСТА----------
2024-04-04 10:49:26,021 - INFO - services.py - 69 - аккаунт Albina Vladimirovna комментирует запись wall-25517447_1285511
2024-04-04 10:49:30,723 - INFO - services.py - 77 - аккаунт Albina Vladimirovna репостит запись wall-25517447_1285511
2024-04-04 10:49:33,279 - INFO - services.py - 83 - аккаунт Albina Vladimirovna вступает в группу поста wall-25517447_1285511
2024-04-04 10:49:33,338 - ERROR - services.py - 93 - Ошибка при работе с постом wall-25517447_1285511:
Captcha needed
2024-04-04 10:49:33,338 - INFO - services.py - 96 - ----------КОНЕЦ-РЕПОСТА----------
2024-04-04 10:50:33,338 - INFO - services.py - 69 - аккаунт Albina Vladimirovna комментирует запись wall-97250584_142318
2024-04-04 10:50:35,678 - INFO - services.py - 77 - аккаунт Albina Vladimirovna репостит запись wall-97250584_142318
2024-04-04 10:50:37,970 - INFO - services.py - 83 - аккаунт Albina Vladimirovna вступает в группу поста wall-97250584_142318
2024-04-04 10:50:38,013 - ERROR - services.py - 93 - Ошибка при работе с постом wall-97250584_142318:
Captcha needed
2024-04-04 10:50:38,014 - INFO - services.py - 96 - ----------КОНЕЦ-РЕПОСТА----------
2024-04-04 10:51:38,022 - INFO - services.py - 69 - аккаунт Albina Vladimirovna комментирует запись wall-210947014_3474
2024-04-04 10:51:40,322 - INFO - services.py - 77 - аккаунт Albina Vladimirovna репостит запись wall-210947014_3474
2024-04-04 10:51:43,722 - INFO - services.py - 83 - аккаунт Albina Vladimirovna вступает в группу поста wall-210947014_3474
2024-04-04 10:51:43,769 - ERROR - services.py - 93 - Ошибка при работе с постом wall-210947014_3474:
Captcha needed
2024-04-04 10:51:43,769 - INFO - services.py - 96 - ----------КОНЕЦ-РЕПОСТА----------
2024-04-04 10:52:43,774 - INFO - services.py - 69 - аккаунт Albina Vladimirovna комментирует запись wall-211039315_26285
2024-04-04 10:52:46,069 - INFO - services.py - 77 - аккаунт Albina Vladimirovna репостит запись wall-211039315_26285
2024-04-04 10:52:49,036 - INFO - services.py - 83 - аккаунт Albina Vladimirovna вступает в группу поста wall-211039315_26285
2024-04-04 10:52:49,086 - ERROR - services.py - 93 - Ошибка при работе с постом wall-211039315_26285:
Captcha needed
2024-04-04 10:52:49,086 - INFO - services.py - 96 - ----------КОНЕЦ-РЕПОСТА----------
2024-04-04 10:53:49,093 - INFO - services.py - 69 - аккаунт Albina Vladimirovna комментирует запись wall-85496924_60697
2024-04-04 10:53:53,527 - INFO - services.py - 77 - аккаунт Albina Vladimirovna репостит запись wall-85496924_60697
2024-04-04 10:53:56,092 - INFO - services.py - 83 - аккаунт Albina Vladimirovna вступает в группу поста wall-85496924_60697
2024-04-04 10:53:56,145 - ERROR - services.py - 93 - Ошибка при работе с постом wall-85496924_60697:
Captcha needed
2024-04-04 10:53:56,145 - INFO - services.py - 96 - ----------КОНЕЦ-РЕПОСТА----------
2024-04-04 10:54:56,153 - INFO - services.py - 69 - аккаунт Albina Vladimirovna комментирует запись wall-185949960_182095
2024-04-04 10:55:02,568 - INFO - services.py - 77 - аккаунт Albina Vladimirovna репостит запись wall-185949960_182095
2024-04-04 10:55:06,368 - INFO - services.py - 83 - аккаунт Albina Vladimirovna вступает в группу поста wall-185949960_182095
2024-04-04 10:55:06,418 - ERROR - services.py - 93 - Ошибка при работе с постом wall-185949960_182095:
Captcha needed
2024-04-04 10:55:06,419 - INFO - services.py - 96 - ----------КОНЕЦ-РЕПОСТА----------
2024-04-04 10:56:06,419 - INFO - services.py - 69 - аккаунт Albina Vladimirovna комментирует запись wall-146112919_13877
2024-04-04 10:56:09,590 - INFO - services.py - 77 - аккаунт Albina Vladimirovna репостит запись wall-146112919_13877
2024-04-04 10:56:12,028 - INFO - services.py - 83 - аккаунт Albina Vladimirovna вступает в группу поста wall-146112919_13877
2024-04-04 10:56:12,075 - ERROR - services.py - 93 - Ошибка при работе с постом wall-146112919_13877:
Captcha needed
2024-04-04 10:56:12,075 - INFO - services.py - 96 - ----------КОНЕЦ-РЕПОСТА----------
2024-04-04 10:57:12,083 - INFO - services.py - 69 - аккаунт Albina Vladimirovna комментирует запись wall-157921718_46377
2024-04-04 10:57:17,122 - INFO - services.py - 77 - аккаунт Albina Vladimirovna репостит запись wall-157921718_46377
2024-04-04 10:57:20,191 - INFO - services.py - 83 - аккаунт Albina Vladimirovna вступает в группу поста wall-157921718_46377
2024-04-04 10:57:20,256 - ERROR - services.py - 93 - Ошибка при работе с постом wall-157921718_46377:
Captcha needed
2024-04-04 10:57:20,256 - INFO - services.py - 96 - ----------КОНЕЦ-РЕПОСТА----------
2024-04-04 10:58:20,264 - INFO - services.py - 69 - аккаунт Albina Vladimirovna комментирует запись wall-215425316_27192
2024-04-04 10:58:22,518 - INFO - services.py - 77 - аккаунт Albina Vladimirovna репостит запись wall-215425316_27192
2024-04-04 10:58:24,938 - INFO - services.py - 83 - аккаунт Albina Vladimirovna вступает в группу поста wall-215425316_27192
2024-04-04 10:58:24,982 - ERROR - services.py - 93 - Ошибка при работе с постом wall-215425316_27192:
Captcha needed
2024-04-04 10:58:24,982 - INFO - services.py - 96 - ----------КОНЕЦ-РЕПОСТА----------
2024-04-04 10:59:24,990 - INFO - services.py - 69 - аккаунт Albina Vladimirovna комментирует запись wall-58526842_97905
2024-04-04 10:59:27,338 - INFO - services.py - 77 - аккаунт Albina Vladimirovna репостит запись wall-58526842_97905
2024-04-04 10:59:29,746 - INFO - services.py - 83 - аккаунт Albina Vladimirovna вступает в группу поста wall-58526842_97905
2024-04-04 10:59:29,801 - ERROR - services.py - 93 - Ошибка при работе с постом wall-58526842_97905:
Captcha needed
2024-04-04 10:59:29,801 - INFO - services.py - 96 - ----------КОНЕЦ-РЕПОСТА----------
2024-04-04 11:00:29,810 - INFO - services.py - 69 - аккаунт Albina Vladimirovna комментирует запись wall-215425316_27195
2024-04-04 11:00:33,491 - INFO - services.py - 77 - аккаунт Albina Vladimirovna репостит запись wall-215425316_27195
2024-04-04 11:00:37,182 - INFO - services.py - 83 - аккаунт Albina Vladimirovna вступает в группу поста wall-215425316_27195
2024-04-04 11:00:37,225 - ERROR - services.py - 93 - Ошибка при работе с постом wall-215425316_27195:
Captcha needed
2024-04-04 11:00:37,225 - INFO - services.py - 96 - ----------КОНЕЦ-РЕПОСТА----------
2024-04-04 11:01:37,225 - INFO - services.py - 69 - аккаунт Albina Vladimirovna комментирует запись wall-146112919_13880
2024-04-04 11:01:39,559 - INFO - services.py - 77 - аккаунт Albina Vladimirovna репостит запись wall-146112919_13880
2024-04-04 11:01:43,809 - INFO - services.py - 83 - аккаунт Albina Vladimirovna вступает в группу поста wall-146112919_13880
2024-04-04 11:01:43,964 - ERROR - services.py - 93 - Ошибка при работе с постом wall-146112919_13880:
Captcha needed
2024-04-04 11:01:43,964 - INFO - services.py - 96 - ----------КОНЕЦ-РЕПОСТА----------
2024-04-04 11:02:43,964 - INFO - services.py - 69 - аккаунт Albina Vladimirovna комментирует запись wall-157921718_46386
2024-04-04 11:02:47,233 - INFO - services.py - 77 - аккаунт Albina Vladimirovna репостит запись wall-157921718_46386
2024-04-04 11:02:49,590 - INFO - services.py - 83 - аккаунт Albina Vladimirovna вступает в группу поста wall-157921718_46386
2024-04-04 11:02:49,634 - ERROR - services.py - 93 - Ошибка при работе с постом wall-157921718_46386:
Captcha needed
2024-04-04 11:02:49,634 - INFO - services.py - 96 - ----------КОНЕЦ-РЕПОСТА----------
2024-04-04 11:03:49,642 - INFO - services.py - 69 - аккаунт Albina Vladimirovna комментирует запись wall-219386641_450
2024-04-04 11:03:54,070 - INFO - services.py - 77 - аккаунт Albina Vladimirovna репостит запись wall-219386641_450
2024-04-04 11:03:56,847 - INFO - services.py - 83 - аккаунт Albina Vladimirovna вступает в группу поста wall-219386641_450
2024-04-04 11:03:56,916 - ERROR - services.py - 93 - Ошибка при работе с постом wall-219386641_450:
Captcha needed
2024-04-04 11:03:56,916 - INFO - services.py - 96 - ----------КОНЕЦ-РЕПОСТА----------
2024-04-04 11:04:56,922 - INFO - services.py - 69 - аккаунт Albina Vladimirovna комментирует запись wall-160000043_963
2024-04-04 11:05:01,597 - INFO - services.py - 77 - аккаунт Albina Vladimirovna репостит запись wall-160000043_963
2024-04-04 11:05:05,082 - INFO - services.py - 83 - аккаунт Albina Vladimirovna вступает в группу поста wall-160000043_963
2024-04-04 11:05:05,154 - ERROR - services.py - 93 - Ошибка при работе с постом wall-160000043_963:
Captcha needed
2024-04-04 11:05:05,154 - INFO - services.py - 96 - ----------КОНЕЦ-РЕПОСТА----------
2024-04-04 11:06:05,163 - INFO - services.py - 69 - аккаунт Albina Vladimirovna комментирует запись wall-71665165_3725
2024-04-04 11:06:07,603 - INFO - services.py - 77 - аккаунт Albina Vladimirovna репостит запись wall-71665165_3725
2024-04-04 11:06:10,321 - INFO - services.py - 83 - аккаунт Albina Vladimirovna вступает в группу поста wall-71665165_3725
2024-04-04 11:06:10,393 - ERROR - services.py - 93 - Ошибка при работе с постом wall-71665165_3725:
Captcha needed
2024-04-04 11:06:10,393 - INFO - services.py - 96 - ----------КОНЕЦ-РЕПОСТА----------
2024-04-04 11:07:10,396 - INFO - services.py - 69 - аккаунт Albina Vladimirovna комментирует запись wall-66421068_5251
2024-04-04 11:07:12,666 - INFO - services.py - 77 - аккаунт Albina Vladimirovna репостит запись wall-66421068_5251
2024-04-04 11:07:15,921 - INFO - services.py - 83 - аккаунт Albina Vladimirovna вступает в группу поста wall-66421068_5251
2024-04-04 11:07:15,972 - ERROR - services.py - 93 - Ошибка при работе с постом wall-66421068_5251:
Captcha needed
2024-04-04 11:07:15,972 - INFO - services.py - 96 - ----------КОНЕЦ-РЕПОСТА----------
2024-04-04 11:08:15,978 - INFO - services.py - 69 - аккаунт Albina Vladimirovna комментирует запись wall-70945295_3600
2024-04-04 11:08:16,032 - ERROR - services.py - 93 - Ошибка при работе с постом wall-70945295_3600:
[213] Access to status replies denied: replies disabled
2024-04-04 11:08:16,032 - INFO - services.py - 96 - ----------КОНЕЦ-РЕПОСТА----------
2024-04-04 11:09:16,040 - INFO - services.py - 69 - аккаунт Albina Vladimirovna комментирует запись wall-6895834_7331
2024-04-04 11:09:21,621 - INFO - services.py - 77 - аккаунт Albina Vladimirovna репостит запись wall-6895834_7331
2024-04-04 11:09:29,723 - INFO - services.py - 83 - аккаунт Albina Vladimirovna вступает в группу поста wall-6895834_7331
2024-04-04 11:09:29,775 - ERROR - services.py - 93 - Ошибка при работе с постом wall-6895834_7331:
Captcha needed
2024-04-04 11:09:29,775 - INFO - services.py - 96 - ----------КОНЕЦ-РЕПОСТА----------
2024-04-04 11:10:29,783 - INFO - services.py - 69 - аккаунт Albina Vladimirovna комментирует запись wall-112476686_133620
2024-04-04 11:10:32,438 - INFO - services.py - 77 - аккаунт Albina Vladimirovna репостит запись wall-112476686_133620
2024-04-04 11:10:34,724 - INFO - services.py - 83 - аккаунт Albina Vladimirovna вступает в группу поста wall-112476686_133620
2024-04-04 11:10:34,786 - ERROR - services.py - 93 - Ошибка при работе с постом wall-112476686_133620:
Captcha needed
2024-04-04 11:10:34,787 - INFO - services.py - 96 - ----------КОНЕЦ-РЕПОСТА----------
2024-04-04 11:11:34,785 - INFO - services.py - 69 - аккаунт Albina Vladimirovna комментирует запись wall-36047336_124006
2024-04-04 11:11:34,838 - ERROR - services.py - 93 - Ошибка при работе с постом wall-36047336_124006:
[213] Access to status replies denied
2024-04-04 11:11:34,839 - INFO - services.py - 96 - ----------КОНЕЦ-РЕПОСТА----------
2024-04-04 11:12:34,845 - INFO - services.py - 69 - аккаунт Albina Vladimirovna комментирует запись wall-178801962_588465
2024-04-04 11:12:34,927 - ERROR - services.py - 93 - Ошибка при работе с постом wall-178801962_588465:
[213] Access to status replies denied: replies disabled
2024-04-04 11:12:34,927 - INFO - services.py - 96 - ----------КОНЕЦ-РЕПОСТА----------
2024-04-04 11:13:34,935 - INFO - services.py - 69 - аккаунт Albina Vladimirovna комментирует запись wall-213934365_73983
2024-04-04 11:13:37,678 - INFO - services.py - 77 - аккаунт Albina Vladimirovna репостит запись wall-213934365_73983
2024-04-04 11:13:40,631 - INFO - services.py - 83 - аккаунт Albina Vladimirovna вступает в группу поста wall-213934365_73983
2024-04-04 11:13:40,690 - ERROR - services.py - 93 - Ошибка при работе с постом wall-213934365_73983:
Captcha needed
2024-04-04 11:13:40,690 - INFO - services.py - 96 - ----------КОНЕЦ-РЕПОСТА----------
2024-04-04 11:14:40,687 - INFO - services.py - 69 - аккаунт Albina Vladimirovna комментирует запись wall-198625682_306239
2024-04-04 11:14:43,892 - INFO - services.py - 77 - аккаунт Albina Vladimirovna репостит запись wall-198625682_306239
2024-04-04 11:14:47,745 - INFO - services.py - 83 - аккаунт Albina Vladimirovna вступает в группу поста wall-198625682_306239
2024-04-04 11:14:47,804 - ERROR - services.py - 93 - Ошибка при работе с постом wall-198625682_306239:
Captcha needed
2024-04-04 11:14:47,804 - INFO - services.py - 96 - ----------КОНЕЦ-РЕПОСТА----------
2024-04-04 11:14:47,806 - INFO - vk_api.py - 172 - Auth with login: +79998643099
2024-04-04 11:14:47,806 - INFO - vk_api.py - 431 - Checking remixsid...
2024-04-04 11:14:48,147 - INFO - vk_api.py - 444 - remixsid is valid
2024-04-04 11:14:48,147 - INFO - vk_api.py - 389 - Checking security check request
2024-04-04 11:14:48,511 - INFO - vk_api.py - 395 - Security check is not required
2024-04-04 11:14:48,573 - INFO - vk_api.py - 209 - access_token from config is not valid: {'access_token': 'vk1.a.faBJBdvN41s-MwK7T6Q3WPeVPwKsU1KhiXnENybA89zJOCmUj2Pku9Ss3c-lzihPH0mU9NJAxKichuYAofUMhVeJcEEnUM8gKmGBXZmvaghr-POlphGDjYFzddLyGknN4IamF4ag5QRl8E3fPFy2fgMF1YHzeuqTFU33sGlHpCbLkmkgTUGeNflghbV5nCDF9CqKyiONvhAQ6ZACJmSRuQ', 'expires_in': '86400', 'user_id': '855098052'}
2024-04-04 11:14:48,738 - INFO - vk_api.py - 543 - Got access_token
2024-04-04 11:15:48,745 - INFO - services.py - 69 - аккаунт София Богданова комментирует запись wall-80495001_307827
2024-04-04 11:15:48,811 - ERROR - services.py - 93 - Ошибка при работе с постом wall-80495001_307827:
[213] Access to status replies denied: replies disabled
2024-04-04 11:15:48,811 - INFO - services.py - 96 - ----------КОНЕЦ-РЕПОСТА----------
2024-04-04 11:16:48,819 - INFO - services.py - 69 - аккаунт София Богданова комментирует запись wall-60402921_2177
2024-04-04 11:16:54,869 - INFO - services.py - 77 - аккаунт София Богданова репостит запись wall-60402921_2177
2024-04-04 11:16:57,792 - INFO - services.py - 83 - аккаунт София Богданова вступает в группу поста wall-60402921_2177
2024-04-04 11:16:58,159 - INFO - services.py - 96 - ----------КОНЕЦ-РЕПОСТА----------
2024-04-04 11:17:58,161 - INFO - services.py - 69 - аккаунт София Богданова комментирует запись wall-11126307_89689
2024-04-04 11:18:02,631 - INFO - services.py - 77 - аккаунт София Богданова репостит запись wall-11126307_89689
2024-04-04 11:18:06,386 - INFO - services.py - 83 - аккаунт София Богданова вступает в группу поста wall-11126307_89689
2024-04-04 11:18:06,590 - INFO - services.py - 96 - ----------КОНЕЦ-РЕПОСТА----------
2024-04-04 11:19:06,595 - INFO - services.py - 69 - аккаунт София Богданова комментирует запись wall-202451830_2518
2024-04-04 11:19:11,979 - INFO - services.py - 77 - аккаунт София Богданова репостит запись wall-202451830_2518
2024-04-04 11:19:14,536 - INFO - services.py - 83 - аккаунт София Богданова вступает в группу поста wall-202451830_2518
2024-04-04 11:19:14,590 - ERROR - services.py - 93 - Ошибка при работе с постом wall-202451830_2518:
[15] Access denied: you are already in this community
2024-04-04 11:19:14,590 - INFO - services.py - 96 - ----------КОНЕЦ-РЕПОСТА----------
2024-04-04 11:20:14,598 - INFO - services.py - 69 - аккаунт София Богданова комментирует запись wall-157921718_45520
2024-04-04 11:20:17,042 - INFO - services.py - 77 - аккаунт София Богданова репостит запись wall-157921718_45520
2024-04-04 11:20:19,412 - INFO - services.py - 83 - аккаунт София Богданова вступает в группу поста wall-157921718_45520
2024-04-04 11:20:19,486 - ERROR - services.py - 93 - Ошибка при работе с постом wall-157921718_45520:
[15] Access denied: you are already in this community
2024-04-04 11:20:19,486 - INFO - services.py - 96 - ----------КОНЕЦ-РЕПОСТА----------
2024-04-04 11:21:19,488 - INFO - services.py - 69 - аккаунт София Богданова комментирует запись wall-21777386_23685
2024-04-04 11:21:21,738 - INFO - services.py - 77 - аккаунт София Богданова репостит запись wall-21777386_23685
2024-04-04 11:21:25,536 - INFO - services.py - 83 - аккаунт София Богданова вступает в группу поста wall-21777386_23685
2024-04-04 11:21:25,581 - ERROR - services.py - 93 - Ошибка при работе с постом wall-21777386_23685:
[15] Access denied: you are already in this community
2024-04-04 11:21:25,581 - INFO - services.py - 96 - ----------КОНЕЦ-РЕПОСТА----------
2024-04-04 11:22:25,587 - INFO - services.py - 69 - аккаунт София Богданова комментирует запись wall-215425316_26658
2024-04-04 11:22:28,155 - INFO - services.py - 77 - аккаунт София Богданова репостит запись wall-215425316_26658
2024-04-04 11:22:31,848 - INFO - services.py - 83 - аккаунт София Богданова вступает в группу поста wall-215425316_26658
2024-04-04 11:22:31,900 - ERROR - services.py - 93 - Ошибка при работе с постом wall-215425316_26658:
[15] Access denied: you are already in this community
2024-04-04 11:22:31,900 - INFO - services.py - 96 - ----------КОНЕЦ-РЕПОСТА----------
2024-04-04 11:23:31,908 - INFO - services.py - 69 - аккаунт София Богданова комментирует запись wall-222387020_3877
2024-04-04 11:23:34,476 - INFO - services.py - 77 - аккаунт София Богданова репостит запись wall-222387020_3877
2024-04-04 11:23:38,238 - INFO - services.py - 83 - аккаунт София Богданова вступает в группу поста wall-222387020_3877
2024-04-04 11:23:38,282 - ERROR - services.py - 93 - Ошибка при работе с постом wall-222387020_3877:
[15] Access denied: you are already in this community
2024-04-04 11:23:38,282 - INFO - services.py - 96 - ----------КОНЕЦ-РЕПОСТА----------
2024-04-04 11:24:38,289 - INFO - services.py - 69 - аккаунт София Богданова комментирует запись wall-193089825_20382
2024-04-04 11:24:43,934 - INFO - services.py - 77 - аккаунт София Богданова репостит запись wall-193089825_20382
2024-04-04 11:24:46,905 - INFO - services.py - 83 - аккаунт София Богданова вступает в группу поста wall-193089825_20382
2024-04-04 11:24:50,448 - INFO - services.py - 96 - ----------КОНЕЦ-РЕПОСТА----------
2024-04-04 11:25:50,456 - INFO - services.py - 69 - аккаунт София Богданова комментирует запись wall-164556759_12454
2024-04-04 11:25:52,820 - INFO - services.py - 77 - аккаунт София Богданова репостит запись wall-164556759_12454
2024-04-04 11:25:55,263 - INFO - services.py - 83 - аккаунт София Богданова вступает в группу поста wall-164556759_12454
2024-04-04 11:25:55,307 - ERROR - services.py - 93 - Ошибка при работе с постом wall-164556759_12454:
[15] Access denied: you are already in this community
2024-04-04 11:25:55,307 - INFO - services.py - 96 - ----------КОНЕЦ-РЕПОСТА----------
2024-04-04 11:26:55,315 - INFO - services.py - 69 - аккаунт София Богданова комментирует запись wall-162162168_22190
2024-04-04 11:26:55,367 - ERROR - services.py - 93 - Ошибка при работе с постом wall-162162168_22190:
[213] Access to status replies denied
2024-04-04 11:26:55,368 - INFO - services.py - 96 - ----------КОНЕЦ-РЕПОСТА----------
2024-04-04 11:27:55,375 - INFO - services.py - 69 - аккаунт София Богданова комментирует запись wall-222213568_180
2024-04-04 11:27:58,326 - INFO - services.py - 77 - аккаунт София Богданова репостит запись wall-222213568_180
2024-04-04 11:28:04,561 - INFO - services.py - 83 - аккаунт София Богданова вступает в группу поста wall-222213568_180
2024-04-04 11:28:04,612 - ERROR - services.py - 93 - Ошибка при работе с постом wall-222213568_180:
[15] Access denied: you are already in this community
2024-04-04 11:28:04,613 - INFO - services.py - 96 - ----------КОНЕЦ-РЕПОСТА----------
2024-04-04 11:29:04,621 - INFO - services.py - 69 - аккаунт София Богданова комментирует запись wall-100861682_7112
2024-04-04 11:29:07,163 - INFO - services.py - 77 - аккаунт София Богданова репостит запись wall-100861682_7112
2024-04-04 11:29:11,454 - INFO - services.py - 83 - аккаунт София Богданова вступает в группу поста wall-100861682_7112
2024-04-04 11:29:11,626 - INFO - services.py - 96 - ----------КОНЕЦ-РЕПОСТА----------
2024-04-04 11:30:11,634 - INFO - services.py - 69 - аккаунт София Богданова комментирует запись wall-224267833_63
2024-04-04 11:30:16,217 - INFO - services.py - 77 - аккаунт София Богданова репостит запись wall-224267833_63
2024-04-04 11:30:18,433 - INFO - services.py - 83 - аккаунт София Богданова вступает в группу поста wall-224267833_63
2024-04-04 11:30:19,113 - INFO - services.py - 96 - ----------КОНЕЦ-РЕПОСТА----------
2024-04-04 11:31:19,113 - INFO - services.py - 69 - аккаунт София Богданова комментирует запись wall-189225006_5756
2024-04-04 11:31:28,408 - INFO - services.py - 77 - аккаунт София Богданова репостит запись wall-189225006_5756
2024-04-04 11:31:32,078 - INFO - services.py - 83 - аккаунт София Богданова вступает в группу поста wall-189225006_5756
2024-04-04 11:31:32,128 - ERROR - services.py - 93 - Ошибка при работе с постом wall-189225006_5756:
[15] Access denied: you are already in this community
2024-04-04 11:31:32,128 - INFO - services.py - 96 - ----------КОНЕЦ-РЕПОСТА----------
2024-04-04 11:32:32,133 - INFO - services.py - 69 - аккаунт София Богданова комментирует запись wall-121513634_59244
2024-04-04 11:32:37,433 - INFO - services.py - 77 - аккаунт София Богданова репостит запись wall-121513634_59244
2024-04-04 11:32:41,866 - INFO - services.py - 83 - аккаунт София Богданова вступает в группу поста wall-121513634_59244
2024-04-04 11:32:41,933 - ERROR - services.py - 93 - Ошибка при работе с постом wall-121513634_59244:
[15] Access denied: you are already in this community
2024-04-04 11:32:41,934 - INFO - services.py - 96 - ----------КОНЕЦ-РЕПОСТА----------
2024-04-04 11:33:41,942 - INFO - services.py - 69 - аккаунт София Богданова комментирует запись wall-259971_143014
2024-04-04 11:33:44,298 - INFO - services.py - 77 - аккаунт София Богданова репостит запись wall-259971_143014
2024-04-04 11:33:46,617 - INFO - services.py - 83 - аккаунт София Богданова вступает в группу поста wall-259971_143014
2024-04-04 11:33:46,665 - ERROR - services.py - 93 - Ошибка при работе с постом wall-259971_143014:
[15] Access denied: you are already in this community
2024-04-04 11:33:46,665 - INFO - services.py - 96 - ----------КОНЕЦ-РЕПОСТА----------
2024-04-04 11:34:46,668 - INFO - services.py - 69 - аккаунт София Богданова комментирует запись wall-259971_143101
2024-04-04 11:34:51,378 - INFO - services.py - 77 - аккаунт София Богданова репостит запись wall-259971_143101
2024-04-04 11:34:58,469 - INFO - services.py - 83 - аккаунт София Богданова вступает в группу поста wall-259971_143101
2024-04-04 11:34:58,512 - ERROR - services.py - 93 - Ошибка при работе с постом wall-259971_143101:
[15] Access denied: you are already in this community
2024-04-04 11:34:58,513 - INFO - services.py - 96 - ----------КОНЕЦ-РЕПОСТА----------
2024-04-04 11:35:58,515 - INFO - services.py - 69 - аккаунт София Богданова комментирует запись wall-177446821_55395
2024-04-04 11:35:58,553 - ERROR - services.py - 93 - Ошибка при работе с постом wall-177446821_55395:
[5] User authorization failed: user is blocked.
2024-04-04 11:35:58,553 - INFO - services.py - 96 - ----------КОНЕЦ-РЕПОСТА----------
2024-04-04 11:36:58,556 - INFO - services.py - 69 - аккаунт София Богданова комментирует запись wall-9747025_1796999
2024-04-04 11:36:58,600 - ERROR - services.py - 93 - Ошибка при работе с постом wall-9747025_1796999:
[5] User authorization failed: user is blocked.
2024-04-04 11:36:58,600 - INFO - services.py - 96 - ----------КОНЕЦ-РЕПОСТА----------
2024-04-04 11:37:58,603 - INFO - services.py - 69 - аккаунт София Богданова комментирует запись wall-67018994_32628
2024-04-04 11:37:59,315 - ERROR - services.py - 93 - Ошибка при работе с постом wall-67018994_32628:
[5] User authorization failed: user is blocked.
2024-04-04 11:37:59,315 - INFO - services.py - 96 - ----------КОНЕЦ-РЕПОСТА----------
2024-04-04 11:38:59,318 - INFO - services.py - 69 - аккаунт София Богданова комментирует запись wall-154505733_2372
2024-04-04 11:38:59,353 - ERROR - services.py - 93 - Ошибка при работе с постом wall-154505733_2372:
[5] User authorization failed: user is blocked.
2024-04-04 11:38:59,353 - INFO - services.py - 96 - ----------КОНЕЦ-РЕПОСТА----------
2024-04-04 11:39:59,361 - INFO - services.py - 69 - аккаунт София Богданова комментирует запись wall-18790633_55923
2024-04-04 11:39:59,395 - ERROR - services.py - 93 - Ошибка при работе с постом wall-18790633_55923:
[5] User authorization failed: user is blocked.
2024-04-04 11:39:59,395 - INFO - services.py - 96 - ----------КОНЕЦ-РЕПОСТА----------
2024-04-04 11:40:59,399 - INFO - services.py - 69 - аккаунт София Богданова комментирует запись wall-52403_21325
2024-04-04 11:40:59,428 - ERROR - services.py - 93 - Ошибка при работе с постом wall-52403_21325:
[5] User authorization failed: user is blocked.
2024-04-04 11:40:59,428 - INFO - services.py - 96 - ----------КОНЕЦ-РЕПОСТА----------
2024-04-04 11:41:59,436 - INFO - services.py - 69 - аккаунт София Богданова комментирует запись wall-124523609_104793
2024-04-04 11:41:59,472 - ERROR - services.py - 93 - Ошибка при работе с постом wall-124523609_104793:
[5] User authorization failed: user is blocked.
2024-04-04 11:41:59,472 - INFO - services.py - 96 - ----------КОНЕЦ-РЕПОСТА----------
2024-04-04 11:42:59,475 - INFO - services.py - 69 - аккаунт София Богданова комментирует запись wall-30383240_15986
2024-04-04 11:42:59,510 - ERROR - services.py - 93 - Ошибка при работе с постом wall-30383240_15986:
[5] User authorization failed: user is blocked.
2024-04-04 11:42:59,511 - INFO - services.py - 96 - ----------КОНЕЦ-РЕПОСТА----------
2024-04-04 11:43:59,518 - INFO - services.py - 69 - аккаунт София Богданова комментирует запись wall-34571836_76188
2024-04-04 11:43:59,554 - ERROR - services.py - 93 - Ошибка при работе с постом wall-34571836_76188:
[5] User authorization failed: user is blocked.
2024-04-04 11:43:59,554 - INFO - services.py - 96 - ----------КОНЕЦ-РЕПОСТА----------
2024-04-04 11:44:59,557 - INFO - services.py - 69 - аккаунт София Богданова комментирует запись wall-42695255_1896
2024-04-04 11:44:59,592 - ERROR - services.py - 93 - Ошибка при работе с постом wall-42695255_1896:
[5] User authorization failed: user is blocked.
2024-04-04 11:44:59,592 - INFO - services.py - 96 - ----------КОНЕЦ-РЕПОСТА----------
2024-04-04 11:45:59,593 - INFO - services.py - 69 - аккаунт София Богданова комментирует запись wall-217216140_414
2024-04-04 11:45:59,631 - ERROR - services.py - 93 - Ошибка при работе с постом wall-217216140_414:
[5] User authorization failed: user is blocked.
2024-04-04 11:45:59,632 - INFO - services.py - 96 - ----------КОНЕЦ-РЕПОСТА----------
2024-04-04 11:46:59,639 - INFO - services.py - 69 - аккаунт София Богданова комментирует запись wall-185992242_4237
2024-04-04 11:46:59,664 - ERROR - services.py - 93 - Ошибка при работе с постом wall-185992242_4237:
[5] User authorization failed: user is blocked.
2024-04-04 11:46:59,665 - INFO - services.py - 96 - ----------КОНЕЦ-РЕПОСТА----------
2024-04-04 11:47:59,672 - INFO - services.py - 69 - аккаунт София Богданова комментирует запись wall-144958594_28491568
2024-04-04 11:47:59,709 - ERROR - services.py - 93 - Ошибка при работе с постом wall-144958594_28491568:
[5] User authorization failed: user is blocked.
2024-04-04 11:47:59,709 - INFO - services.py - 96 - ----------КОНЕЦ-РЕПОСТА----------
2024-04-04 11:48:59,717 - INFO - services.py - 69 - аккаунт София Богданова комментирует запись wall-75123249_66571
2024-04-04 11:48:59,752 - ERROR - services.py - 93 - Ошибка при работе с постом wall-75123249_66571:
[5] User authorization failed: user is blocked.
2024-04-04 11:48:59,752 - INFO - services.py - 96 - ----------КОНЕЦ-РЕПОСТА----------
2024-04-04 11:49:59,756 - INFO - services.py - 69 - аккаунт София Богданова комментирует запись wall-76539362_211894
2024-04-04 11:49:59,797 - ERROR - services.py - 93 - Ошибка при работе с постом wall-76539362_211894:
[5] User authorization failed: user is blocked.
2024-04-04 11:49:59,797 - INFO - services.py - 96 - ----------КОНЕЦ-РЕПОСТА----------
2024-04-04 11:50:59,796 - INFO - services.py - 69 - аккаунт София Богданова комментирует запись wall-25517447_1285511
2024-04-04 11:50:59,847 - ERROR - services.py - 93 - Ошибка при работе с постом wall-25517447_1285511:
[5] User authorization failed: user is blocked.
2024-04-04 11:50:59,848 - INFO - services.py - 96 - ----------КОНЕЦ-РЕПОСТА----------
2024-04-04 11:51:59,855 - INFO - services.py - 69 - аккаунт София Богданова комментирует запись wall-97250584_142318
2024-04-04 11:51:59,893 - ERROR - services.py - 93 - Ошибка при работе с постом wall-97250584_142318:
[5] User authorization failed: user is blocked.
2024-04-04 11:51:59,893 - INFO - services.py - 96 - ----------КОНЕЦ-РЕПОСТА----------
2024-04-04 11:52:59,900 - INFO - services.py - 69 - аккаунт София Богданова комментирует запись wall-210947014_3474
2024-04-04 11:52:59,936 - ERROR - services.py - 93 - Ошибка при работе с постом wall-210947014_3474:
[5] User authorization failed: user is blocked.
2024-04-04 11:52:59,936 - INFO - services.py - 96 - ----------КОНЕЦ-РЕПОСТА----------
2024-04-04 11:53:59,944 - INFO - services.py - 69 - аккаунт София Богданова комментирует запись wall-211039315_26285
2024-04-04 11:53:59,980 - ERROR - services.py - 93 - Ошибка при работе с постом wall-211039315_26285:
[5] User authorization failed: user is blocked.
2024-04-04 11:53:59,980 - INFO - services.py - 96 - ----------КОНЕЦ-РЕПОСТА----------
2024-04-04 11:54:59,988 - INFO - services.py - 69 - аккаунт София Богданова комментирует запись wall-85496924_60697
2024-04-04 11:55:00,023 - ERROR - services.py - 93 - Ошибка при работе с постом wall-85496924_60697:
[5] User authorization failed: user is blocked.
2024-04-04 11:55:00,024 - INFO - services.py - 96 - ----------КОНЕЦ-РЕПОСТА----------
2024-04-04 11:56:00,026 - INFO - services.py - 69 - аккаунт София Богданова комментирует запись wall-185949960_182095
2024-04-04 11:56:00,058 - ERROR - services.py - 93 - Ошибка при работе с постом wall-185949960_182095:
[5] User authorization failed: user is blocked.
2024-04-04 11:56:00,058 - INFO - services.py - 96 - ----------КОНЕЦ-РЕПОСТА----------
2024-04-04 11:57:00,066 - INFO - services.py - 69 - аккаунт София Богданова комментирует запись wall-146112919_13877
2024-04-04 11:57:00,104 - ERROR - services.py - 93 - Ошибка при работе с постом wall-146112919_13877:
[5] User authorization failed: user is blocked.
2024-04-04 11:57:00,104 - INFO - services.py - 96 - ----------КОНЕЦ-РЕПОСТА----------
2024-04-04 11:58:00,109 - INFO - services.py - 69 - аккаунт София Богданова комментирует запись wall-157921718_46377
2024-04-04 11:58:00,144 - ERROR - services.py - 93 - Ошибка при работе с постом wall-157921718_46377:
[5] User authorization failed: user is blocked.
2024-04-04 11:58:00,145 - INFO - services.py - 96 - ----------КОНЕЦ-РЕПОСТА----------
2024-04-04 11:59:00,152 - INFO - services.py - 69 - аккаунт София Богданова комментирует запись wall-215425316_27192
2024-04-04 11:59:00,212 - ERROR - services.py - 93 - Ошибка при работе с постом wall-215425316_27192:
[5] User authorization failed: user is blocked.
2024-04-04 11:59:00,212 - INFO - services.py - 96 - ----------КОНЕЦ-РЕПОСТА----------
2024-04-04 12:00:00,219 - INFO - services.py - 69 - аккаунт София Богданова комментирует запись wall-58526842_97905
2024-04-04 12:00:00,263 - ERROR - services.py - 93 - Ошибка при работе с постом wall-58526842_97905:
[5] User authorization failed: user is blocked.
2024-04-04 12:00:00,263 - INFO - services.py - 96 - ----------КОНЕЦ-РЕПОСТА----------
2024-04-04 12:01:00,265 - INFO - services.py - 69 - аккаунт София Богданова комментирует запись wall-215425316_27195
2024-04-04 12:01:00,329 - ERROR - services.py - 93 - Ошибка при работе с постом wall-215425316_27195:
[5] User authorization failed: user is blocked.
2024-04-04 12:01:00,329 - INFO - services.py - 96 - ----------КОНЕЦ-РЕПОСТА----------
2024-04-04 12:02:00,337 - INFO - services.py - 69 - аккаунт София Богданова комментирует запись wall-146112919_13880
2024-04-04 12:02:00,388 - ERROR - services.py - 93 - Ошибка при работе с постом wall-146112919_13880:
[5] User authorization failed: user is blocked.
2024-04-04 12:02:00,388 - INFO - services.py - 96 - ----------КОНЕЦ-РЕПОСТА----------
2024-04-04 12:03:00,396 - INFO - services.py - 69 - аккаунт София Богданова комментирует запись wall-157921718_46386
2024-04-04 12:03:00,443 - ERROR - services.py - 93 - Ошибка при работе с постом wall-157921718_46386:
[5] User authorization failed: user is blocked.
2024-04-04 12:03:00,443 - INFO - services.py - 96 - ----------КОНЕЦ-РЕПОСТА----------
2024-04-04 12:04:00,442 - INFO - services.py - 69 - аккаунт София Богданова комментирует запись wall-219386641_450
2024-04-04 12:04:00,495 - ERROR - services.py - 93 - Ошибка при работе с постом wall-219386641_450:
[5] User authorization failed: user is blocked.
2024-04-04 12:04:00,495 - INFO - services.py - 96 - ----------КОНЕЦ-РЕПОСТА----------
2024-04-04 12:05:00,500 - INFO - services.py - 69 - аккаунт София Богданова комментирует запись wall-160000043_963
2024-04-04 12:05:00,534 - ERROR - services.py - 93 - Ошибка при работе с постом wall-160000043_963:
[5] User authorization failed: user is blocked.
2024-04-04 12:05:00,535 - INFO - services.py - 96 - ----------КОНЕЦ-РЕПОСТА----------
2024-04-04 12:06:00,542 - INFO - services.py - 69 - аккаунт София Богданова комментирует запись wall-71665165_3725
2024-04-04 12:06:00,574 - ERROR - services.py - 93 - Ошибка при работе с постом wall-71665165_3725:
[5] User authorization failed: user is blocked.
2024-04-04 12:06:00,574 - INFO - services.py - 96 - ----------КОНЕЦ-РЕПОСТА----------
2024-04-04 12:07:00,582 - INFO - services.py - 69 - аккаунт София Богданова комментирует запись wall-66421068_5251
2024-04-04 12:07:00,616 - ERROR - services.py - 93 - Ошибка при работе с постом wall-66421068_5251:
[5] User authorization failed: user is blocked.
2024-04-04 12:07:00,616 - INFO - services.py - 96 - ----------КОНЕЦ-РЕПОСТА----------
2024-04-04 12:08:00,623 - INFO - services.py - 69 - аккаунт София Богданова комментирует запись wall-70945295_3600
2024-04-04 12:08:00,662 - ERROR - services.py - 93 - Ошибка при работе с постом wall-70945295_3600:
[5] User authorization failed: user is blocked.
2024-04-04 12:08:00,663 - INFO - services.py - 96 - ----------КОНЕЦ-РЕПОСТА----------
2024-04-04 12:09:00,670 - INFO - services.py - 69 - аккаунт София Богданова комментирует запись wall-6895834_7331
2024-04-04 12:09:00,706 - ERROR - services.py - 93 - Ошибка при работе с постом wall-6895834_7331:
[5] User authorization failed: user is blocked.
2024-04-04 12:09:00,707 - INFO - services.py - 96 - ----------КОНЕЦ-РЕПОСТА----------
2024-04-04 12:10:00,707 - INFO - services.py - 69 - аккаунт София Богданова комментирует запись wall-112476686_133620
2024-04-04 12:10:00,746 - ERROR - services.py - 93 - Ошибка при работе с постом wall-112476686_133620:
[5] User authorization failed: user is blocked.
2024-04-04 12:10:00,746 - INFO - services.py - 96 - ----------КОНЕЦ-РЕПОСТА----------
2024-04-04 12:11:00,753 - INFO - services.py - 69 - аккаунт София Богданова комментирует запись wall-36047336_124006
2024-04-04 12:11:00,787 - ERROR - services.py - 93 - Ошибка при работе с постом wall-36047336_124006:
[5] User authorization failed: user is blocked.
2024-04-04 12:11:00,787 - INFO - services.py - 96 - ----------КОНЕЦ-РЕПОСТА----------
2024-04-04 12:12:00,795 - INFO - services.py - 69 - аккаунт София Богданова комментирует запись wall-178801962_588465
2024-04-04 12:12:00,829 - ERROR - services.py - 93 - Ошибка при работе с постом wall-178801962_588465:
[5] User authorization failed: user is blocked.
2024-04-04 12:12:00,830 - INFO - services.py - 96 - ----------КОНЕЦ-РЕПОСТА----------
2024-04-04 12:13:00,836 - INFO - services.py - 69 - аккаунт София Богданова комментирует запись wall-213934365_73983
2024-04-04 12:13:00,859 - ERROR - services.py - 93 - Ошибка при работе с постом wall-213934365_73983:
[5] User authorization failed: user is blocked.
2024-04-04 12:13:00,859 - INFO - services.py - 96 - ----------КОНЕЦ-РЕПОСТА----------
2024-04-04 12:14:00,867 - INFO - services.py - 69 - аккаунт София Богданова комментирует запись wall-198625682_306239
2024-04-04 12:14:00,901 - ERROR - services.py - 93 - Ошибка при работе с постом wall-198625682_306239:
[5] User authorization failed: user is blocked.
2024-04-04 12:14:00,902 - INFO - services.py - 96 - ----------КОНЕЦ-РЕПОСТА----------
2024-04-04 12:14:00,904 - INFO - vk_api.py - 172 - Auth with login: 79995663379
2024-04-04 12:14:00,904 - INFO - vk_api.py - 431 - Checking remixsid...
2024-04-04 12:14:00,904 - INFO - vk_api.py - 434 - No remixsid
2024-04-04 12:14:00,904 - INFO - vk_api.py - 202 - remixsid from config is not valid: None
2024-04-04 12:14:00,904 - INFO - vk_api.py - 242 - Logging in...
2024-04-04 12:14:01,202 - INFO - vk_api.py - 172 - Auth with login: 79995663379
2024-04-04 12:14:01,202 - INFO - vk_api.py - 431 - Checking remixsid...
2024-04-04 12:14:01,203 - INFO - vk_api.py - 434 - No remixsid
2024-04-04 12:14:01,203 - INFO - vk_api.py - 202 - remixsid from config is not valid: None
2024-04-04 12:14:01,203 - INFO - vk_api.py - 242 - Logging in...
2024-04-04 12:14:01,504 - INFO - vk_api.py - 295 - Captcha code is required
2024-04-04 12:14:01,504 - ERROR - services.py - 57 - Ошибка при входе в аккаунт 79995663379 --- 
Captcha needed
2024-04-04 12:14:01,504 - INFO - vk_api.py - 172 - Auth with login: 79965964829
2024-04-04 12:14:01,504 - INFO - vk_api.py - 431 - Checking remixsid...
2024-04-04 12:14:01,504 - INFO - vk_api.py - 434 - No remixsid
2024-04-04 12:14:01,504 - INFO - vk_api.py - 202 - remixsid from config is not valid: None
2024-04-04 12:14:01,504 - INFO - vk_api.py - 242 - Logging in...
2024-04-04 12:14:01,784 - INFO - vk_api.py - 172 - Auth with login: 79965964829
2024-04-04 12:14:01,784 - INFO - vk_api.py - 431 - Checking remixsid...
2024-04-04 12:14:01,784 - INFO - vk_api.py - 434 - No remixsid
2024-04-04 12:14:01,784 - INFO - vk_api.py - 202 - remixsid from config is not valid: None
2024-04-04 12:14:01,784 - INFO - vk_api.py - 242 - Logging in...
2024-04-04 12:14:02,048 - INFO - vk_api.py - 295 - Captcha code is required
2024-04-04 12:14:02,048 - ERROR - services.py - 57 - Ошибка при входе в аккаунт 79965964829 --- 
Captcha needed
2024-04-04 12:14:02,049 - INFO - vk_api.py - 172 - Auth with login: 79893436905
2024-04-04 12:14:02,063 - INFO - vk_api.py - 431 - Checking remixsid...
2024-04-04 12:14:02,300 - INFO - vk_api.py - 444 - remixsid is valid
2024-04-04 12:14:02,301 - INFO - vk_api.py - 389 - Checking security check request
2024-04-04 12:14:02,708 - INFO - vk_api.py - 395 - Security check is not required
2024-04-04 12:14:02,771 - INFO - vk_api.py - 209 - access_token from config is not valid: {'access_token': 'vk1.a.BgCphX0FGi0PjKyXjdlp_BuJgcU-sg_0SFePNJQ2SiTNDRRPaKbrIZU0oeEK2WSZ2VNFH_05WgWkw81axUfZTr5C3_ZcPFzviuyoQTzCOimH-GfPWHVBvSwz22-WtqgXV_vmsZrH40cBPX2lDndsMBvL_lFc-c3dUpmXJZFXSy-t1jYGnu4mxdl1xymDT1X8nUaAwY1jXjICqHzIG-Z83A', 'expires_in': '86400', 'user_id': '854794974'}
2024-04-04 12:14:02,981 - INFO - vk_api.py - 543 - Got access_token
2024-04-04 12:15:02,989 - INFO - services.py - 69 - аккаунт Ирина Третьякова комментирует запись wall-80495001_307827
2024-04-04 12:15:03,062 - ERROR - services.py - 93 - Ошибка при работе с постом wall-80495001_307827:
[213] Access to status replies denied: replies disabled
2024-04-04 12:15:03,063 - INFO - services.py - 96 - ----------КОНЕЦ-РЕПОСТА----------
2024-04-04 12:16:03,097 - INFO - services.py - 69 - аккаунт Ирина Третьякова комментирует запись wall-60402921_2177
2024-04-04 12:16:08,023 - INFO - services.py - 77 - аккаунт Ирина Третьякова репостит запись wall-60402921_2177
2024-04-04 12:16:10,728 - INFO - services.py - 83 - аккаунт Ирина Третьякова вступает в группу поста wall-60402921_2177
2024-04-04 12:16:13,233 - INFO - services.py - 96 - ----------КОНЕЦ-РЕПОСТА----------
2024-04-04 12:17:13,242 - INFO - services.py - 69 - аккаунт Ирина Третьякова комментирует запись wall-11126307_89689
2024-04-04 12:17:16,607 - INFO - services.py - 77 - аккаунт Ирина Третьякова репостит запись wall-11126307_89689
2024-04-04 12:17:20,765 - INFO - services.py - 83 - аккаунт Ирина Третьякова вступает в группу поста wall-11126307_89689
2024-04-04 12:17:20,978 - INFO - services.py - 96 - ----------КОНЕЦ-РЕПОСТА----------
2024-04-04 12:18:20,987 - INFO - services.py - 69 - аккаунт Ирина Третьякова комментирует запись wall-202451830_2518
2024-04-04 12:18:25,351 - INFO - services.py - 77 - аккаунт Ирина Третьякова репостит запись wall-202451830_2518
2024-04-04 12:18:29,424 - INFO - services.py - 83 - аккаунт Ирина Третьякова вступает в группу поста wall-202451830_2518
2024-04-04 12:18:29,564 - INFO - services.py - 96 - ----------КОНЕЦ-РЕПОСТА----------
2024-04-04 12:19:29,573 - INFO - services.py - 69 - аккаунт Ирина Третьякова комментирует запись wall-157921718_45520
2024-04-04 12:19:32,649 - INFO - services.py - 77 - аккаунт Ирина Третьякова репостит запись wall-157921718_45520
2024-04-04 12:19:35,648 - INFO - services.py - 83 - аккаунт Ирина Третьякова вступает в группу поста wall-157921718_45520
2024-04-04 12:19:35,706 - ERROR - services.py - 93 - Ошибка при работе с постом wall-157921718_45520:
[15] Access denied: you are already in this community
2024-04-04 12:19:35,706 - INFO - services.py - 96 - ----------КОНЕЦ-РЕПОСТА----------
2024-04-04 12:20:35,715 - INFO - services.py - 69 - аккаунт Ирина Третьякова комментирует запись wall-21777386_23685
2024-04-04 12:20:40,116 - INFO - services.py - 77 - аккаунт Ирина Третьякова репостит запись wall-21777386_23685
2024-04-04 12:20:43,242 - INFO - services.py - 83 - аккаунт Ирина Третьякова вступает в группу поста wall-21777386_23685
2024-04-04 12:20:43,308 - ERROR - services.py - 93 - Ошибка при работе с постом wall-21777386_23685:
[15] Access denied: you are already in this community
2024-04-04 12:20:43,309 - INFO - services.py - 96 - ----------КОНЕЦ-РЕПОСТА----------
2024-04-04 12:21:43,316 - INFO - services.py - 69 - аккаунт Ирина Третьякова комментирует запись wall-215425316_26658
2024-04-04 12:21:45,541 - INFO - services.py - 77 - аккаунт Ирина Третьякова репостит запись wall-215425316_26658
2024-04-04 12:21:47,891 - INFO - services.py - 83 - аккаунт Ирина Третьякова вступает в группу поста wall-215425316_26658
2024-04-04 12:21:47,942 - ERROR - services.py - 93 - Ошибка при работе с постом wall-215425316_26658:
[15] Access denied: you are already in this community
2024-04-04 12:21:47,942 - INFO - services.py - 96 - ----------КОНЕЦ-РЕПОСТА----------
2024-04-04 12:22:47,951 - INFO - services.py - 69 - аккаунт Ирина Третьякова комментирует запись wall-222387020_3877
2024-04-04 12:22:50,350 - INFO - services.py - 77 - аккаунт Ирина Третьякова репостит запись wall-222387020_3877
2024-04-04 12:22:52,759 - INFO - services.py - 83 - аккаунт Ирина Третьякова вступает в группу поста wall-222387020_3877
2024-04-04 12:22:52,808 - ERROR - services.py - 93 - Ошибка при работе с постом wall-222387020_3877:
[15] Access denied: you are already in this community
2024-04-04 12:22:52,808 - INFO - services.py - 96 - ----------КОНЕЦ-РЕПОСТА----------
2024-04-04 12:23:52,817 - INFO - services.py - 69 - аккаунт Ирина Третьякова комментирует запись wall-193089825_20382
2024-04-04 12:23:55,154 - INFO - services.py - 77 - аккаунт Ирина Третьякова репостит запись wall-193089825_20382
2024-04-04 12:23:57,494 - INFO - services.py - 83 - аккаунт Ирина Третьякова вступает в группу поста wall-193089825_20382
2024-04-04 12:23:57,698 - INFO - services.py - 96 - ----------КОНЕЦ-РЕПОСТА----------
2024-04-04 12:24:57,700 - INFO - services.py - 69 - аккаунт Ирина Третьякова комментирует запись wall-164556759_12454
2024-04-04 12:25:01,043 - INFO - services.py - 77 - аккаунт Ирина Третьякова репостит запись wall-164556759_12454
2024-04-04 12:25:10,330 - INFO - services.py - 83 - аккаунт Ирина Третьякова вступает в группу поста wall-164556759_12454
2024-04-04 12:25:10,379 - ERROR - services.py - 93 - Ошибка при работе с постом wall-164556759_12454:
[15] Access denied: you are already in this community
2024-04-04 12:25:10,379 - INFO - services.py - 96 - ----------КОНЕЦ-РЕПОСТА----------
2024-04-04 12:26:10,388 - INFO - services.py - 69 - аккаунт Ирина Третьякова комментирует запись wall-162162168_22190
2024-04-04 12:26:10,434 - ERROR - services.py - 93 - Ошибка при работе с постом wall-162162168_22190:
[213] Access to status replies denied
2024-04-04 12:26:10,434 - INFO - services.py - 96 - ----------КОНЕЦ-РЕПОСТА----------
2024-04-04 12:27:10,443 - INFO - services.py - 69 - аккаунт Ирина Третьякова комментирует запись wall-222213568_180
2024-04-04 12:27:13,491 - INFO - services.py - 77 - аккаунт Ирина Третьякова репостит запись wall-222213568_180
2024-04-04 12:27:19,317 - INFO - services.py - 83 - аккаунт Ирина Третьякова вступает в группу поста wall-222213568_180
2024-04-04 12:27:19,373 - ERROR - services.py - 93 - Ошибка при работе с постом wall-222213568_180:
[15] Access denied: you are already in this community
2024-04-04 12:27:19,374 - INFO - services.py - 96 - ----------КОНЕЦ-РЕПОСТА----------
2024-04-04 12:28:19,375 - INFO - services.py - 69 - аккаунт Ирина Третьякова комментирует запись wall-100861682_7112
2024-04-04 12:28:22,545 - INFO - services.py - 77 - аккаунт Ирина Третьякова репостит запись wall-100861682_7112
2024-04-04 12:28:24,936 - INFO - services.py - 83 - аккаунт Ирина Третьякова вступает в группу поста wall-100861682_7112
2024-04-04 12:28:25,132 - INFO - services.py - 96 - ----------КОНЕЦ-РЕПОСТА----------
2024-04-04 12:29:25,141 - INFO - services.py - 69 - аккаунт Ирина Третьякова комментирует запись wall-224267833_63
2024-04-04 12:29:29,367 - INFO - services.py - 77 - аккаунт Ирина Третьякова репостит запись wall-224267833_63
2024-04-04 12:29:37,463 - INFO - services.py - 83 - аккаунт Ирина Третьякова вступает в группу поста wall-224267833_63
2024-04-04 12:29:37,704 - INFO - services.py - 96 - ----------КОНЕЦ-РЕПОСТА----------
2024-04-04 12:30:37,708 - INFO - services.py - 69 - аккаунт Ирина Третьякова комментирует запись wall-189225006_5756
2024-04-04 12:30:41,342 - INFO - services.py - 77 - аккаунт Ирина Третьякова репостит запись wall-189225006_5756
2024-04-04 12:30:44,376 - INFO - services.py - 83 - аккаунт Ирина Третьякова вступает в группу поста wall-189225006_5756
2024-04-04 12:30:45,188 - INFO - services.py - 96 - ----------КОНЕЦ-РЕПОСТА----------
2024-04-04 12:31:45,192 - INFO - services.py - 69 - аккаунт Ирина Третьякова комментирует запись wall-121513634_59244
2024-04-04 12:31:50,771 - INFO - services.py - 77 - аккаунт Ирина Третьякова репостит запись wall-121513634_59244
2024-04-04 12:31:54,144 - INFO - services.py - 83 - аккаунт Ирина Третьякова вступает в группу поста wall-121513634_59244
2024-04-04 12:31:54,179 - ERROR - services.py - 93 - Ошибка при работе с постом wall-121513634_59244:
[15] Access denied: you are already in this community
2024-04-04 12:31:54,180 - INFO - services.py - 96 - ----------КОНЕЦ-РЕПОСТА----------
2024-04-04 12:32:54,184 - INFO - services.py - 69 - аккаунт Ирина Третьякова комментирует запись wall-259971_143014
2024-04-04 12:32:57,534 - INFO - services.py - 77 - аккаунт Ирина Третьякова репостит запись wall-259971_143014
2024-04-04 12:33:00,142 - INFO - services.py - 83 - аккаунт Ирина Третьякова вступает в группу поста wall-259971_143014
2024-04-04 12:33:00,180 - ERROR - services.py - 93 - Ошибка при работе с постом wall-259971_143014:
[15] Access denied: you are already in this community
2024-04-04 12:33:00,180 - INFO - services.py - 96 - ----------КОНЕЦ-РЕПОСТА----------
2024-04-04 12:34:00,188 - INFO - services.py - 69 - аккаунт Ирина Третьякова комментирует запись wall-259971_143101
2024-04-04 12:34:04,529 - INFO - services.py - 77 - аккаунт Ирина Третьякова репостит запись wall-259971_143101
2024-04-04 12:34:11,464 - INFO - services.py - 83 - аккаунт Ирина Третьякова вступает в группу поста wall-259971_143101
2024-04-04 12:34:11,521 - ERROR - services.py - 93 - Ошибка при работе с постом wall-259971_143101:
[15] Access denied: you are already in this community
2024-04-04 12:34:11,521 - INFO - services.py - 96 - ----------КОНЕЦ-РЕПОСТА----------
2024-04-04 12:35:11,530 - INFO - services.py - 69 - аккаунт Ирина Третьякова комментирует запись wall-177446821_55395
2024-04-04 12:35:13,793 - INFO - services.py - 77 - аккаунт Ирина Третьякова репостит запись wall-177446821_55395
2024-04-04 12:35:17,379 - INFO - services.py - 83 - аккаунт Ирина Третьякова вступает в группу поста wall-177446821_55395
2024-04-04 12:35:17,554 - INFO - services.py - 96 - ----------КОНЕЦ-РЕПОСТА----------
2024-04-04 12:36:17,563 - INFO - services.py - 69 - аккаунт Ирина Третьякова комментирует запись wall-9747025_1796999
2024-04-04 12:36:20,363 - INFO - services.py - 77 - аккаунт Ирина Третьякова репостит запись wall-9747025_1796999
2024-04-04 12:36:29,583 - INFO - services.py - 83 - аккаунт Ирина Третьякова вступает в группу поста wall-9747025_1796999
2024-04-04 12:36:29,798 - INFO - services.py - 96 - ----------КОНЕЦ-РЕПОСТА----------
2024-04-04 12:37:29,807 - INFO - services.py - 69 - аккаунт Ирина Третьякова комментирует запись wall-67018994_32628
2024-04-04 12:37:33,377 - INFO - services.py - 77 - аккаунт Ирина Третьякова репостит запись wall-67018994_32628
2024-04-04 12:37:41,553 - INFO - services.py - 83 - аккаунт Ирина Третьякова вступает в группу поста wall-67018994_32628
2024-04-04 12:37:41,756 - INFO - services.py - 96 - ----------КОНЕЦ-РЕПОСТА----------
2024-04-04 12:38:41,765 - INFO - services.py - 69 - аккаунт Ирина Третьякова комментирует запись wall-154505733_2372
2024-04-04 12:38:44,440 - INFO - services.py - 77 - аккаунт Ирина Третьякова репостит запись wall-154505733_2372
2024-04-04 12:38:47,840 - INFO - services.py - 83 - аккаунт Ирина Третьякова вступает в группу поста wall-154505733_2372
2024-04-04 12:38:53,925 - INFO - services.py - 96 - ----------КОНЕЦ-РЕПОСТА----------
2024-04-04 12:39:53,934 - INFO - services.py - 69 - аккаунт Ирина Третьякова комментирует запись wall-18790633_55923
2024-04-04 12:39:56,232 - INFO - services.py - 77 - аккаунт Ирина Третьякова репостит запись wall-18790633_55923
2024-04-04 12:39:58,500 - INFO - services.py - 83 - аккаунт Ирина Третьякова вступает в группу поста wall-18790633_55923
2024-04-04 12:39:58,727 - INFO - services.py - 96 - ----------КОНЕЦ-РЕПОСТА----------
2024-04-04 12:40:58,727 - INFO - services.py - 69 - аккаунт Ирина Третьякова комментирует запись wall-52403_21325
2024-04-04 12:41:00,967 - INFO - services.py - 77 - аккаунт Ирина Третьякова репостит запись wall-52403_21325
2024-04-04 12:41:04,063 - INFO - services.py - 83 - аккаунт Ирина Третьякова вступает в группу поста wall-52403_21325
2024-04-04 12:41:04,109 - ERROR - services.py - 93 - Ошибка при работе с постом wall-52403_21325:
[15] Access denied: you are already in this community
2024-04-04 12:41:04,109 - INFO - services.py - 96 - ----------КОНЕЦ-РЕПОСТА----------
2024-04-04 12:42:04,118 - INFO - services.py - 69 - аккаунт Ирина Третьякова комментирует запись wall-124523609_104793
2024-04-04 12:42:10,196 - INFO - services.py - 77 - аккаунт Ирина Третьякова репостит запись wall-124523609_104793
2024-04-04 12:42:12,570 - INFO - services.py - 83 - аккаунт Ирина Третьякова вступает в группу поста wall-124523609_104793
2024-04-04 12:42:13,010 - INFO - services.py - 96 - ----------КОНЕЦ-РЕПОСТА----------
2024-04-04 12:43:13,012 - INFO - services.py - 69 - аккаунт Ирина Третьякова комментирует запись wall-30383240_15986
2024-04-04 12:43:15,335 - INFO - services.py - 77 - аккаунт Ирина Третьякова репостит запись wall-30383240_15986
2024-04-04 12:43:19,343 - INFO - services.py - 83 - аккаунт Ирина Третьякова вступает в группу поста wall-30383240_15986
2024-04-04 12:43:19,625 - INFO - services.py - 96 - ----------КОНЕЦ-РЕПОСТА----------
2024-04-04 12:44:19,634 - INFO - services.py - 69 - аккаунт Ирина Третьякова комментирует запись wall-34571836_76188
2024-04-04 12:44:22,023 - INFO - services.py - 77 - аккаунт Ирина Третьякова репостит запись wall-34571836_76188
2024-04-04 12:44:27,771 - INFO - services.py - 83 - аккаунт Ирина Третьякова вступает в группу поста wall-34571836_76188
2024-04-04 12:44:27,985 - INFO - services.py - 96 - ----------КОНЕЦ-РЕПОСТА----------
2024-04-04 12:45:27,987 - INFO - services.py - 69 - аккаунт Ирина Третьякова комментирует запись wall-42695255_1896
2024-04-04 12:45:31,888 - INFO - services.py - 77 - аккаунт Ирина Третьякова репостит запись wall-42695255_1896
2024-04-04 12:45:36,349 - INFO - services.py - 83 - аккаунт Ирина Третьякова вступает в группу поста wall-42695255_1896
2024-04-04 12:45:37,275 - INFO - services.py - 96 - ----------КОНЕЦ-РЕПОСТА----------
2024-04-04 12:46:37,273 - INFO - services.py - 69 - аккаунт Ирина Третьякова комментирует запись wall-217216140_414
2024-04-04 12:46:44,475 - INFO - services.py - 77 - аккаунт Ирина Третьякова репостит запись wall-217216140_414
2024-04-04 12:46:49,196 - INFO - services.py - 83 - аккаунт Ирина Третьякова вступает в группу поста wall-217216140_414
2024-04-04 12:46:49,245 - ERROR - services.py - 93 - Ошибка при работе с постом wall-217216140_414:
[15] Access denied: you are already in this community
2024-04-04 12:46:49,246 - INFO - services.py - 96 - ----------КОНЕЦ-РЕПОСТА----------
2024-04-04 12:47:49,251 - INFO - services.py - 69 - аккаунт Ирина Третьякова комментирует запись wall-185992242_4237
2024-04-04 12:47:52,049 - INFO - services.py - 77 - аккаунт Ирина Третьякова репостит запись wall-185992242_4237
2024-04-04 12:47:54,380 - INFO - services.py - 83 - аккаунт Ирина Третьякова вступает в группу поста wall-185992242_4237
2024-04-04 12:47:54,521 - INFO - services.py - 96 - ----------КОНЕЦ-РЕПОСТА----------
2024-04-04 12:48:54,530 - INFO - services.py - 69 - аккаунт Ирина Третьякова комментирует запись wall-144958594_28491568
2024-04-04 12:48:58,721 - INFO - services.py - 77 - аккаунт Ирина Третьякова репостит запись wall-144958594_28491568
2024-04-04 12:49:02,072 - INFO - services.py - 83 - аккаунт Ирина Третьякова вступает в группу поста wall-144958594_28491568
2024-04-04 12:49:02,268 - INFO - services.py - 96 - ----------КОНЕЦ-РЕПОСТА----------
2024-04-04 12:50:02,277 - INFO - services.py - 69 - аккаунт Ирина Третьякова комментирует запись wall-75123249_66571
2024-04-04 12:50:07,301 - INFO - services.py - 77 - аккаунт Ирина Третьякова репостит запись wall-75123249_66571
2024-04-04 12:50:09,688 - INFO - services.py - 83 - аккаунт Ирина Третьякова вступает в группу поста wall-75123249_66571
2024-04-04 12:50:09,732 - ERROR - services.py - 93 - Ошибка при работе с постом wall-75123249_66571:
[15] Access denied: you are already in this community
2024-04-04 12:50:09,732 - INFO - services.py - 96 - ----------КОНЕЦ-РЕПОСТА----------
2024-04-04 12:51:09,741 - INFO - services.py - 69 - аккаунт Ирина Третьякова комментирует запись wall-76539362_211894
2024-04-04 12:51:12,295 - INFO - services.py - 77 - аккаунт Ирина Третьякова репостит запись wall-76539362_211894
2024-04-04 12:51:14,655 - INFO - services.py - 83 - аккаунт Ирина Третьякова вступает в группу поста wall-76539362_211894
2024-04-04 12:51:18,143 - INFO - services.py - 96 - ----------КОНЕЦ-РЕПОСТА----------
2024-04-04 12:52:18,151 - INFO - services.py - 69 - аккаунт Ирина Третьякова комментирует запись wall-25517447_1285511
2024-04-04 12:52:21,041 - INFO - services.py - 77 - аккаунт Ирина Третьякова репостит запись wall-25517447_1285511
2024-04-04 12:52:24,249 - INFO - services.py - 83 - аккаунт Ирина Третьякова вступает в группу поста wall-25517447_1285511
2024-04-04 12:52:27,120 - INFO - services.py - 96 - ----------КОНЕЦ-РЕПОСТА----------
2024-04-04 12:53:27,126 - INFO - services.py - 69 - аккаунт Ирина Третьякова комментирует запись wall-97250584_142318
2024-04-04 12:53:29,694 - INFO - services.py - 77 - аккаунт Ирина Третьякова репостит запись wall-97250584_142318
2024-04-04 12:53:31,913 - INFO - services.py - 83 - аккаунт Ирина Третьякова вступает в группу поста wall-97250584_142318
2024-04-04 12:53:32,132 - INFO - services.py - 96 - ----------КОНЕЦ-РЕПОСТА----------
2024-04-04 12:54:32,140 - INFO - services.py - 69 - аккаунт Ирина Третьякова комментирует запись wall-210947014_3474
2024-04-04 12:54:38,642 - INFO - services.py - 77 - аккаунт Ирина Третьякова репостит запись wall-210947014_3474
2024-04-04 12:54:42,252 - INFO - services.py - 83 - аккаунт Ирина Третьякова вступает в группу поста wall-210947014_3474
2024-04-04 12:54:42,443 - INFO - services.py - 96 - ----------КОНЕЦ-РЕПОСТА----------
2024-04-04 12:55:42,451 - INFO - services.py - 69 - аккаунт Ирина Третьякова комментирует запись wall-211039315_26285
2024-04-04 12:55:44,842 - INFO - services.py - 77 - аккаунт Ирина Третьякова репостит запись wall-211039315_26285
2024-04-04 12:55:47,226 - INFO - services.py - 83 - аккаунт Ирина Третьякова вступает в группу поста wall-211039315_26285
2024-04-04 12:55:47,472 - INFO - services.py - 96 - ----------КОНЕЦ-РЕПОСТА----------
2024-04-04 12:56:47,481 - INFO - services.py - 69 - аккаунт Ирина Третьякова комментирует запись wall-85496924_60697
2024-04-04 12:56:52,293 - INFO - services.py - 77 - аккаунт Ирина Третьякова репостит запись wall-85496924_60697
2024-04-04 12:56:56,237 - INFO - services.py - 83 - аккаунт Ирина Третьякова вступает в группу поста wall-85496924_60697
2024-04-04 12:56:56,423 - INFO - services.py - 96 - ----------КОНЕЦ-РЕПОСТА----------
2024-04-04 12:57:56,431 - INFO - services.py - 69 - аккаунт Ирина Третьякова комментирует запись wall-185949960_182095
2024-04-04 12:58:00,985 - INFO - services.py - 77 - аккаунт Ирина Третьякова репостит запись wall-185949960_182095
2024-04-04 12:58:03,332 - INFO - services.py - 83 - аккаунт Ирина Третьякова вступает в группу поста wall-185949960_182095
2024-04-04 12:58:03,526 - INFO - services.py - 96 - ----------КОНЕЦ-РЕПОСТА----------
2024-04-04 12:59:03,535 - INFO - services.py - 69 - аккаунт Ирина Третьякова комментирует запись wall-146112919_13877
2024-04-04 12:59:05,800 - INFO - services.py - 77 - аккаунт Ирина Третьякова репостит запись wall-146112919_13877
2024-04-04 12:59:12,357 - INFO - services.py - 83 - аккаунт Ирина Третьякова вступает в группу поста wall-146112919_13877
2024-04-04 12:59:12,411 - ERROR - services.py - 93 - Ошибка при работе с постом wall-146112919_13877:
[15] Access denied: you are already in this community
2024-04-04 12:59:12,411 - INFO - services.py - 96 - ----------КОНЕЦ-РЕПОСТА----------
2024-04-04 13:00:12,416 - INFO - services.py - 69 - аккаунт Ирина Третьякова комментирует запись wall-157921718_46377
2024-04-04 13:00:14,652 - INFO - services.py - 77 - аккаунт Ирина Третьякова репостит запись wall-157921718_46377
2024-04-04 13:00:16,931 - INFO - services.py - 83 - аккаунт Ирина Третьякова вступает в группу поста wall-157921718_46377
2024-04-04 13:00:16,976 - ERROR - services.py - 93 - Ошибка при работе с постом wall-157921718_46377:
[15] Access denied: you are already in this community
2024-04-04 13:00:16,977 - INFO - services.py - 96 - ----------КОНЕЦ-РЕПОСТА----------
2024-04-04 13:01:16,980 - INFO - services.py - 69 - аккаунт Ирина Третьякова комментирует запись wall-215425316_27192
2024-04-04 13:01:22,403 - INFO - services.py - 77 - аккаунт Ирина Третьякова репостит запись wall-215425316_27192
2024-04-04 13:01:27,119 - INFO - services.py - 83 - аккаунт Ирина Третьякова вступает в группу поста wall-215425316_27192
2024-04-04 13:01:27,168 - ERROR - services.py - 93 - Ошибка при работе с постом wall-215425316_27192:
[15] Access denied: you are already in this community
2024-04-04 13:01:27,168 - INFO - services.py - 96 - ----------КОНЕЦ-РЕПОСТА----------
2024-04-04 13:02:27,177 - INFO - services.py - 69 - аккаунт Ирина Третьякова комментирует запись wall-58526842_97905
2024-04-04 13:02:36,172 - INFO - services.py - 77 - аккаунт Ирина Третьякова репостит запись wall-58526842_97905
2024-04-04 13:02:41,277 - INFO - services.py - 83 - аккаунт Ирина Третьякова вступает в группу поста wall-58526842_97905
2024-04-04 13:02:41,333 - ERROR - services.py - 93 - Ошибка при работе с постом wall-58526842_97905:
[15] Access denied: you are already in this community
2024-04-04 13:02:41,333 - INFO - services.py - 96 - ----------КОНЕЦ-РЕПОСТА----------
2024-04-04 13:03:41,342 - INFO - services.py - 69 - аккаунт Ирина Третьякова комментирует запись wall-215425316_27195
2024-04-04 13:03:43,600 - INFO - services.py - 77 - аккаунт Ирина Третьякова репостит запись wall-215425316_27195
2024-04-04 13:03:47,278 - INFO - services.py - 83 - аккаунт Ирина Третьякова вступает в группу поста wall-215425316_27195
2024-04-04 13:03:47,322 - ERROR - services.py - 93 - Ошибка при работе с постом wall-215425316_27195:
[15] Access denied: you are already in this community
2024-04-04 13:03:47,323 - INFO - services.py - 96 - ----------КОНЕЦ-РЕПОСТА----------
2024-04-04 13:04:47,331 - INFO - services.py - 69 - аккаунт Ирина Третьякова комментирует запись wall-146112919_13880
2024-04-04 13:04:52,558 - INFO - services.py - 77 - аккаунт Ирина Третьякова репостит запись wall-146112919_13880
2024-04-04 13:04:57,815 - INFO - services.py - 83 - аккаунт Ирина Третьякова вступает в группу поста wall-146112919_13880
2024-04-04 13:04:57,857 - ERROR - services.py - 93 - Ошибка при работе с постом wall-146112919_13880:
[15] Access denied: you are already in this community
2024-04-04 13:04:57,858 - INFO - services.py - 96 - ----------КОНЕЦ-РЕПОСТА----------
2024-04-04 13:05:57,866 - INFO - services.py - 69 - аккаунт Ирина Третьякова комментирует запись wall-157921718_46386
2024-04-04 13:06:02,313 - INFO - services.py - 77 - аккаунт Ирина Третьякова репостит запись wall-157921718_46386
2024-04-04 13:06:06,640 - INFO - services.py - 83 - аккаунт Ирина Третьякова вступает в группу поста wall-157921718_46386
2024-04-04 13:06:06,696 - ERROR - services.py - 93 - Ошибка при работе с постом wall-157921718_46386:
[15] Access denied: you are already in this community
2024-04-04 13:06:06,697 - INFO - services.py - 96 - ----------КОНЕЦ-РЕПОСТА----------
2024-04-04 13:07:06,704 - INFO - services.py - 69 - аккаунт Ирина Третьякова комментирует запись wall-219386641_450
2024-04-04 13:07:11,401 - INFO - services.py - 77 - аккаунт Ирина Третьякова репостит запись wall-219386641_450
2024-04-04 13:07:17,270 - INFO - services.py - 83 - аккаунт Ирина Третьякова вступает в группу поста wall-219386641_450
2024-04-04 13:07:17,380 - ERROR - services.py - 93 - Ошибка при работе с постом wall-219386641_450:
[15] Access denied: you are already in this community
2024-04-04 13:07:17,380 - INFO - services.py - 96 - ----------КОНЕЦ-РЕПОСТА----------
2024-04-04 13:08:17,380 - INFO - services.py - 69 - аккаунт Ирина Третьякова комментирует запись wall-160000043_963
2024-04-04 13:08:19,970 - INFO - services.py - 77 - аккаунт Ирина Третьякова репостит запись wall-160000043_963
2024-04-04 13:08:22,479 - INFO - services.py - 83 - аккаунт Ирина Третьякова вступает в группу поста wall-160000043_963
2024-04-04 13:08:22,694 - INFO - services.py - 96 - ----------КОНЕЦ-РЕПОСТА----------
2024-04-04 13:09:22,703 - INFO - services.py - 69 - аккаунт Ирина Третьякова комментирует запись wall-71665165_3725
2024-04-04 13:09:29,014 - INFO - services.py - 77 - аккаунт Ирина Третьякова репостит запись wall-71665165_3725
2024-04-04 13:09:32,650 - INFO - services.py - 83 - аккаунт Ирина Третьякова вступает в группу поста wall-71665165_3725
2024-04-04 13:09:32,703 - ERROR - services.py - 93 - Ошибка при работе с постом wall-71665165_3725:
[15] Access denied: you are already in this community
2024-04-04 13:09:32,703 - INFO - services.py - 96 - ----------КОНЕЦ-РЕПОСТА----------
2024-04-04 13:10:32,711 - INFO - services.py - 69 - аккаунт Ирина Третьякова комментирует запись wall-66421068_5251
2024-04-04 13:10:39,623 - INFO - services.py - 77 - аккаунт Ирина Третьякова репостит запись wall-66421068_5251
2024-04-04 13:10:41,964 - INFO - services.py - 83 - аккаунт Ирина Третьякова вступает в группу поста wall-66421068_5251
2024-04-04 13:10:42,015 - ERROR - services.py - 93 - Ошибка при работе с постом wall-66421068_5251:
[15] Access denied: you are already in this community
2024-04-04 13:10:42,015 - INFO - services.py - 96 - ----------КОНЕЦ-РЕПОСТА----------
2024-04-04 13:11:42,022 - INFO - services.py - 69 - аккаунт Ирина Третьякова комментирует запись wall-70945295_3600
2024-04-04 13:11:42,087 - ERROR - services.py - 93 - Ошибка при работе с постом wall-70945295_3600:
[213] Access to status replies denied: replies disabled
2024-04-04 13:11:42,088 - INFO - services.py - 96 - ----------КОНЕЦ-РЕПОСТА----------
2024-04-04 13:12:42,089 - INFO - services.py - 69 - аккаунт Ирина Третьякова комментирует запись wall-6895834_7331
2024-04-04 13:12:44,630 - INFO - services.py - 77 - аккаунт Ирина Третьякова репостит запись wall-6895834_7331
2024-04-04 13:12:47,083 - INFO - services.py - 83 - аккаунт Ирина Третьякова вступает в группу поста wall-6895834_7331
2024-04-04 13:12:47,149 - ERROR - services.py - 93 - Ошибка при работе с постом wall-6895834_7331:
[15] Access denied: you are already in this community
2024-04-04 13:12:47,149 - INFO - services.py - 96 - ----------КОНЕЦ-РЕПОСТА----------
2024-04-04 13:13:47,157 - INFO - services.py - 69 - аккаунт Ирина Третьякова комментирует запись wall-112476686_133620
2024-04-04 13:13:51,867 - INFO - services.py - 77 - аккаунт Ирина Третьякова репостит запись wall-112476686_133620
2024-04-04 13:13:54,216 - INFO - services.py - 83 - аккаунт Ирина Третьякова вступает в группу поста wall-112476686_133620
2024-04-04 13:13:54,259 - ERROR - services.py - 93 - Ошибка при работе с постом wall-112476686_133620:
[15] Access denied: you are already in this community
2024-04-04 13:13:54,259 - INFO - services.py - 96 - ----------КОНЕЦ-РЕПОСТА----------
2024-04-04 13:14:54,267 - INFO - services.py - 69 - аккаунт Ирина Третьякова комментирует запись wall-36047336_124006
2024-04-04 13:14:54,321 - ERROR - services.py - 93 - Ошибка при работе с постом wall-36047336_124006:
[213] Access to status replies denied
2024-04-04 13:14:54,322 - INFO - services.py - 96 - ----------КОНЕЦ-РЕПОСТА----------
2024-04-04 13:15:54,330 - INFO - services.py - 69 - аккаунт Ирина Третьякова комментирует запись wall-178801962_588465
2024-04-04 13:15:54,432 - ERROR - services.py - 93 - Ошибка при работе с постом wall-178801962_588465:
[213] Access to status replies denied: replies disabled
2024-04-04 13:15:54,433 - INFO - services.py - 96 - ----------КОНЕЦ-РЕПОСТА----------
2024-04-04 13:16:54,441 - INFO - services.py - 69 - аккаунт Ирина Третьякова комментирует запись wall-213934365_73983
2024-04-04 13:16:54,495 - ERROR - services.py - 93 - Ошибка при работе с постом wall-213934365_73983:
[213] Access to status replies denied: replies disabled
2024-04-04 13:16:54,496 - INFO - services.py - 96 - ----------КОНЕЦ-РЕПОСТА----------
2024-04-04 13:17:54,477 - INFO - services.py - 69 - аккаунт Ирина Третьякова комментирует запись wall-198625682_306239
2024-04-04 13:17:57,214 - INFO - services.py - 77 - аккаунт Ирина Третьякова репостит запись wall-198625682_306239
2024-04-04 13:18:02,386 - INFO - services.py - 83 - аккаунт Ирина Третьякова вступает в группу поста wall-198625682_306239
2024-04-04 13:18:02,591 - INFO - services.py - 96 - ----------КОНЕЦ-РЕПОСТА----------
2024-04-04 13:18:02,737 - ERROR - dispatcher.py - 219 - Failed to fetch updates - TelegramNetworkError: HTTP Client says - Request timeout error
2024-04-04 13:18:02,738 - WARNING - dispatcher.py - 221 - Sleep for 1.000000 seconds and try again... (tryings = 0, bot id = 6727463369)
2024-04-04 13:18:03,119 - INFO - dispatcher.py - 172 - Update id=56115934 is handled. Duration 11195302 ms by bot id=6727463369
2024-04-04 13:18:13,804 - INFO - dispatcher.py - 233 - Connection established (tryings = 1, bot id = 6727463369)
2024-04-04 16:47:30,129 - WARNING - dispatcher.py - 455 - Received SIGINT signal
2024-04-04 16:47:30,130 - INFO - dispatcher.py - 359 - Polling stopped for bot @GiftWinner_bot id=6727463369 - 'Бот участник в розыгрышах'
2024-04-04 16:47:30,131 - INFO - dispatcher.py - 554 - Polling stopped
2024-04-04 16:47:30,308 - WARNING - dispatcher.py - 455 - Received SIGINT signal
2024-04-04 17:13:18,770 - ERROR - signal.py - 280 - Signal handler <function setup_periodic_tasks at 0x102c37c40> raised: AttributeError("'function' object has no attribute 'name'")
Traceback (most recent call last):
  File "/Users/bulbulator-air/Desktop/giftWinnerBot/venv/lib/python3.11/site-packages/celery/utils/dispatch/signal.py", line 276, in send
    response = receiver(signal=self, sender=sender, **named)
               ^^^^^^^^^^^^^^^^^^^^^^^^^^^^^^^^^^^^^^^^^^^^^
  File "/Users/bulbulator-air/Desktop/giftWinnerBot/src/tasks/celery.py", line 11, in setup_periodic_tasks
    sender.add_periodic_task(1.0, lambda: print('a'), name='Run every second')
  File "/Users/bulbulator-air/Desktop/giftWinnerBot/venv/lib/python3.11/site-packages/celery/app/base.py", line 1045, in add_periodic_task
    key, entry = self._sig_to_periodic_task_entry(
                 ^^^^^^^^^^^^^^^^^^^^^^^^^^^^^^^^^
  File "/Users/bulbulator-air/Desktop/giftWinnerBot/venv/lib/python3.11/site-packages/celery/app/base.py", line 1058, in _sig_to_periodic_task_entry
    else self.signature(sig.name, args, kwargs))
                        ^^^^^^^^
AttributeError: 'function' object has no attribute 'name'
2024-04-04 17:15:41,565 - INFO - dispatcher.py - 527 - Start polling
2024-04-04 17:15:41,637 - INFO - dispatcher.py - 341 - Run polling for bot @GiftWinner_bot id=6727463369 - 'Бот участник в розыгрышах'
2024-04-04 17:20:20,276 - WARNING - dispatcher.py - 455 - Received SIGINT signal
2024-04-04 17:20:20,280 - INFO - dispatcher.py - 359 - Polling stopped for bot @GiftWinner_bot id=6727463369 - 'Бот участник в розыгрышах'
2024-04-04 17:20:20,281 - INFO - dispatcher.py - 554 - Polling stopped
2024-04-04 17:22:09,001 - INFO - vk_api.py - 172 - Auth with login: +79998773625
2024-04-04 17:22:09,001 - INFO - vk_api.py - 431 - Checking remixsid...
2024-04-04 17:22:09,242 - INFO - vk_api.py - 444 - remixsid is valid
2024-04-04 17:22:09,242 - INFO - vk_api.py - 389 - Checking security check request
2024-04-04 17:22:09,811 - INFO - vk_api.py - 395 - Security check is not required
2024-04-04 17:22:09,901 - INFO - vk_api.py - 213 - access_token from config is valid
2024-04-04 17:23:09,901 - INFO - services.py - 69 - аккаунт Albina Vladimirovna комментирует запись wall-140011623_203201
2024-04-04 17:23:12,245 - INFO - services.py - 77 - аккаунт Albina Vladimirovna репостит запись wall-140011623_203201
2024-04-04 17:23:15,416 - INFO - services.py - 83 - аккаунт Albina Vladimirovna вступает в группу поста wall-140011623_203201
2024-04-04 17:23:15,617 - INFO - services.py - 96 - ----------КОНЕЦ-РЕПОСТА----------
2024-04-04 17:23:18,520 - INFO - services.py - 96 - ----------КОНЕЦ-РЕПОСТА----------
2024-04-04 17:24:45,230 - INFO - dispatcher.py - 527 - Start polling
2024-04-04 17:24:45,281 - INFO - dispatcher.py - 341 - Run polling for bot @GiftWinner_bot id=6727463369 - 'Бот участник в розыгрышах'
2024-04-04 17:24:59,933 - WARNING - dispatcher.py - 455 - Received SIGINT signal
2024-04-04 17:24:59,934 - INFO - dispatcher.py - 359 - Polling stopped for bot @GiftWinner_bot id=6727463369 - 'Бот участник в розыгрышах'
2024-04-04 17:24:59,934 - INFO - dispatcher.py - 554 - Polling stopped
2024-04-04 17:26:30,991 - WARNING - connection.py - 669 - No hostname was supplied. Reverting to default 'localhost'
2024-04-04 17:26:55,373 - WARNING - connection.py - 669 - No hostname was supplied. Reverting to default 'localhost'
2024-04-04 17:27:46,914 - WARNING - connection.py - 669 - No hostname was supplied. Reverting to default 'localhost'
2024-04-04 17:29:55,188 - WARNING - connection.py - 669 - No hostname was supplied. Reverting to default 'localhost'
2024-04-04 17:40:04,230 - WARNING - connection.py - 669 - No hostname was supplied. Reverting to default 'localhost'
2024-04-04 17:42:41,688 - WARNING - connection.py - 669 - No hostname was supplied. Reverting to default 'localhost'
2024-04-04 17:52:24,225 - WARNING - connection.py - 669 - No hostname was supplied. Reverting to default 'localhost'
2024-04-04 22:17:01,803 - INFO - dispatcher.py - 527 - Start polling
2024-04-04 22:17:01,874 - INFO - dispatcher.py - 341 - Run polling for bot @GiftWinner_bot id=6727463369 - 'Бот участник в розыгрышах'
2024-04-04 22:17:10,521 - INFO - dispatcher.py - 172 - Update id=56115936 is handled. Duration 309 ms by bot id=6727463369
2024-04-04 22:17:11,755 - INFO - dispatcher.py - 172 - Update id=56115937 is handled. Duration 215 ms by bot id=6727463369
2024-04-04 22:17:27,195 - INFO - dispatcher.py - 172 - Update id=56115938 is handled. Duration 153 ms by bot id=6727463369
2024-04-04 22:17:28,887 - INFO - dispatcher.py - 172 - Update id=56115939 is handled. Duration 176 ms by bot id=6727463369
2024-04-04 22:30:54,295 - WARNING - dispatcher.py - 455 - Received SIGINT signal
2024-04-04 22:30:54,301 - INFO - dispatcher.py - 359 - Polling stopped for bot @GiftWinner_bot id=6727463369 - 'Бот участник в розыгрышах'
2024-04-04 22:30:54,302 - INFO - dispatcher.py - 554 - Polling stopped
2024-04-04 22:30:57,645 - INFO - dispatcher.py - 527 - Start polling
2024-04-04 22:30:57,696 - INFO - dispatcher.py - 341 - Run polling for bot @GiftWinner_bot id=6727463369 - 'Бот участник в розыгрышах'
2024-04-04 22:31:09,199 - INFO - dispatcher.py - 172 - Update id=56115940 is handled. Duration 197 ms by bot id=6727463369
2024-04-04 22:31:10,464 - INFO - dispatcher.py - 172 - Update id=56115941 is handled. Duration 127 ms by bot id=6727463369
2024-04-04 22:31:12,073 - INFO - dispatcher.py - 172 - Update id=56115942 is handled. Duration 106 ms by bot id=6727463369
2024-04-04 22:31:30,375 - INFO - dispatcher.py - 172 - Update id=56115943 is handled. Duration 187 ms by bot id=6727463369
2024-04-04 22:31:31,604 - INFO - dispatcher.py - 172 - Update id=56115944 is handled. Duration 101 ms by bot id=6727463369
2024-04-04 22:31:35,102 - INFO - dispatcher.py - 172 - Update id=56115945 is handled. Duration 87 ms by bot id=6727463369
2024-04-04 22:31:44,164 - INFO - dispatcher.py - 172 - Update id=56115946 is handled. Duration 162 ms by bot id=6727463369
2024-04-04 22:31:45,217 - INFO - dispatcher.py - 172 - Update id=56115947 is handled. Duration 100 ms by bot id=6727463369
2024-04-04 22:31:49,835 - INFO - dispatcher.py - 172 - Update id=56115948 is handled. Duration 74 ms by bot id=6727463369
2024-04-04 22:31:51,171 - INFO - dispatcher.py - 172 - Update id=56115949 is handled. Duration 100 ms by bot id=6727463369
2024-04-04 22:31:55,462 - INFO - dispatcher.py - 172 - Update id=56115950 is handled. Duration 251 ms by bot id=6727463369
2024-04-04 22:31:57,894 - INFO - dispatcher.py - 172 - Update id=56115951 is handled. Duration 134 ms by bot id=6727463369
2024-04-04 22:32:23,749 - INFO - dispatcher.py - 172 - Update id=56115952 is handled. Duration 160 ms by bot id=6727463369
2024-04-04 22:32:28,180 - INFO - dispatcher.py - 172 - Update id=56115953 is handled. Duration 94 ms by bot id=6727463369
2024-04-04 22:32:29,476 - INFO - dispatcher.py - 172 - Update id=56115954 is handled. Duration 422 ms by bot id=6727463369
2024-04-04 22:32:31,880 - INFO - dispatcher.py - 172 - Update id=56115955 is handled. Duration 73 ms by bot id=6727463369
2024-04-04 22:32:49,251 - INFO - dispatcher.py - 172 - Update id=56115956 is handled. Duration 181 ms by bot id=6727463369
2024-04-04 22:32:52,756 - INFO - dispatcher.py - 172 - Update id=56115957 is handled. Duration 67 ms by bot id=6727463369
2024-04-04 22:32:53,708 - INFO - dispatcher.py - 172 - Update id=56115958 is handled. Duration 207 ms by bot id=6727463369
2024-04-04 22:34:32,881 - INFO - dispatcher.py - 172 - Update id=56115959 is handled. Duration 172 ms by bot id=6727463369
2024-04-04 22:34:34,539 - INFO - dispatcher.py - 172 - Update id=56115960 is handled. Duration 216 ms by bot id=6727463369
2024-04-04 22:34:35,629 - INFO - dispatcher.py - 172 - Update id=56115961 is not handled. Duration 174 ms by bot id=6727463369
2024-04-04 22:34:35,629 - ERROR - dispatcher.py - 315 - Cause exception while process update id=56115961 by bot id=6727463369
TypeError: add_all_new_posts_to_database() takes 0 positional arguments but 1 was given
Traceback (most recent call last):
  File "/Users/bulbulator-air/Desktop/giftWinnerBot/venv/lib/python3.11/site-packages/aiogram/dispatcher/dispatcher.py", line 309, in _process_update
    response = await self.feed_update(bot, update, **kwargs)
               ^^^^^^^^^^^^^^^^^^^^^^^^^^^^^^^^^^^^^^^^^^^^^
  File "/Users/bulbulator-air/Desktop/giftWinnerBot/venv/lib/python3.11/site-packages/aiogram/dispatcher/dispatcher.py", line 158, in feed_update
    response = await self.update.wrap_outer_middleware(
               ^^^^^^^^^^^^^^^^^^^^^^^^^^^^^^^^^^^^^^^^
  File "/Users/bulbulator-air/Desktop/giftWinnerBot/venv/lib/python3.11/site-packages/aiogram/dispatcher/middlewares/error.py", line 25, in __call__
    return await handler(event, data)
           ^^^^^^^^^^^^^^^^^^^^^^^^^^
  File "/Users/bulbulator-air/Desktop/giftWinnerBot/venv/lib/python3.11/site-packages/aiogram/dispatcher/middlewares/user_context.py", line 27, in __call__
    return await handler(event, data)
           ^^^^^^^^^^^^^^^^^^^^^^^^^^
  File "/Users/bulbulator-air/Desktop/giftWinnerBot/venv/lib/python3.11/site-packages/aiogram/fsm/middleware.py", line 41, in __call__
    return await handler(event, data)
           ^^^^^^^^^^^^^^^^^^^^^^^^^^
  File "/Users/bulbulator-air/Desktop/giftWinnerBot/venv/lib/python3.11/site-packages/aiogram/dispatcher/event/telegram.py", line 121, in trigger
    return await wrapped_inner(event, kwargs)
           ^^^^^^^^^^^^^^^^^^^^^^^^^^^^^^^^^^
  File "/Users/bulbulator-air/Desktop/giftWinnerBot/venv/lib/python3.11/site-packages/aiogram/dispatcher/event/handler.py", line 43, in call
    return await wrapped()
           ^^^^^^^^^^^^^^^
  File "/Users/bulbulator-air/Desktop/giftWinnerBot/venv/lib/python3.11/site-packages/aiogram/dispatcher/dispatcher.py", line 276, in _listen_update
    return await self.propagate_event(update_type=update_type, event=event, **kwargs)
           ^^^^^^^^^^^^^^^^^^^^^^^^^^^^^^^^^^^^^^^^^^^^^^^^^^^^^^^^^^^^^^^^^^^^^^^^^^
  File "/Users/bulbulator-air/Desktop/giftWinnerBot/venv/lib/python3.11/site-packages/aiogram/dispatcher/router.py", line 128, in propagate_event
    return await observer.wrap_outer_middleware(_wrapped, event=event, data=kwargs)
           ^^^^^^^^^^^^^^^^^^^^^^^^^^^^^^^^^^^^^^^^^^^^^^^^^^^^^^^^^^^^^^^^^^^^^^^^
  File "/Users/bulbulator-air/Desktop/giftWinnerBot/venv/lib/python3.11/site-packages/aiogram/dispatcher/router.py", line 123, in _wrapped
    return await self._propagate_event(
           ^^^^^^^^^^^^^^^^^^^^^^^^^^^^
  File "/Users/bulbulator-air/Desktop/giftWinnerBot/venv/lib/python3.11/site-packages/aiogram/dispatcher/router.py", line 156, in _propagate_event
    response = await router.propagate_event(update_type=update_type, event=event, **kwargs)
               ^^^^^^^^^^^^^^^^^^^^^^^^^^^^^^^^^^^^^^^^^^^^^^^^^^^^^^^^^^^^^^^^^^^^^^^^^^^^
  File "/Users/bulbulator-air/Desktop/giftWinnerBot/venv/lib/python3.11/site-packages/aiogram/dispatcher/router.py", line 128, in propagate_event
    return await observer.wrap_outer_middleware(_wrapped, event=event, data=kwargs)
           ^^^^^^^^^^^^^^^^^^^^^^^^^^^^^^^^^^^^^^^^^^^^^^^^^^^^^^^^^^^^^^^^^^^^^^^^
  File "/Users/bulbulator-air/Desktop/giftWinnerBot/venv/lib/python3.11/site-packages/aiogram/dispatcher/router.py", line 123, in _wrapped
    return await self._propagate_event(
           ^^^^^^^^^^^^^^^^^^^^^^^^^^^^
  File "/Users/bulbulator-air/Desktop/giftWinnerBot/venv/lib/python3.11/site-packages/aiogram/dispatcher/router.py", line 148, in _propagate_event
    response = await observer.trigger(event, **kwargs)
               ^^^^^^^^^^^^^^^^^^^^^^^^^^^^^^^^^^^^^^^
  File "/Users/bulbulator-air/Desktop/giftWinnerBot/venv/lib/python3.11/site-packages/aiogram/dispatcher/event/telegram.py", line 121, in trigger
    return await wrapped_inner(event, kwargs)
           ^^^^^^^^^^^^^^^^^^^^^^^^^^^^^^^^^^
  File "/Users/bulbulator-air/Desktop/giftWinnerBot/venv/lib/python3.11/site-packages/aiogram/dispatcher/event/handler.py", line 43, in call
    return await wrapped()
           ^^^^^^^^^^^^^^^
  File "/Users/bulbulator-air/Desktop/giftWinnerBot/src/handlers/post/post_routes.py", line 35, in post_find
    await add_all_new_posts_to_database(message)
          ^^^^^^^^^^^^^^^^^^^^^^^^^^^^^^^^^^^^^^
TypeError: add_all_new_posts_to_database() takes 0 positional arguments but 1 was given
2024-04-04 22:34:43,074 - WARNING - dispatcher.py - 455 - Received SIGINT signal
2024-04-04 22:34:43,077 - INFO - dispatcher.py - 359 - Polling stopped for bot @GiftWinner_bot id=6727463369 - 'Бот участник в розыгрышах'
2024-04-04 22:34:43,077 - INFO - dispatcher.py - 554 - Polling stopped
2024-04-04 22:35:14,297 - INFO - dispatcher.py - 527 - Start polling
2024-04-04 22:35:14,347 - INFO - dispatcher.py - 341 - Run polling for bot @GiftWinner_bot id=6727463369 - 'Бот участник в розыгрышах'
2024-04-04 22:35:15,695 - INFO - dispatcher.py - 172 - Update id=56115963 is handled. Duration 180 ms by bot id=6727463369
2024-04-04 22:35:17,113 - INFO - dispatcher.py - 172 - Update id=56115964 is handled. Duration 105 ms by bot id=6727463369
2024-04-04 22:35:18,083 - INFO - dispatcher.py - 172 - Update id=56115965 is not handled. Duration 72 ms by bot id=6727463369
2024-04-04 22:35:18,083 - ERROR - dispatcher.py - 315 - Cause exception while process update id=56115965 by bot id=6727463369
TypeError: add_all_new_posts_to_database() takes 0 positional arguments but 1 was given
Traceback (most recent call last):
  File "/Users/bulbulator-air/Desktop/giftWinnerBot/venv/lib/python3.11/site-packages/aiogram/dispatcher/dispatcher.py", line 309, in _process_update
    response = await self.feed_update(bot, update, **kwargs)
               ^^^^^^^^^^^^^^^^^^^^^^^^^^^^^^^^^^^^^^^^^^^^^
  File "/Users/bulbulator-air/Desktop/giftWinnerBot/venv/lib/python3.11/site-packages/aiogram/dispatcher/dispatcher.py", line 158, in feed_update
    response = await self.update.wrap_outer_middleware(
               ^^^^^^^^^^^^^^^^^^^^^^^^^^^^^^^^^^^^^^^^
  File "/Users/bulbulator-air/Desktop/giftWinnerBot/venv/lib/python3.11/site-packages/aiogram/dispatcher/middlewares/error.py", line 25, in __call__
    return await handler(event, data)
           ^^^^^^^^^^^^^^^^^^^^^^^^^^
  File "/Users/bulbulator-air/Desktop/giftWinnerBot/venv/lib/python3.11/site-packages/aiogram/dispatcher/middlewares/user_context.py", line 27, in __call__
    return await handler(event, data)
           ^^^^^^^^^^^^^^^^^^^^^^^^^^
  File "/Users/bulbulator-air/Desktop/giftWinnerBot/venv/lib/python3.11/site-packages/aiogram/fsm/middleware.py", line 41, in __call__
    return await handler(event, data)
           ^^^^^^^^^^^^^^^^^^^^^^^^^^
  File "/Users/bulbulator-air/Desktop/giftWinnerBot/venv/lib/python3.11/site-packages/aiogram/dispatcher/event/telegram.py", line 121, in trigger
    return await wrapped_inner(event, kwargs)
           ^^^^^^^^^^^^^^^^^^^^^^^^^^^^^^^^^^
  File "/Users/bulbulator-air/Desktop/giftWinnerBot/venv/lib/python3.11/site-packages/aiogram/dispatcher/event/handler.py", line 43, in call
    return await wrapped()
           ^^^^^^^^^^^^^^^
  File "/Users/bulbulator-air/Desktop/giftWinnerBot/venv/lib/python3.11/site-packages/aiogram/dispatcher/dispatcher.py", line 276, in _listen_update
    return await self.propagate_event(update_type=update_type, event=event, **kwargs)
           ^^^^^^^^^^^^^^^^^^^^^^^^^^^^^^^^^^^^^^^^^^^^^^^^^^^^^^^^^^^^^^^^^^^^^^^^^^
  File "/Users/bulbulator-air/Desktop/giftWinnerBot/venv/lib/python3.11/site-packages/aiogram/dispatcher/router.py", line 128, in propagate_event
    return await observer.wrap_outer_middleware(_wrapped, event=event, data=kwargs)
           ^^^^^^^^^^^^^^^^^^^^^^^^^^^^^^^^^^^^^^^^^^^^^^^^^^^^^^^^^^^^^^^^^^^^^^^^
  File "/Users/bulbulator-air/Desktop/giftWinnerBot/venv/lib/python3.11/site-packages/aiogram/dispatcher/router.py", line 123, in _wrapped
    return await self._propagate_event(
           ^^^^^^^^^^^^^^^^^^^^^^^^^^^^
  File "/Users/bulbulator-air/Desktop/giftWinnerBot/venv/lib/python3.11/site-packages/aiogram/dispatcher/router.py", line 156, in _propagate_event
    response = await router.propagate_event(update_type=update_type, event=event, **kwargs)
               ^^^^^^^^^^^^^^^^^^^^^^^^^^^^^^^^^^^^^^^^^^^^^^^^^^^^^^^^^^^^^^^^^^^^^^^^^^^^
  File "/Users/bulbulator-air/Desktop/giftWinnerBot/venv/lib/python3.11/site-packages/aiogram/dispatcher/router.py", line 128, in propagate_event
    return await observer.wrap_outer_middleware(_wrapped, event=event, data=kwargs)
           ^^^^^^^^^^^^^^^^^^^^^^^^^^^^^^^^^^^^^^^^^^^^^^^^^^^^^^^^^^^^^^^^^^^^^^^^
  File "/Users/bulbulator-air/Desktop/giftWinnerBot/venv/lib/python3.11/site-packages/aiogram/dispatcher/router.py", line 123, in _wrapped
    return await self._propagate_event(
           ^^^^^^^^^^^^^^^^^^^^^^^^^^^^
  File "/Users/bulbulator-air/Desktop/giftWinnerBot/venv/lib/python3.11/site-packages/aiogram/dispatcher/router.py", line 148, in _propagate_event
    response = await observer.trigger(event, **kwargs)
               ^^^^^^^^^^^^^^^^^^^^^^^^^^^^^^^^^^^^^^^
  File "/Users/bulbulator-air/Desktop/giftWinnerBot/venv/lib/python3.11/site-packages/aiogram/dispatcher/event/telegram.py", line 121, in trigger
    return await wrapped_inner(event, kwargs)
           ^^^^^^^^^^^^^^^^^^^^^^^^^^^^^^^^^^
  File "/Users/bulbulator-air/Desktop/giftWinnerBot/venv/lib/python3.11/site-packages/aiogram/dispatcher/event/handler.py", line 43, in call
    return await wrapped()
           ^^^^^^^^^^^^^^^
  File "/Users/bulbulator-air/Desktop/giftWinnerBot/src/handlers/post/post_routes.py", line 35, in post_find
    await add_all_new_posts_to_database(message)
          ^^^^^^^^^^^^^^^^^^^^^^^^^^^^^^^^^^^^^^
TypeError: add_all_new_posts_to_database() takes 0 positional arguments but 1 was given
2024-04-04 22:37:08,922 - WARNING - dispatcher.py - 455 - Received SIGINT signal
2024-04-04 22:37:08,927 - INFO - dispatcher.py - 359 - Polling stopped for bot @GiftWinner_bot id=6727463369 - 'Бот участник в розыгрышах'
2024-04-04 22:37:08,927 - INFO - dispatcher.py - 554 - Polling stopped
2024-04-04 22:37:12,116 - INFO - dispatcher.py - 527 - Start polling
2024-04-04 22:37:12,167 - INFO - dispatcher.py - 341 - Run polling for bot @GiftWinner_bot id=6727463369 - 'Бот участник в розыгрышах'
2024-04-04 22:37:13,514 - INFO - dispatcher.py - 172 - Update id=56115966 is handled. Duration 200 ms by bot id=6727463369
2024-04-04 22:37:15,202 - INFO - dispatcher.py - 172 - Update id=56115967 is handled. Duration 245 ms by bot id=6727463369
2024-04-04 22:37:20,466 - INFO - dispatcher.py - 172 - Update id=56115968 is handled. Duration 4673 ms by bot id=6727463369
2024-04-04 22:37:50,166 - INFO - vk_api.py - 172 - Auth with login: 79162664344
2024-04-04 22:37:50,167 - INFO - vk_api.py - 431 - Checking remixsid...
2024-04-04 22:37:50,167 - INFO - vk_api.py - 434 - No remixsid
2024-04-04 22:37:50,167 - INFO - vk_api.py - 202 - remixsid from config is not valid: None
2024-04-04 22:37:50,167 - INFO - vk_api.py - 242 - Logging in...
2024-04-04 22:37:50,608 - INFO - vk_api.py - 323 - Got remixsid
2024-04-04 22:37:50,615 - INFO - vk_api.py - 389 - Checking security check request
2024-04-04 22:37:50,615 - INFO - vk_api.py - 395 - Security check is not required
2024-04-04 22:37:50,615 - INFO - vk_api.py - 209 - access_token from config is not valid: None
2024-04-04 22:37:50,817 - INFO - vk_api.py - 543 - Got access_token
2024-04-04 22:38:50,822 - INFO - services.py - 69 - аккаунт Ангелина Базина комментирует запись wall-188254113_79451
2024-04-04 22:38:53,397 - INFO - services.py - 77 - аккаунт Ангелина Базина репостит запись wall-188254113_79451
2024-04-04 22:38:55,850 - INFO - services.py - 83 - аккаунт Ангелина Базина вступает в группу поста wall-188254113_79451
2024-04-04 22:38:55,911 - ERROR - services.py - 93 - Ошибка при работе с постом wall-188254113_79451:
[15] Access denied: you are already in this community
2024-04-04 22:38:55,911 - INFO - services.py - 96 - ----------КОНЕЦ-РЕПОСТА----------
2024-04-04 22:39:55,910 - INFO - services.py - 69 - аккаунт Ангелина Базина комментирует запись wall-211989431_109747
2024-04-04 22:39:58,220 - INFO - services.py - 77 - аккаунт Ангелина Базина репостит запись wall-211989431_109747
2024-04-04 22:40:00,494 - INFO - services.py - 83 - аккаунт Ангелина Базина вступает в группу поста wall-211989431_109747
2024-04-04 22:40:00,809 - INFO - services.py - 96 - ----------КОНЕЦ-РЕПОСТА----------
2024-04-04 22:41:00,812 - INFO - services.py - 69 - аккаунт Ангелина Базина комментирует запись wall-37997738_31727
2024-04-04 22:41:03,239 - INFO - services.py - 77 - аккаунт Ангелина Базина репостит запись wall-37997738_31727
2024-04-04 22:41:05,800 - INFO - services.py - 83 - аккаунт Ангелина Базина вступает в группу поста wall-37997738_31727
2024-04-04 22:41:05,848 - ERROR - services.py - 93 - Ошибка при работе с постом wall-37997738_31727:
[15] Access denied: you are already in this community
2024-04-04 22:41:05,849 - INFO - services.py - 96 - ----------КОНЕЦ-РЕПОСТА----------
2024-04-04 22:42:05,852 - INFO - services.py - 69 - аккаунт Ангелина Базина комментирует запись wall-211198026_23701
2024-04-04 22:42:08,272 - INFO - services.py - 77 - аккаунт Ангелина Базина репостит запись wall-211198026_23701
2024-04-04 22:42:10,829 - INFO - services.py - 83 - аккаунт Ангелина Базина вступает в группу поста wall-211198026_23701
2024-04-04 22:42:11,063 - INFO - services.py - 96 - ----------КОНЕЦ-РЕПОСТА----------
2024-04-04 22:43:11,066 - INFO - services.py - 69 - аккаунт Ангелина Базина комментирует запись wall-71420510_18094
2024-04-04 22:43:13,345 - INFO - services.py - 77 - аккаунт Ангелина Базина репостит запись wall-71420510_18094
2024-04-04 22:43:15,690 - INFO - services.py - 83 - аккаунт Ангелина Базина вступает в группу поста wall-71420510_18094
2024-04-04 22:43:16,063 - INFO - services.py - 96 - ----------КОНЕЦ-РЕПОСТА----------
2024-04-04 22:44:16,036 - INFO - services.py - 69 - аккаунт Ангелина Базина комментирует запись wall-184817133_575744
2024-04-04 22:44:18,547 - INFO - services.py - 77 - аккаунт Ангелина Базина репостит запись wall-184817133_575744
2024-04-04 22:44:21,165 - INFO - services.py - 83 - аккаунт Ангелина Базина вступает в группу поста wall-184817133_575744
2024-04-04 22:44:21,344 - INFO - services.py - 96 - ----------КОНЕЦ-РЕПОСТА----------
2024-04-04 22:44:21,346 - INFO - vk_api.py - 172 - Auth with login: 79998773625
2024-04-04 22:44:21,346 - INFO - vk_api.py - 431 - Checking remixsid...
2024-04-04 22:44:21,346 - INFO - vk_api.py - 434 - No remixsid
2024-04-04 22:44:21,346 - INFO - vk_api.py - 202 - remixsid from config is not valid: None
2024-04-04 22:44:21,347 - INFO - vk_api.py - 242 - Logging in...
2024-04-04 22:44:21,652 - INFO - vk_api.py - 295 - Captcha code is required
2024-04-04 22:44:21,653 - INFO - vk_api.py - 172 - Auth with login: 79998773625
2024-04-04 22:44:21,653 - INFO - vk_api.py - 431 - Checking remixsid...
2024-04-04 22:44:21,653 - INFO - vk_api.py - 434 - No remixsid
2024-04-04 22:44:21,653 - INFO - vk_api.py - 202 - remixsid from config is not valid: None
2024-04-04 22:44:21,653 - INFO - vk_api.py - 242 - Logging in...
2024-04-04 22:44:22,550 - INFO - vk_api.py - 295 - Captcha code is required
2024-04-04 22:44:22,551 - ERROR - services.py - 57 - Ошибка при входе в аккаунт 79998773625 --- 
Captcha needed
2024-04-04 22:44:22,552 - INFO - vk_api.py - 172 - Auth with login: 79893436905
2024-04-04 22:44:22,552 - INFO - vk_api.py - 431 - Checking remixsid...
2024-04-04 22:44:22,761 - INFO - vk_api.py - 444 - remixsid is valid
2024-04-04 22:44:22,762 - INFO - vk_api.py - 389 - Checking security check request
2024-04-04 22:44:23,249 - INFO - vk_api.py - 395 - Security check is not required
2024-04-04 22:44:23,325 - INFO - vk_api.py - 209 - access_token from config is not valid: {'access_token': 'vk1.a.6JdLqYqu2WcGha20vFre0N41i0KnKphxZPWd4DSQHEFsHxyiFQKbYdgz0aUlKDgOAa82Rfhb2mPUa0zYkqYgQYzu_ZuHGvPHpolb17qJXdJ8Ii9H8S9lvIZEIP61n-E-iOvSRKD6FNnTmb8eTHu7XO1cX88alOTNVgdz8EvBmFVGw7gnjYX6wzvK17P1EbNcQ014SyfEyXurGKWTSDTbjg', 'expires_in': '86400', 'user_id': '854794974'}
2024-04-04 22:44:23,503 - INFO - vk_api.py - 543 - Got access_token
2024-04-04 22:45:23,511 - INFO - services.py - 69 - аккаунт Ирина Третьякова комментирует запись wall-188254113_79451
2024-04-04 22:45:25,777 - INFO - services.py - 77 - аккаунт Ирина Третьякова репостит запись wall-188254113_79451
2024-04-04 22:45:28,282 - INFO - services.py - 83 - аккаунт Ирина Третьякова вступает в группу поста wall-188254113_79451
2024-04-04 22:45:28,482 - INFO - services.py - 96 - ----------КОНЕЦ-РЕПОСТА----------
2024-04-04 22:46:28,485 - INFO - services.py - 69 - аккаунт Ирина Третьякова комментирует запись wall-211989431_109747
2024-04-04 22:46:30,796 - INFO - services.py - 77 - аккаунт Ирина Третьякова репостит запись wall-211989431_109747
2024-04-04 22:46:33,245 - INFO - services.py - 83 - аккаунт Ирина Третьякова вступает в группу поста wall-211989431_109747
2024-04-04 22:46:33,485 - INFO - services.py - 96 - ----------КОНЕЦ-РЕПОСТА----------
2024-04-04 22:47:33,493 - INFO - services.py - 69 - аккаунт Ирина Третьякова комментирует запись wall-37997738_31727
2024-04-04 22:47:35,791 - INFO - services.py - 77 - аккаунт Ирина Третьякова репостит запись wall-37997738_31727
2024-04-04 22:47:38,301 - INFO - services.py - 83 - аккаунт Ирина Третьякова вступает в группу поста wall-37997738_31727
2024-04-04 22:47:38,504 - INFO - services.py - 96 - ----------КОНЕЦ-РЕПОСТА----------
2024-04-04 22:48:38,503 - INFO - services.py - 69 - аккаунт Ирина Третьякова комментирует запись wall-211198026_23701
2024-04-04 22:48:40,771 - INFO - services.py - 77 - аккаунт Ирина Третьякова репостит запись wall-211198026_23701
2024-04-04 22:48:43,192 - INFO - services.py - 83 - аккаунт Ирина Третьякова вступает в группу поста wall-211198026_23701
2024-04-04 22:48:43,471 - INFO - services.py - 96 - ----------КОНЕЦ-РЕПОСТА----------
2024-04-04 22:49:43,474 - INFO - services.py - 69 - аккаунт Ирина Третьякова комментирует запись wall-71420510_18094
2024-04-04 22:49:45,715 - INFO - services.py - 77 - аккаунт Ирина Третьякова репостит запись wall-71420510_18094
2024-04-04 22:49:47,983 - INFO - services.py - 83 - аккаунт Ирина Третьякова вступает в группу поста wall-71420510_18094
2024-04-04 22:49:48,181 - INFO - services.py - 96 - ----------КОНЕЦ-РЕПОСТА----------
2024-04-04 22:50:48,189 - INFO - services.py - 69 - аккаунт Ирина Третьякова комментирует запись wall-184817133_575744
2024-04-04 22:50:50,551 - INFO - services.py - 77 - аккаунт Ирина Третьякова репостит запись wall-184817133_575744
2024-04-04 22:50:52,933 - INFO - services.py - 83 - аккаунт Ирина Третьякова вступает в группу поста wall-184817133_575744
2024-04-04 22:50:52,986 - ERROR - services.py - 93 - Ошибка при работе с постом wall-184817133_575744:
[15] Access denied: you are already in this community
2024-04-04 22:50:52,987 - INFO - services.py - 96 - ----------КОНЕЦ-РЕПОСТА----------
2024-04-04 22:50:53,192 - ERROR - dispatcher.py - 219 - Failed to fetch updates - TelegramNetworkError: HTTP Client says - Request timeout error
2024-04-04 22:50:53,192 - WARNING - dispatcher.py - 221 - Sleep for 1.000000 seconds and try again... (tryings = 0, bot id = 6727463369)
2024-04-04 22:50:53,374 - INFO - dispatcher.py - 172 - Update id=56115969 is handled. Duration 783582 ms by bot id=6727463369
2024-04-04 22:51:04,336 - INFO - dispatcher.py - 233 - Connection established (tryings = 1, bot id = 6727463369)
2024-04-05 11:35:39,467 - ERROR - signal.py - 280 - Signal handler <function setup_periodic_tasks at 0x1059b9260> raised: NameError("name 'repost' is not defined")
Traceback (most recent call last):
  File "/Users/bulbulator-air/Desktop/giftWinnerBot/venv/lib/python3.11/site-packages/celery/utils/dispatch/signal.py", line 276, in send
    response = receiver(signal=self, sender=sender, **named)
               ^^^^^^^^^^^^^^^^^^^^^^^^^^^^^^^^^^^^^^^^^^^^^
  File "/Users/bulbulator-air/Desktop/giftWinnerBot/src/tasks/celery.py", line 17, in setup_periodic_tasks
    sender.add_periodic_task(60.0, repost.s(), name='Run every second')
                                   ^^^^^^
NameError: name 'repost' is not defined
2024-04-05 12:19:02,127 - ERROR - signal.py - 280 - Signal handler <function setup_periodic_tasks at 0x103ba5d00> raised: AttributeError("'function' object has no attribute 's'")
Traceback (most recent call last):
  File "/Users/bulbulator-air/Desktop/giftWinnerBot/venv/lib/python3.11/site-packages/celery/utils/dispatch/signal.py", line 276, in send
    response = receiver(signal=self, sender=sender, **named)
               ^^^^^^^^^^^^^^^^^^^^^^^^^^^^^^^^^^^^^^^^^^^^^
  File "/Users/bulbulator-air/Desktop/giftWinnerBot/src/tasks/celery.py", line 17, in setup_periodic_tasks
    sender.add_periodic_task(60.0, repost.s(), name='Run every second')
                                   ^^^^^^^^
AttributeError: 'function' object has no attribute 's'
2024-04-05 12:20:01,539 - ERROR - signal.py - 280 - Signal handler <function setup_periodic_tasks at 0x103d69d00> raised: AttributeError("'function' object has no attribute 's'")
Traceback (most recent call last):
  File "/Users/bulbulator-air/Desktop/giftWinnerBot/venv/lib/python3.11/site-packages/celery/utils/dispatch/signal.py", line 276, in send
    response = receiver(signal=self, sender=sender, **named)
               ^^^^^^^^^^^^^^^^^^^^^^^^^^^^^^^^^^^^^^^^^^^^^
  File "/Users/bulbulator-air/Desktop/giftWinnerBot/src/tasks/celery.py", line 17, in setup_periodic_tasks
    sender.add_periodic_task(60.0, repost.s(), name='Run every second')
                                   ^^^^^^^^
AttributeError: 'function' object has no attribute 's'
2024-04-05 12:20:18,278 - WARNING - connection.py - 669 - No hostname was supplied. Reverting to default 'localhost'
2024-04-05 12:22:16,637 - WARNING - connection.py - 669 - No hostname was supplied. Reverting to default 'localhost'
2024-04-05 12:22:45,067 - WARNING - connection.py - 669 - No hostname was supplied. Reverting to default 'localhost'
2024-04-05 12:24:12,799 - WARNING - connection.py - 669 - No hostname was supplied. Reverting to default 'localhost'
2024-04-05 12:25:23,624 - WARNING - connection.py - 669 - No hostname was supplied. Reverting to default 'localhost'
2024-04-05 12:32:22,606 - WARNING - connection.py - 669 - No hostname was supplied. Reverting to default 'localhost'
2024-04-05 12:35:04,317 - WARNING - connection.py - 669 - No hostname was supplied. Reverting to default 'localhost'
2024-04-05 12:38:34,319 - WARNING - connection.py - 669 - No hostname was supplied. Reverting to default 'localhost'
2024-04-24 11:42:53,350 - INFO - dispatcher.py - 527 - Start polling
2024-04-24 11:42:53,398 - INFO - dispatcher.py - 341 - Run polling for bot @testoooooooooooo_bot id=7090078691 - 'Тестовый бот'
2024-04-24 11:44:49,809 - INFO - dispatcher.py - 172 - Update id=588933753 is handled. Duration 377 ms by bot id=7090078691
2024-04-24 11:44:51,942 - INFO - dispatcher.py - 172 - Update id=588933754 is handled. Duration 87 ms by bot id=7090078691
2024-04-24 11:44:54,025 - INFO - dispatcher.py - 172 - Update id=588933755 is handled. Duration 93 ms by bot id=7090078691
2024-04-24 11:44:57,442 - INFO - dispatcher.py - 172 - Update id=588933756 is handled. Duration 88 ms by bot id=7090078691
2024-04-24 11:45:02,616 - INFO - dispatcher.py - 172 - Update id=588933757 is handled. Duration 397 ms by bot id=7090078691
2024-04-24 11:48:22,837 - INFO - dispatcher.py - 172 - Update id=588933758 is handled. Duration 220 ms by bot id=7090078691
2024-04-24 11:48:24,894 - INFO - dispatcher.py - 172 - Update id=588933759 is handled. Duration 185 ms by bot id=7090078691
2024-04-24 11:48:32,266 - INFO - dispatcher.py - 172 - Update id=588933760 is handled. Duration 144 ms by bot id=7090078691
2024-04-24 11:48:33,833 - INFO - dispatcher.py - 172 - Update id=588933761 is handled. Duration 196 ms by bot id=7090078691
2024-04-24 11:48:35,785 - INFO - dispatcher.py - 172 - Update id=588933762 is handled. Duration 344 ms by bot id=7090078691
2024-04-24 11:48:37,431 - INFO - dispatcher.py - 172 - Update id=588933763 is handled. Duration 91 ms by bot id=7090078691
2024-04-24 11:51:00,868 - INFO - dispatcher.py - 172 - Update id=588933764 is handled. Duration 273 ms by bot id=7090078691
2024-04-24 11:51:12,269 - INFO - dispatcher.py - 172 - Update id=588933765 is handled. Duration 117 ms by bot id=7090078691
2024-04-24 11:51:19,099 - INFO - dispatcher.py - 172 - Update id=588933766 is handled. Duration 107 ms by bot id=7090078691
2024-04-24 11:51:20,251 - INFO - dispatcher.py - 172 - Update id=588933767 is handled. Duration 109 ms by bot id=7090078691
2024-04-24 11:51:47,215 - INFO - dispatcher.py - 172 - Update id=588933768 is handled. Duration 211 ms by bot id=7090078691
2024-04-24 11:51:52,029 - INFO - dispatcher.py - 172 - Update id=588933769 is handled. Duration 140 ms by bot id=7090078691
2024-04-24 11:51:54,271 - INFO - dispatcher.py - 172 - Update id=588933770 is handled. Duration 124 ms by bot id=7090078691
2024-04-24 11:52:03,725 - INFO - dispatcher.py - 172 - Update id=588933771 is handled. Duration 72 ms by bot id=7090078691
2024-04-24 11:52:08,551 - INFO - dispatcher.py - 172 - Update id=588933772 is handled. Duration 112 ms by bot id=7090078691
2024-04-24 11:52:09,312 - INFO - dispatcher.py - 172 - Update id=588933773 is handled. Duration 109 ms by bot id=7090078691
2024-04-24 11:52:10,513 - INFO - dispatcher.py - 172 - Update id=588933774 is handled. Duration 118 ms by bot id=7090078691
2024-04-24 11:52:12,091 - INFO - dispatcher.py - 172 - Update id=588933775 is handled. Duration 221 ms by bot id=7090078691
2024-04-24 11:52:18,984 - INFO - dispatcher.py - 172 - Update id=588933776 is handled. Duration 5766 ms by bot id=7090078691
2024-04-24 11:52:24,214 - INFO - dispatcher.py - 172 - Update id=588933777 is handled. Duration 133 ms by bot id=7090078691
2024-04-24 11:52:50,006 - WARNING - dispatcher.py - 455 - Received SIGINT signal
2024-04-24 11:52:50,008 - INFO - dispatcher.py - 359 - Polling stopped for bot @testoooooooooooo_bot id=7090078691 - 'Тестовый бот'
2024-04-24 11:52:50,008 - INFO - dispatcher.py - 554 - Polling stopped
2024-05-04 22:10:48,201 - INFO - dispatcher.py - 527 - Start polling
2024-05-04 22:10:48,249 - INFO - dispatcher.py - 341 - Run polling for bot @testoooooooooooo_bot id=7090078691 - 'Тестовый бот'
2024-05-04 22:11:27,492 - ERROR - permissions.py - 14 - Пользователь с id 723054122 не авторизован!
2024-05-04 22:11:27,784 - INFO - dispatcher.py - 172 - Update id=588933778 is handled. Duration 297 ms by bot id=7090078691
2024-05-04 22:11:33,658 - INFO - dispatcher.py - 172 - Update id=588933779 is handled. Duration 177 ms by bot id=7090078691
2024-05-04 22:11:40,670 - INFO - dispatcher.py - 172 - Update id=588933780 is handled. Duration 145 ms by bot id=7090078691
2024-05-04 22:12:06,717 - INFO - dispatcher.py - 172 - Update id=588933781 is handled. Duration 347 ms by bot id=7090078691
2024-05-04 22:12:12,140 - INFO - dispatcher.py - 172 - Update id=588933782 is handled. Duration 89 ms by bot id=7090078691
2024-05-04 22:12:13,770 - INFO - dispatcher.py - 172 - Update id=588933783 is handled. Duration 71 ms by bot id=7090078691
2024-05-04 22:12:14,789 - INFO - dispatcher.py - 172 - Update id=588933784 is handled. Duration 86 ms by bot id=7090078691
2024-05-04 22:12:39,849 - INFO - dispatcher.py - 172 - Update id=588933785 is handled. Duration 253 ms by bot id=7090078691
2024-05-04 22:13:40,375 - INFO - dispatcher.py - 172 - Update id=588933786 is handled. Duration 272 ms by bot id=7090078691
2024-05-04 22:13:58,679 - INFO - dispatcher.py - 172 - Update id=588933787 is handled. Duration 204 ms by bot id=7090078691
2024-05-04 22:14:08,622 - INFO - dispatcher.py - 172 - Update id=588933788 is handled. Duration 283 ms by bot id=7090078691
2024-05-04 22:14:12,881 - INFO - dispatcher.py - 172 - Update id=588933789 is handled. Duration 170 ms by bot id=7090078691
2024-05-04 22:14:15,483 - INFO - dispatcher.py - 172 - Update id=588933790 is handled. Duration 208 ms by bot id=7090078691
2024-05-04 22:14:22,245 - INFO - dispatcher.py - 172 - Update id=588933791 is handled. Duration 158 ms by bot id=7090078691
2024-05-04 22:14:25,818 - INFO - dispatcher.py - 172 - Update id=588933792 is handled. Duration 169 ms by bot id=7090078691
2024-05-04 22:14:30,792 - INFO - dispatcher.py - 172 - Update id=588933793 is handled. Duration 516 ms by bot id=7090078691
2024-05-04 22:14:43,929 - INFO - dispatcher.py - 172 - Update id=588933794 is handled. Duration 75 ms by bot id=7090078691
2024-05-04 22:15:25,070 - INFO - dispatcher.py - 172 - Update id=588933795 is handled. Duration 335 ms by bot id=7090078691
2024-05-04 22:15:27,249 - INFO - dispatcher.py - 172 - Update id=588933796 is handled. Duration 202 ms by bot id=7090078691
2024-05-04 22:15:32,853 - INFO - dispatcher.py - 172 - Update id=588933797 is handled. Duration 467 ms by bot id=7090078691
2024-05-04 22:15:33,968 - INFO - dispatcher.py - 172 - Update id=588933798 is handled. Duration 167 ms by bot id=7090078691
2024-05-04 22:15:36,223 - INFO - dispatcher.py - 172 - Update id=588933799 is handled. Duration 106 ms by bot id=7090078691
2024-05-04 22:15:41,397 - INFO - dispatcher.py - 172 - Update id=588933800 is handled. Duration 92 ms by bot id=7090078691
2024-05-04 22:15:42,399 - INFO - dispatcher.py - 172 - Update id=588933801 is handled. Duration 225 ms by bot id=7090078691
2024-05-04 22:16:28,588 - WARNING - dispatcher.py - 455 - Received SIGINT signal
2024-05-04 22:16:28,590 - INFO - dispatcher.py - 359 - Polling stopped for bot @testoooooooooooo_bot id=7090078691 - 'Тестовый бот'
2024-05-04 22:16:28,591 - INFO - dispatcher.py - 554 - Polling stopped
2024-05-04 22:16:31,368 - INFO - dispatcher.py - 527 - Start polling
2024-05-04 22:16:31,466 - INFO - dispatcher.py - 341 - Run polling for bot @testoooooooooooo_bot id=7090078691 - 'Тестовый бот'
2024-05-04 22:16:35,179 - INFO - dispatcher.py - 172 - Update id=588933802 is handled. Duration 729 ms by bot id=7090078691
2024-05-04 22:36:24,313 - WARNING - dispatcher.py - 455 - Received SIGINT signal
2024-05-04 22:36:24,315 - INFO - dispatcher.py - 359 - Polling stopped for bot @testoooooooooooo_bot id=7090078691 - 'Тестовый бот'
2024-05-04 22:36:24,315 - INFO - dispatcher.py - 554 - Polling stopped
2024-05-04 22:36:41,401 - INFO - dispatcher.py - 527 - Start polling
2024-05-04 22:36:41,447 - INFO - dispatcher.py - 341 - Run polling for bot @testoooooooooooo_bot id=7090078691 - 'Тестовый бот'
2024-05-04 22:36:45,656 - INFO - dispatcher.py - 172 - Update id=588933803 is handled. Duration 611 ms by bot id=7090078691
2024-05-04 22:37:31,296 - WARNING - dispatcher.py - 455 - Received SIGINT signal
2024-05-04 22:37:31,297 - INFO - dispatcher.py - 359 - Polling stopped for bot @testoooooooooooo_bot id=7090078691 - 'Тестовый бот'
2024-05-04 22:37:31,298 - INFO - dispatcher.py - 554 - Polling stopped
2024-05-04 22:37:34,095 - INFO - dispatcher.py - 527 - Start polling
2024-05-04 22:37:34,150 - INFO - dispatcher.py - 341 - Run polling for bot @testoooooooooooo_bot id=7090078691 - 'Тестовый бот'
2024-05-04 22:37:35,941 - INFO - dispatcher.py - 172 - Update id=588933804 is handled. Duration 668 ms by bot id=7090078691
2024-05-04 23:04:41,644 - WARNING - dispatcher.py - 455 - Received SIGINT signal
2024-05-04 23:04:41,647 - INFO - dispatcher.py - 359 - Polling stopped for bot @testoooooooooooo_bot id=7090078691 - 'Тестовый бот'
2024-05-04 23:04:41,647 - INFO - dispatcher.py - 554 - Polling stopped
2024-05-04 23:04:41,833 - WARNING - dispatcher.py - 455 - Received SIGINT signal
2024-05-04 23:06:20,923 - INFO - dispatcher.py - 527 - Start polling
2024-05-04 23:06:20,972 - INFO - dispatcher.py - 341 - Run polling for bot @testoooooooooooo_bot id=7090078691 - 'Тестовый бот'
2024-05-04 23:06:23,470 - INFO - dispatcher.py - 172 - Update id=588933805 is not handled. Duration 417 ms by bot id=7090078691
2024-05-04 23:06:23,470 - ERROR - dispatcher.py - 315 - Cause exception while process update id=588933805 by bot id=7090078691
TypeError: list indices must be integers or slices, not str
Traceback (most recent call last):
  File "/Users/kamamber/Desktop/giftWinnerBot/venv/lib/python3.9/site-packages/aiogram/dispatcher/dispatcher.py", line 309, in _process_update
    response = await self.feed_update(bot, update, **kwargs)
  File "/Users/kamamber/Desktop/giftWinnerBot/venv/lib/python3.9/site-packages/aiogram/dispatcher/dispatcher.py", line 158, in feed_update
    response = await self.update.wrap_outer_middleware(
  File "/Users/kamamber/Desktop/giftWinnerBot/venv/lib/python3.9/site-packages/aiogram/dispatcher/middlewares/error.py", line 25, in __call__
    return await handler(event, data)
  File "/Users/kamamber/Desktop/giftWinnerBot/venv/lib/python3.9/site-packages/aiogram/dispatcher/middlewares/user_context.py", line 27, in __call__
    return await handler(event, data)
  File "/Users/kamamber/Desktop/giftWinnerBot/venv/lib/python3.9/site-packages/aiogram/fsm/middleware.py", line 41, in __call__
    return await handler(event, data)
  File "/Users/kamamber/Desktop/giftWinnerBot/venv/lib/python3.9/site-packages/aiogram/dispatcher/event/telegram.py", line 121, in trigger
    return await wrapped_inner(event, kwargs)
  File "/Users/kamamber/Desktop/giftWinnerBot/venv/lib/python3.9/site-packages/aiogram/dispatcher/event/handler.py", line 43, in call
    return await wrapped()
  File "/Users/kamamber/Desktop/giftWinnerBot/venv/lib/python3.9/site-packages/aiogram/dispatcher/dispatcher.py", line 276, in _listen_update
    return await self.propagate_event(update_type=update_type, event=event, **kwargs)
  File "/Users/kamamber/Desktop/giftWinnerBot/venv/lib/python3.9/site-packages/aiogram/dispatcher/router.py", line 128, in propagate_event
    return await observer.wrap_outer_middleware(_wrapped, event=event, data=kwargs)
  File "/Users/kamamber/Desktop/giftWinnerBot/venv/lib/python3.9/site-packages/aiogram/dispatcher/router.py", line 123, in _wrapped
    return await self._propagate_event(
  File "/Users/kamamber/Desktop/giftWinnerBot/venv/lib/python3.9/site-packages/aiogram/dispatcher/router.py", line 156, in _propagate_event
    response = await router.propagate_event(update_type=update_type, event=event, **kwargs)
  File "/Users/kamamber/Desktop/giftWinnerBot/venv/lib/python3.9/site-packages/aiogram/dispatcher/router.py", line 128, in propagate_event
    return await observer.wrap_outer_middleware(_wrapped, event=event, data=kwargs)
  File "/Users/kamamber/Desktop/giftWinnerBot/venv/lib/python3.9/site-packages/aiogram/dispatcher/router.py", line 123, in _wrapped
    return await self._propagate_event(
  File "/Users/kamamber/Desktop/giftWinnerBot/venv/lib/python3.9/site-packages/aiogram/dispatcher/router.py", line 148, in _propagate_event
    response = await observer.trigger(event, **kwargs)
  File "/Users/kamamber/Desktop/giftWinnerBot/venv/lib/python3.9/site-packages/aiogram/dispatcher/event/telegram.py", line 121, in trigger
    return await wrapped_inner(event, kwargs)
  File "/Users/kamamber/Desktop/giftWinnerBot/venv/lib/python3.9/site-packages/aiogram/dispatcher/event/handler.py", line 43, in call
    return await wrapped()
  File "/Users/kamamber/Desktop/giftWinnerBot/src/handlers/post/post_routes.py", line 35, in post_find
    await add_all_new_posts_to_database()
  File "/Users/kamamber/Desktop/giftWinnerBot/src/services/services.py", line 18, in add_all_new_posts_to_database
    posts = await get_posts_from_tracked_accounts()
  File "/Users/kamamber/Desktop/giftWinnerBot/src/services/utils.py", line 22, in get_posts_from_tracked_accounts
    if is_a_new_post(post, account['last_scan_data']):
  File "/Users/kamamber/Desktop/giftWinnerBot/src/services/utils.py", line 47, in is_a_new_post
    if last_scan_data.timestamp() < post['date']:
TypeError: list indices must be integers or slices, not str
2024-05-04 23:07:05,173 - WARNING - dispatcher.py - 455 - Received SIGINT signal
2024-05-04 23:07:05,175 - INFO - dispatcher.py - 359 - Polling stopped for bot @testoooooooooooo_bot id=7090078691 - 'Тестовый бот'
2024-05-04 23:07:05,175 - INFO - dispatcher.py - 554 - Polling stopped
2024-05-04 23:10:56,293 - INFO - dispatcher.py - 527 - Start polling
2024-05-04 23:10:56,341 - INFO - dispatcher.py - 341 - Run polling for bot @testoooooooooooo_bot id=7090078691 - 'Тестовый бот'
2024-05-04 23:11:00,140 - INFO - dispatcher.py - 172 - Update id=588933806 is handled. Duration 249 ms by bot id=7090078691
2024-05-04 23:11:03,934 - INFO - dispatcher.py - 172 - Update id=588933807 is handled. Duration 128 ms by bot id=7090078691
2024-05-04 23:11:05,153 - INFO - dispatcher.py - 172 - Update id=588933808 is not handled. Duration 292 ms by bot id=7090078691
2024-05-04 23:11:05,153 - ERROR - dispatcher.py - 315 - Cause exception while process update id=588933808 by bot id=7090078691
TypeError: list indices must be integers or slices, not str
Traceback (most recent call last):
  File "/Users/kamamber/Desktop/giftWinnerBot/venv/lib/python3.9/site-packages/aiogram/dispatcher/dispatcher.py", line 309, in _process_update
    response = await self.feed_update(bot, update, **kwargs)
  File "/Users/kamamber/Desktop/giftWinnerBot/venv/lib/python3.9/site-packages/aiogram/dispatcher/dispatcher.py", line 158, in feed_update
    response = await self.update.wrap_outer_middleware(
  File "/Users/kamamber/Desktop/giftWinnerBot/venv/lib/python3.9/site-packages/aiogram/dispatcher/middlewares/error.py", line 25, in __call__
    return await handler(event, data)
  File "/Users/kamamber/Desktop/giftWinnerBot/venv/lib/python3.9/site-packages/aiogram/dispatcher/middlewares/user_context.py", line 27, in __call__
    return await handler(event, data)
  File "/Users/kamamber/Desktop/giftWinnerBot/venv/lib/python3.9/site-packages/aiogram/fsm/middleware.py", line 41, in __call__
    return await handler(event, data)
  File "/Users/kamamber/Desktop/giftWinnerBot/venv/lib/python3.9/site-packages/aiogram/dispatcher/event/telegram.py", line 121, in trigger
    return await wrapped_inner(event, kwargs)
  File "/Users/kamamber/Desktop/giftWinnerBot/venv/lib/python3.9/site-packages/aiogram/dispatcher/event/handler.py", line 43, in call
    return await wrapped()
  File "/Users/kamamber/Desktop/giftWinnerBot/venv/lib/python3.9/site-packages/aiogram/dispatcher/dispatcher.py", line 276, in _listen_update
    return await self.propagate_event(update_type=update_type, event=event, **kwargs)
  File "/Users/kamamber/Desktop/giftWinnerBot/venv/lib/python3.9/site-packages/aiogram/dispatcher/router.py", line 128, in propagate_event
    return await observer.wrap_outer_middleware(_wrapped, event=event, data=kwargs)
  File "/Users/kamamber/Desktop/giftWinnerBot/venv/lib/python3.9/site-packages/aiogram/dispatcher/router.py", line 123, in _wrapped
    return await self._propagate_event(
  File "/Users/kamamber/Desktop/giftWinnerBot/venv/lib/python3.9/site-packages/aiogram/dispatcher/router.py", line 156, in _propagate_event
    response = await router.propagate_event(update_type=update_type, event=event, **kwargs)
  File "/Users/kamamber/Desktop/giftWinnerBot/venv/lib/python3.9/site-packages/aiogram/dispatcher/router.py", line 128, in propagate_event
    return await observer.wrap_outer_middleware(_wrapped, event=event, data=kwargs)
  File "/Users/kamamber/Desktop/giftWinnerBot/venv/lib/python3.9/site-packages/aiogram/dispatcher/router.py", line 123, in _wrapped
    return await self._propagate_event(
  File "/Users/kamamber/Desktop/giftWinnerBot/venv/lib/python3.9/site-packages/aiogram/dispatcher/router.py", line 148, in _propagate_event
    response = await observer.trigger(event, **kwargs)
  File "/Users/kamamber/Desktop/giftWinnerBot/venv/lib/python3.9/site-packages/aiogram/dispatcher/event/telegram.py", line 121, in trigger
    return await wrapped_inner(event, kwargs)
  File "/Users/kamamber/Desktop/giftWinnerBot/venv/lib/python3.9/site-packages/aiogram/dispatcher/event/handler.py", line 43, in call
    return await wrapped()
  File "/Users/kamamber/Desktop/giftWinnerBot/src/handlers/post/post_routes.py", line 35, in post_find
    await add_all_new_posts_to_database()
  File "/Users/kamamber/Desktop/giftWinnerBot/src/services/services.py", line 18, in add_all_new_posts_to_database
    posts = await get_posts_from_tracked_accounts()
  File "/Users/kamamber/Desktop/giftWinnerBot/src/services/utils.py", line 22, in get_posts_from_tracked_accounts
    if is_a_new_post(post, account['last_scan_data']):
  File "/Users/kamamber/Desktop/giftWinnerBot/src/services/utils.py", line 46, in is_a_new_post
    if last_scan_data.timestamp() < post['date']:
TypeError: list indices must be integers or slices, not str
2024-05-04 23:12:51,223 - WARNING - dispatcher.py - 455 - Received SIGINT signal
2024-05-04 23:12:51,224 - INFO - dispatcher.py - 359 - Polling stopped for bot @testoooooooooooo_bot id=7090078691 - 'Тестовый бот'
2024-05-04 23:12:51,224 - INFO - dispatcher.py - 554 - Polling stopped
2024-05-04 23:12:53,755 - INFO - dispatcher.py - 527 - Start polling
2024-05-04 23:12:53,803 - INFO - dispatcher.py - 341 - Run polling for bot @testoooooooooooo_bot id=7090078691 - 'Тестовый бот'
2024-05-04 23:12:55,935 - INFO - dispatcher.py - 172 - Update id=588933809 is handled. Duration 247 ms by bot id=7090078691
2024-05-04 23:12:56,729 - INFO - dispatcher.py - 172 - Update id=588933810 is handled. Duration 84 ms by bot id=7090078691
2024-05-04 23:12:57,802 - INFO - dispatcher.py - 172 - Update id=588933811 is not handled. Duration 358 ms by bot id=7090078691
2024-05-04 23:12:57,802 - ERROR - dispatcher.py - 315 - Cause exception while process update id=588933811 by bot id=7090078691
TypeError: list indices must be integers or slices, not str
Traceback (most recent call last):
  File "/Users/kamamber/Desktop/giftWinnerBot/venv/lib/python3.9/site-packages/aiogram/dispatcher/dispatcher.py", line 309, in _process_update
    response = await self.feed_update(bot, update, **kwargs)
  File "/Users/kamamber/Desktop/giftWinnerBot/venv/lib/python3.9/site-packages/aiogram/dispatcher/dispatcher.py", line 158, in feed_update
    response = await self.update.wrap_outer_middleware(
  File "/Users/kamamber/Desktop/giftWinnerBot/venv/lib/python3.9/site-packages/aiogram/dispatcher/middlewares/error.py", line 25, in __call__
    return await handler(event, data)
  File "/Users/kamamber/Desktop/giftWinnerBot/venv/lib/python3.9/site-packages/aiogram/dispatcher/middlewares/user_context.py", line 27, in __call__
    return await handler(event, data)
  File "/Users/kamamber/Desktop/giftWinnerBot/venv/lib/python3.9/site-packages/aiogram/fsm/middleware.py", line 41, in __call__
    return await handler(event, data)
  File "/Users/kamamber/Desktop/giftWinnerBot/venv/lib/python3.9/site-packages/aiogram/dispatcher/event/telegram.py", line 121, in trigger
    return await wrapped_inner(event, kwargs)
  File "/Users/kamamber/Desktop/giftWinnerBot/venv/lib/python3.9/site-packages/aiogram/dispatcher/event/handler.py", line 43, in call
    return await wrapped()
  File "/Users/kamamber/Desktop/giftWinnerBot/venv/lib/python3.9/site-packages/aiogram/dispatcher/dispatcher.py", line 276, in _listen_update
    return await self.propagate_event(update_type=update_type, event=event, **kwargs)
  File "/Users/kamamber/Desktop/giftWinnerBot/venv/lib/python3.9/site-packages/aiogram/dispatcher/router.py", line 128, in propagate_event
    return await observer.wrap_outer_middleware(_wrapped, event=event, data=kwargs)
  File "/Users/kamamber/Desktop/giftWinnerBot/venv/lib/python3.9/site-packages/aiogram/dispatcher/router.py", line 123, in _wrapped
    return await self._propagate_event(
  File "/Users/kamamber/Desktop/giftWinnerBot/venv/lib/python3.9/site-packages/aiogram/dispatcher/router.py", line 156, in _propagate_event
    response = await router.propagate_event(update_type=update_type, event=event, **kwargs)
  File "/Users/kamamber/Desktop/giftWinnerBot/venv/lib/python3.9/site-packages/aiogram/dispatcher/router.py", line 128, in propagate_event
    return await observer.wrap_outer_middleware(_wrapped, event=event, data=kwargs)
  File "/Users/kamamber/Desktop/giftWinnerBot/venv/lib/python3.9/site-packages/aiogram/dispatcher/router.py", line 123, in _wrapped
    return await self._propagate_event(
  File "/Users/kamamber/Desktop/giftWinnerBot/venv/lib/python3.9/site-packages/aiogram/dispatcher/router.py", line 148, in _propagate_event
    response = await observer.trigger(event, **kwargs)
  File "/Users/kamamber/Desktop/giftWinnerBot/venv/lib/python3.9/site-packages/aiogram/dispatcher/event/telegram.py", line 121, in trigger
    return await wrapped_inner(event, kwargs)
  File "/Users/kamamber/Desktop/giftWinnerBot/venv/lib/python3.9/site-packages/aiogram/dispatcher/event/handler.py", line 43, in call
    return await wrapped()
  File "/Users/kamamber/Desktop/giftWinnerBot/src/handlers/post/post_routes.py", line 35, in post_find
    await add_all_new_posts_to_database()
  File "/Users/kamamber/Desktop/giftWinnerBot/src/services/services.py", line 18, in add_all_new_posts_to_database
    posts = await get_posts_from_tracked_accounts()
  File "/Users/kamamber/Desktop/giftWinnerBot/src/services/utils.py", line 23, in get_posts_from_tracked_accounts
    if is_a_new_post(post, account['last_scan_data']):
  File "/Users/kamamber/Desktop/giftWinnerBot/src/services/utils.py", line 48, in is_a_new_post
    if last_scan_data.timestamp() < post['date']:
TypeError: list indices must be integers or slices, not str
2024-05-04 23:13:22,947 - INFO - dispatcher.py - 172 - Update id=588933812 is handled. Duration 7 ms by bot id=7090078691
2024-05-04 23:18:54,408 - WARNING - dispatcher.py - 455 - Received SIGINT signal
2024-05-04 23:18:54,409 - INFO - dispatcher.py - 359 - Polling stopped for bot @testoooooooooooo_bot id=7090078691 - 'Тестовый бот'
2024-05-04 23:18:54,409 - INFO - dispatcher.py - 554 - Polling stopped
2024-05-04 23:19:01,904 - INFO - dispatcher.py - 527 - Start polling
2024-05-04 23:19:01,957 - INFO - dispatcher.py - 341 - Run polling for bot @testoooooooooooo_bot id=7090078691 - 'Тестовый бот'
2024-05-04 23:19:12,713 - INFO - dispatcher.py - 172 - Update id=588933813 is handled. Duration 382 ms by bot id=7090078691
2024-05-04 23:19:14,334 - INFO - dispatcher.py - 172 - Update id=588933814 is handled. Duration 96 ms by bot id=7090078691
2024-05-04 23:19:20,828 - INFO - dispatcher.py - 172 - Update id=588933815 is handled. Duration 118 ms by bot id=7090078691
2024-05-04 23:19:24,388 - INFO - dispatcher.py - 172 - Update id=588933816 is handled. Duration 96 ms by bot id=7090078691
2024-05-04 23:19:25,271 - INFO - dispatcher.py - 172 - Update id=588933817 is not handled. Duration 282 ms by bot id=7090078691
2024-05-04 23:19:25,272 - ERROR - dispatcher.py - 315 - Cause exception while process update id=588933817 by bot id=7090078691
TypeError: filter_new_posts() missing 1 required positional argument: 'last_scan_data'
Traceback (most recent call last):
  File "/Users/kamamber/Desktop/giftWinnerBot/venv/lib/python3.9/site-packages/aiogram/dispatcher/dispatcher.py", line 309, in _process_update
    response = await self.feed_update(bot, update, **kwargs)
  File "/Users/kamamber/Desktop/giftWinnerBot/venv/lib/python3.9/site-packages/aiogram/dispatcher/dispatcher.py", line 158, in feed_update
    response = await self.update.wrap_outer_middleware(
  File "/Users/kamamber/Desktop/giftWinnerBot/venv/lib/python3.9/site-packages/aiogram/dispatcher/middlewares/error.py", line 25, in __call__
    return await handler(event, data)
  File "/Users/kamamber/Desktop/giftWinnerBot/venv/lib/python3.9/site-packages/aiogram/dispatcher/middlewares/user_context.py", line 27, in __call__
    return await handler(event, data)
  File "/Users/kamamber/Desktop/giftWinnerBot/venv/lib/python3.9/site-packages/aiogram/fsm/middleware.py", line 41, in __call__
    return await handler(event, data)
  File "/Users/kamamber/Desktop/giftWinnerBot/venv/lib/python3.9/site-packages/aiogram/dispatcher/event/telegram.py", line 121, in trigger
    return await wrapped_inner(event, kwargs)
  File "/Users/kamamber/Desktop/giftWinnerBot/venv/lib/python3.9/site-packages/aiogram/dispatcher/event/handler.py", line 43, in call
    return await wrapped()
  File "/Users/kamamber/Desktop/giftWinnerBot/venv/lib/python3.9/site-packages/aiogram/dispatcher/dispatcher.py", line 276, in _listen_update
    return await self.propagate_event(update_type=update_type, event=event, **kwargs)
  File "/Users/kamamber/Desktop/giftWinnerBot/venv/lib/python3.9/site-packages/aiogram/dispatcher/router.py", line 128, in propagate_event
    return await observer.wrap_outer_middleware(_wrapped, event=event, data=kwargs)
  File "/Users/kamamber/Desktop/giftWinnerBot/venv/lib/python3.9/site-packages/aiogram/dispatcher/router.py", line 123, in _wrapped
    return await self._propagate_event(
  File "/Users/kamamber/Desktop/giftWinnerBot/venv/lib/python3.9/site-packages/aiogram/dispatcher/router.py", line 156, in _propagate_event
    response = await router.propagate_event(update_type=update_type, event=event, **kwargs)
  File "/Users/kamamber/Desktop/giftWinnerBot/venv/lib/python3.9/site-packages/aiogram/dispatcher/router.py", line 128, in propagate_event
    return await observer.wrap_outer_middleware(_wrapped, event=event, data=kwargs)
  File "/Users/kamamber/Desktop/giftWinnerBot/venv/lib/python3.9/site-packages/aiogram/dispatcher/router.py", line 123, in _wrapped
    return await self._propagate_event(
  File "/Users/kamamber/Desktop/giftWinnerBot/venv/lib/python3.9/site-packages/aiogram/dispatcher/router.py", line 148, in _propagate_event
    response = await observer.trigger(event, **kwargs)
  File "/Users/kamamber/Desktop/giftWinnerBot/venv/lib/python3.9/site-packages/aiogram/dispatcher/event/telegram.py", line 121, in trigger
    return await wrapped_inner(event, kwargs)
  File "/Users/kamamber/Desktop/giftWinnerBot/venv/lib/python3.9/site-packages/aiogram/dispatcher/event/handler.py", line 43, in call
    return await wrapped()
  File "/Users/kamamber/Desktop/giftWinnerBot/src/handlers/post/post_routes.py", line 35, in post_find
    await add_all_new_posts_to_database()
  File "/Users/kamamber/Desktop/giftWinnerBot/src/services/services.py", line 18, in add_all_new_posts_to_database
    posts = await get_posts_from_tracked_accounts()
  File "/Users/kamamber/Desktop/giftWinnerBot/src/services/utils.py", line 21, in get_posts_from_tracked_accounts
    new_posts = filter_new_posts(json_response['response'].get('items', []))
TypeError: filter_new_posts() missing 1 required positional argument: 'last_scan_data'
2024-05-04 23:19:59,955 - WARNING - dispatcher.py - 455 - Received SIGINT signal
2024-05-04 23:19:59,956 - INFO - dispatcher.py - 359 - Polling stopped for bot @testoooooooooooo_bot id=7090078691 - 'Тестовый бот'
2024-05-04 23:19:59,957 - INFO - dispatcher.py - 554 - Polling stopped
2024-05-04 23:20:02,466 - INFO - dispatcher.py - 527 - Start polling
2024-05-04 23:20:02,517 - INFO - dispatcher.py - 341 - Run polling for bot @testoooooooooooo_bot id=7090078691 - 'Тестовый бот'
2024-05-04 23:20:03,590 - INFO - dispatcher.py - 172 - Update id=588933818 is handled. Duration 247 ms by bot id=7090078691
2024-05-04 23:20:04,670 - INFO - dispatcher.py - 172 - Update id=588933819 is handled. Duration 132 ms by bot id=7090078691
2024-05-04 23:20:06,009 - INFO - dispatcher.py - 172 - Update id=588933820 is handled. Duration 216 ms by bot id=7090078691
2024-05-04 23:20:07,039 - INFO - dispatcher.py - 172 - Update id=588933821 is handled. Duration 147 ms by bot id=7090078691
2024-05-04 23:20:08,047 - INFO - dispatcher.py - 172 - Update id=588933822 is not handled. Duration 255 ms by bot id=7090078691
2024-05-04 23:20:08,048 - ERROR - dispatcher.py - 315 - Cause exception while process update id=588933822 by bot id=7090078691
TypeError: filter_new_posts() missing 1 required positional argument: 'last_scan_data'
Traceback (most recent call last):
  File "/Users/kamamber/Desktop/giftWinnerBot/venv/lib/python3.9/site-packages/aiogram/dispatcher/dispatcher.py", line 309, in _process_update
    response = await self.feed_update(bot, update, **kwargs)
  File "/Users/kamamber/Desktop/giftWinnerBot/venv/lib/python3.9/site-packages/aiogram/dispatcher/dispatcher.py", line 158, in feed_update
    response = await self.update.wrap_outer_middleware(
  File "/Users/kamamber/Desktop/giftWinnerBot/venv/lib/python3.9/site-packages/aiogram/dispatcher/middlewares/error.py", line 25, in __call__
    return await handler(event, data)
  File "/Users/kamamber/Desktop/giftWinnerBot/venv/lib/python3.9/site-packages/aiogram/dispatcher/middlewares/user_context.py", line 27, in __call__
    return await handler(event, data)
  File "/Users/kamamber/Desktop/giftWinnerBot/venv/lib/python3.9/site-packages/aiogram/fsm/middleware.py", line 41, in __call__
    return await handler(event, data)
  File "/Users/kamamber/Desktop/giftWinnerBot/venv/lib/python3.9/site-packages/aiogram/dispatcher/event/telegram.py", line 121, in trigger
    return await wrapped_inner(event, kwargs)
  File "/Users/kamamber/Desktop/giftWinnerBot/venv/lib/python3.9/site-packages/aiogram/dispatcher/event/handler.py", line 43, in call
    return await wrapped()
  File "/Users/kamamber/Desktop/giftWinnerBot/venv/lib/python3.9/site-packages/aiogram/dispatcher/dispatcher.py", line 276, in _listen_update
    return await self.propagate_event(update_type=update_type, event=event, **kwargs)
  File "/Users/kamamber/Desktop/giftWinnerBot/venv/lib/python3.9/site-packages/aiogram/dispatcher/router.py", line 128, in propagate_event
    return await observer.wrap_outer_middleware(_wrapped, event=event, data=kwargs)
  File "/Users/kamamber/Desktop/giftWinnerBot/venv/lib/python3.9/site-packages/aiogram/dispatcher/router.py", line 123, in _wrapped
    return await self._propagate_event(
  File "/Users/kamamber/Desktop/giftWinnerBot/venv/lib/python3.9/site-packages/aiogram/dispatcher/router.py", line 156, in _propagate_event
    response = await router.propagate_event(update_type=update_type, event=event, **kwargs)
  File "/Users/kamamber/Desktop/giftWinnerBot/venv/lib/python3.9/site-packages/aiogram/dispatcher/router.py", line 128, in propagate_event
    return await observer.wrap_outer_middleware(_wrapped, event=event, data=kwargs)
  File "/Users/kamamber/Desktop/giftWinnerBot/venv/lib/python3.9/site-packages/aiogram/dispatcher/router.py", line 123, in _wrapped
    return await self._propagate_event(
  File "/Users/kamamber/Desktop/giftWinnerBot/venv/lib/python3.9/site-packages/aiogram/dispatcher/router.py", line 148, in _propagate_event
    response = await observer.trigger(event, **kwargs)
  File "/Users/kamamber/Desktop/giftWinnerBot/venv/lib/python3.9/site-packages/aiogram/dispatcher/event/telegram.py", line 121, in trigger
    return await wrapped_inner(event, kwargs)
  File "/Users/kamamber/Desktop/giftWinnerBot/venv/lib/python3.9/site-packages/aiogram/dispatcher/event/handler.py", line 43, in call
    return await wrapped()
  File "/Users/kamamber/Desktop/giftWinnerBot/src/handlers/post/post_routes.py", line 35, in post_find
    await add_all_new_posts_to_database()
  File "/Users/kamamber/Desktop/giftWinnerBot/src/services/services.py", line 18, in add_all_new_posts_to_database
    posts = await get_posts_from_tracked_accounts()
  File "/Users/kamamber/Desktop/giftWinnerBot/src/services/utils.py", line 21, in get_posts_from_tracked_accounts
    new_posts = filter_new_posts(json_response['response'].get('items', []))
TypeError: filter_new_posts() missing 1 required positional argument: 'last_scan_data'
2024-05-04 23:21:07,482 - WARNING - dispatcher.py - 455 - Received SIGINT signal
2024-05-04 23:21:07,484 - INFO - dispatcher.py - 359 - Polling stopped for bot @testoooooooooooo_bot id=7090078691 - 'Тестовый бот'
2024-05-04 23:21:07,484 - INFO - dispatcher.py - 554 - Polling stopped
2024-05-04 23:21:09,951 - INFO - dispatcher.py - 527 - Start polling
2024-05-04 23:21:10,007 - INFO - dispatcher.py - 341 - Run polling for bot @testoooooooooooo_bot id=7090078691 - 'Тестовый бот'
2024-05-04 23:21:12,144 - INFO - dispatcher.py - 172 - Update id=588933823 is handled. Duration 322 ms by bot id=7090078691
2024-05-04 23:21:13,042 - INFO - dispatcher.py - 172 - Update id=588933824 is handled. Duration 155 ms by bot id=7090078691
2024-05-04 23:21:13,898 - INFO - dispatcher.py - 172 - Update id=588933825 is not handled. Duration 422 ms by bot id=7090078691
2024-05-04 23:21:13,899 - ERROR - dispatcher.py - 315 - Cause exception while process update id=588933825 by bot id=7090078691
TypeError: filter_new_posts() missing 1 required positional argument: 'last_scan_data'
Traceback (most recent call last):
  File "/Users/kamamber/Desktop/giftWinnerBot/venv/lib/python3.9/site-packages/aiogram/dispatcher/dispatcher.py", line 309, in _process_update
    response = await self.feed_update(bot, update, **kwargs)
  File "/Users/kamamber/Desktop/giftWinnerBot/venv/lib/python3.9/site-packages/aiogram/dispatcher/dispatcher.py", line 158, in feed_update
    response = await self.update.wrap_outer_middleware(
  File "/Users/kamamber/Desktop/giftWinnerBot/venv/lib/python3.9/site-packages/aiogram/dispatcher/middlewares/error.py", line 25, in __call__
    return await handler(event, data)
  File "/Users/kamamber/Desktop/giftWinnerBot/venv/lib/python3.9/site-packages/aiogram/dispatcher/middlewares/user_context.py", line 27, in __call__
    return await handler(event, data)
  File "/Users/kamamber/Desktop/giftWinnerBot/venv/lib/python3.9/site-packages/aiogram/fsm/middleware.py", line 41, in __call__
    return await handler(event, data)
  File "/Users/kamamber/Desktop/giftWinnerBot/venv/lib/python3.9/site-packages/aiogram/dispatcher/event/telegram.py", line 121, in trigger
    return await wrapped_inner(event, kwargs)
  File "/Users/kamamber/Desktop/giftWinnerBot/venv/lib/python3.9/site-packages/aiogram/dispatcher/event/handler.py", line 43, in call
    return await wrapped()
  File "/Users/kamamber/Desktop/giftWinnerBot/venv/lib/python3.9/site-packages/aiogram/dispatcher/dispatcher.py", line 276, in _listen_update
    return await self.propagate_event(update_type=update_type, event=event, **kwargs)
  File "/Users/kamamber/Desktop/giftWinnerBot/venv/lib/python3.9/site-packages/aiogram/dispatcher/router.py", line 128, in propagate_event
    return await observer.wrap_outer_middleware(_wrapped, event=event, data=kwargs)
  File "/Users/kamamber/Desktop/giftWinnerBot/venv/lib/python3.9/site-packages/aiogram/dispatcher/router.py", line 123, in _wrapped
    return await self._propagate_event(
  File "/Users/kamamber/Desktop/giftWinnerBot/venv/lib/python3.9/site-packages/aiogram/dispatcher/router.py", line 156, in _propagate_event
    response = await router.propagate_event(update_type=update_type, event=event, **kwargs)
  File "/Users/kamamber/Desktop/giftWinnerBot/venv/lib/python3.9/site-packages/aiogram/dispatcher/router.py", line 128, in propagate_event
    return await observer.wrap_outer_middleware(_wrapped, event=event, data=kwargs)
  File "/Users/kamamber/Desktop/giftWinnerBot/venv/lib/python3.9/site-packages/aiogram/dispatcher/router.py", line 123, in _wrapped
    return await self._propagate_event(
  File "/Users/kamamber/Desktop/giftWinnerBot/venv/lib/python3.9/site-packages/aiogram/dispatcher/router.py", line 148, in _propagate_event
    response = await observer.trigger(event, **kwargs)
  File "/Users/kamamber/Desktop/giftWinnerBot/venv/lib/python3.9/site-packages/aiogram/dispatcher/event/telegram.py", line 121, in trigger
    return await wrapped_inner(event, kwargs)
  File "/Users/kamamber/Desktop/giftWinnerBot/venv/lib/python3.9/site-packages/aiogram/dispatcher/event/handler.py", line 43, in call
    return await wrapped()
  File "/Users/kamamber/Desktop/giftWinnerBot/src/handlers/post/post_routes.py", line 35, in post_find
    await add_all_new_posts_to_database()
  File "/Users/kamamber/Desktop/giftWinnerBot/src/services/services.py", line 18, in add_all_new_posts_to_database
    posts = await get_posts_from_tracked_accounts()
  File "/Users/kamamber/Desktop/giftWinnerBot/src/services/utils.py", line 21, in get_posts_from_tracked_accounts
    new_posts = filter_new_posts(json_response['response'].get('items', []))
TypeError: filter_new_posts() missing 1 required positional argument: 'last_scan_data'
2024-05-04 23:21:42,638 - WARNING - dispatcher.py - 455 - Received SIGINT signal
2024-05-04 23:21:42,639 - INFO - dispatcher.py - 359 - Polling stopped for bot @testoooooooooooo_bot id=7090078691 - 'Тестовый бот'
2024-05-04 23:21:42,640 - INFO - dispatcher.py - 554 - Polling stopped
2024-05-04 23:21:45,235 - INFO - dispatcher.py - 527 - Start polling
2024-05-04 23:21:45,285 - INFO - dispatcher.py - 341 - Run polling for bot @testoooooooooooo_bot id=7090078691 - 'Тестовый бот'
2024-05-04 23:21:51,882 - INFO - dispatcher.py - 172 - Update id=588933826 is handled. Duration 297 ms by bot id=7090078691
2024-05-04 23:21:52,956 - INFO - dispatcher.py - 172 - Update id=588933827 is handled. Duration 133 ms by bot id=7090078691
2024-05-04 23:21:53,783 - INFO - dispatcher.py - 172 - Update id=588933828 is not handled. Duration 357 ms by bot id=7090078691
2024-05-04 23:21:53,784 - ERROR - dispatcher.py - 315 - Cause exception while process update id=588933828 by bot id=7090078691
TypeError: filter_new_posts() missing 1 required positional argument: 'last_scan_data'
Traceback (most recent call last):
  File "/Users/kamamber/Desktop/giftWinnerBot/venv/lib/python3.9/site-packages/aiogram/dispatcher/dispatcher.py", line 309, in _process_update
    response = await self.feed_update(bot, update, **kwargs)
  File "/Users/kamamber/Desktop/giftWinnerBot/venv/lib/python3.9/site-packages/aiogram/dispatcher/dispatcher.py", line 158, in feed_update
    response = await self.update.wrap_outer_middleware(
  File "/Users/kamamber/Desktop/giftWinnerBot/venv/lib/python3.9/site-packages/aiogram/dispatcher/middlewares/error.py", line 25, in __call__
    return await handler(event, data)
  File "/Users/kamamber/Desktop/giftWinnerBot/venv/lib/python3.9/site-packages/aiogram/dispatcher/middlewares/user_context.py", line 27, in __call__
    return await handler(event, data)
  File "/Users/kamamber/Desktop/giftWinnerBot/venv/lib/python3.9/site-packages/aiogram/fsm/middleware.py", line 41, in __call__
    return await handler(event, data)
  File "/Users/kamamber/Desktop/giftWinnerBot/venv/lib/python3.9/site-packages/aiogram/dispatcher/event/telegram.py", line 121, in trigger
    return await wrapped_inner(event, kwargs)
  File "/Users/kamamber/Desktop/giftWinnerBot/venv/lib/python3.9/site-packages/aiogram/dispatcher/event/handler.py", line 43, in call
    return await wrapped()
  File "/Users/kamamber/Desktop/giftWinnerBot/venv/lib/python3.9/site-packages/aiogram/dispatcher/dispatcher.py", line 276, in _listen_update
    return await self.propagate_event(update_type=update_type, event=event, **kwargs)
  File "/Users/kamamber/Desktop/giftWinnerBot/venv/lib/python3.9/site-packages/aiogram/dispatcher/router.py", line 128, in propagate_event
    return await observer.wrap_outer_middleware(_wrapped, event=event, data=kwargs)
  File "/Users/kamamber/Desktop/giftWinnerBot/venv/lib/python3.9/site-packages/aiogram/dispatcher/router.py", line 123, in _wrapped
    return await self._propagate_event(
  File "/Users/kamamber/Desktop/giftWinnerBot/venv/lib/python3.9/site-packages/aiogram/dispatcher/router.py", line 156, in _propagate_event
    response = await router.propagate_event(update_type=update_type, event=event, **kwargs)
  File "/Users/kamamber/Desktop/giftWinnerBot/venv/lib/python3.9/site-packages/aiogram/dispatcher/router.py", line 128, in propagate_event
    return await observer.wrap_outer_middleware(_wrapped, event=event, data=kwargs)
  File "/Users/kamamber/Desktop/giftWinnerBot/venv/lib/python3.9/site-packages/aiogram/dispatcher/router.py", line 123, in _wrapped
    return await self._propagate_event(
  File "/Users/kamamber/Desktop/giftWinnerBot/venv/lib/python3.9/site-packages/aiogram/dispatcher/router.py", line 148, in _propagate_event
    response = await observer.trigger(event, **kwargs)
  File "/Users/kamamber/Desktop/giftWinnerBot/venv/lib/python3.9/site-packages/aiogram/dispatcher/event/telegram.py", line 121, in trigger
    return await wrapped_inner(event, kwargs)
  File "/Users/kamamber/Desktop/giftWinnerBot/venv/lib/python3.9/site-packages/aiogram/dispatcher/event/handler.py", line 43, in call
    return await wrapped()
  File "/Users/kamamber/Desktop/giftWinnerBot/src/handlers/post/post_routes.py", line 35, in post_find
    await add_all_new_posts_to_database()
  File "/Users/kamamber/Desktop/giftWinnerBot/src/services/services.py", line 18, in add_all_new_posts_to_database
    posts = await get_posts_from_tracked_accounts()
  File "/Users/kamamber/Desktop/giftWinnerBot/src/services/utils.py", line 22, in get_posts_from_tracked_accounts
    new_posts = filter_new_posts(json_response['response'].get('items', []))
TypeError: filter_new_posts() missing 1 required positional argument: 'last_scan_data'
2024-05-04 23:22:10,021 - WARNING - dispatcher.py - 455 - Received SIGINT signal
2024-05-04 23:22:10,023 - INFO - dispatcher.py - 359 - Polling stopped for bot @testoooooooooooo_bot id=7090078691 - 'Тестовый бот'
2024-05-04 23:22:10,023 - INFO - dispatcher.py - 554 - Polling stopped
2024-05-04 23:22:12,533 - INFO - dispatcher.py - 527 - Start polling
2024-05-04 23:22:12,585 - INFO - dispatcher.py - 341 - Run polling for bot @testoooooooooooo_bot id=7090078691 - 'Тестовый бот'
2024-05-04 23:22:13,752 - INFO - dispatcher.py - 172 - Update id=588933829 is handled. Duration 283 ms by bot id=7090078691
2024-05-04 23:22:14,632 - INFO - dispatcher.py - 172 - Update id=588933830 is handled. Duration 94 ms by bot id=7090078691
2024-05-04 23:22:15,564 - INFO - dispatcher.py - 172 - Update id=588933831 is not handled. Duration 307 ms by bot id=7090078691
2024-05-04 23:22:15,564 - ERROR - dispatcher.py - 315 - Cause exception while process update id=588933831 by bot id=7090078691
TypeError: filter_new_posts() missing 1 required positional argument: 'last_scan_data'
Traceback (most recent call last):
  File "/Users/kamamber/Desktop/giftWinnerBot/venv/lib/python3.9/site-packages/aiogram/dispatcher/dispatcher.py", line 309, in _process_update
    response = await self.feed_update(bot, update, **kwargs)
  File "/Users/kamamber/Desktop/giftWinnerBot/venv/lib/python3.9/site-packages/aiogram/dispatcher/dispatcher.py", line 158, in feed_update
    response = await self.update.wrap_outer_middleware(
  File "/Users/kamamber/Desktop/giftWinnerBot/venv/lib/python3.9/site-packages/aiogram/dispatcher/middlewares/error.py", line 25, in __call__
    return await handler(event, data)
  File "/Users/kamamber/Desktop/giftWinnerBot/venv/lib/python3.9/site-packages/aiogram/dispatcher/middlewares/user_context.py", line 27, in __call__
    return await handler(event, data)
  File "/Users/kamamber/Desktop/giftWinnerBot/venv/lib/python3.9/site-packages/aiogram/fsm/middleware.py", line 41, in __call__
    return await handler(event, data)
  File "/Users/kamamber/Desktop/giftWinnerBot/venv/lib/python3.9/site-packages/aiogram/dispatcher/event/telegram.py", line 121, in trigger
    return await wrapped_inner(event, kwargs)
  File "/Users/kamamber/Desktop/giftWinnerBot/venv/lib/python3.9/site-packages/aiogram/dispatcher/event/handler.py", line 43, in call
    return await wrapped()
  File "/Users/kamamber/Desktop/giftWinnerBot/venv/lib/python3.9/site-packages/aiogram/dispatcher/dispatcher.py", line 276, in _listen_update
    return await self.propagate_event(update_type=update_type, event=event, **kwargs)
  File "/Users/kamamber/Desktop/giftWinnerBot/venv/lib/python3.9/site-packages/aiogram/dispatcher/router.py", line 128, in propagate_event
    return await observer.wrap_outer_middleware(_wrapped, event=event, data=kwargs)
  File "/Users/kamamber/Desktop/giftWinnerBot/venv/lib/python3.9/site-packages/aiogram/dispatcher/router.py", line 123, in _wrapped
    return await self._propagate_event(
  File "/Users/kamamber/Desktop/giftWinnerBot/venv/lib/python3.9/site-packages/aiogram/dispatcher/router.py", line 156, in _propagate_event
    response = await router.propagate_event(update_type=update_type, event=event, **kwargs)
  File "/Users/kamamber/Desktop/giftWinnerBot/venv/lib/python3.9/site-packages/aiogram/dispatcher/router.py", line 128, in propagate_event
    return await observer.wrap_outer_middleware(_wrapped, event=event, data=kwargs)
  File "/Users/kamamber/Desktop/giftWinnerBot/venv/lib/python3.9/site-packages/aiogram/dispatcher/router.py", line 123, in _wrapped
    return await self._propagate_event(
  File "/Users/kamamber/Desktop/giftWinnerBot/venv/lib/python3.9/site-packages/aiogram/dispatcher/router.py", line 148, in _propagate_event
    response = await observer.trigger(event, **kwargs)
  File "/Users/kamamber/Desktop/giftWinnerBot/venv/lib/python3.9/site-packages/aiogram/dispatcher/event/telegram.py", line 121, in trigger
    return await wrapped_inner(event, kwargs)
  File "/Users/kamamber/Desktop/giftWinnerBot/venv/lib/python3.9/site-packages/aiogram/dispatcher/event/handler.py", line 43, in call
    return await wrapped()
  File "/Users/kamamber/Desktop/giftWinnerBot/src/handlers/post/post_routes.py", line 35, in post_find
    await add_all_new_posts_to_database()
  File "/Users/kamamber/Desktop/giftWinnerBot/src/services/services.py", line 18, in add_all_new_posts_to_database
    posts = await get_posts_from_tracked_accounts()
  File "/Users/kamamber/Desktop/giftWinnerBot/src/services/utils.py", line 22, in get_posts_from_tracked_accounts
    new_posts = filter_new_posts(json_response['response'].get('items', []))
TypeError: filter_new_posts() missing 1 required positional argument: 'last_scan_data'
2024-05-04 23:22:31,588 - WARNING - dispatcher.py - 455 - Received SIGINT signal
2024-05-04 23:22:31,589 - INFO - dispatcher.py - 359 - Polling stopped for bot @testoooooooooooo_bot id=7090078691 - 'Тестовый бот'
2024-05-04 23:22:31,589 - INFO - dispatcher.py - 554 - Polling stopped
2024-05-04 23:22:34,106 - INFO - dispatcher.py - 527 - Start polling
2024-05-04 23:22:34,162 - INFO - dispatcher.py - 341 - Run polling for bot @testoooooooooooo_bot id=7090078691 - 'Тестовый бот'
2024-05-04 23:22:35,261 - INFO - dispatcher.py - 172 - Update id=588933832 is handled. Duration 356 ms by bot id=7090078691
2024-05-04 23:22:36,077 - INFO - dispatcher.py - 172 - Update id=588933833 is handled. Duration 121 ms by bot id=7090078691
2024-05-04 23:22:37,125 - INFO - dispatcher.py - 172 - Update id=588933834 is not handled. Duration 410 ms by bot id=7090078691
2024-05-04 23:22:37,125 - ERROR - dispatcher.py - 315 - Cause exception while process update id=588933834 by bot id=7090078691
TypeError: filter_new_posts() missing 1 required positional argument: 'last_scan_data'
Traceback (most recent call last):
  File "/Users/kamamber/Desktop/giftWinnerBot/venv/lib/python3.9/site-packages/aiogram/dispatcher/dispatcher.py", line 309, in _process_update
    response = await self.feed_update(bot, update, **kwargs)
  File "/Users/kamamber/Desktop/giftWinnerBot/venv/lib/python3.9/site-packages/aiogram/dispatcher/dispatcher.py", line 158, in feed_update
    response = await self.update.wrap_outer_middleware(
  File "/Users/kamamber/Desktop/giftWinnerBot/venv/lib/python3.9/site-packages/aiogram/dispatcher/middlewares/error.py", line 25, in __call__
    return await handler(event, data)
  File "/Users/kamamber/Desktop/giftWinnerBot/venv/lib/python3.9/site-packages/aiogram/dispatcher/middlewares/user_context.py", line 27, in __call__
    return await handler(event, data)
  File "/Users/kamamber/Desktop/giftWinnerBot/venv/lib/python3.9/site-packages/aiogram/fsm/middleware.py", line 41, in __call__
    return await handler(event, data)
  File "/Users/kamamber/Desktop/giftWinnerBot/venv/lib/python3.9/site-packages/aiogram/dispatcher/event/telegram.py", line 121, in trigger
    return await wrapped_inner(event, kwargs)
  File "/Users/kamamber/Desktop/giftWinnerBot/venv/lib/python3.9/site-packages/aiogram/dispatcher/event/handler.py", line 43, in call
    return await wrapped()
  File "/Users/kamamber/Desktop/giftWinnerBot/venv/lib/python3.9/site-packages/aiogram/dispatcher/dispatcher.py", line 276, in _listen_update
    return await self.propagate_event(update_type=update_type, event=event, **kwargs)
  File "/Users/kamamber/Desktop/giftWinnerBot/venv/lib/python3.9/site-packages/aiogram/dispatcher/router.py", line 128, in propagate_event
    return await observer.wrap_outer_middleware(_wrapped, event=event, data=kwargs)
  File "/Users/kamamber/Desktop/giftWinnerBot/venv/lib/python3.9/site-packages/aiogram/dispatcher/router.py", line 123, in _wrapped
    return await self._propagate_event(
  File "/Users/kamamber/Desktop/giftWinnerBot/venv/lib/python3.9/site-packages/aiogram/dispatcher/router.py", line 156, in _propagate_event
    response = await router.propagate_event(update_type=update_type, event=event, **kwargs)
  File "/Users/kamamber/Desktop/giftWinnerBot/venv/lib/python3.9/site-packages/aiogram/dispatcher/router.py", line 128, in propagate_event
    return await observer.wrap_outer_middleware(_wrapped, event=event, data=kwargs)
  File "/Users/kamamber/Desktop/giftWinnerBot/venv/lib/python3.9/site-packages/aiogram/dispatcher/router.py", line 123, in _wrapped
    return await self._propagate_event(
  File "/Users/kamamber/Desktop/giftWinnerBot/venv/lib/python3.9/site-packages/aiogram/dispatcher/router.py", line 148, in _propagate_event
    response = await observer.trigger(event, **kwargs)
  File "/Users/kamamber/Desktop/giftWinnerBot/venv/lib/python3.9/site-packages/aiogram/dispatcher/event/telegram.py", line 121, in trigger
    return await wrapped_inner(event, kwargs)
  File "/Users/kamamber/Desktop/giftWinnerBot/venv/lib/python3.9/site-packages/aiogram/dispatcher/event/handler.py", line 43, in call
    return await wrapped()
  File "/Users/kamamber/Desktop/giftWinnerBot/src/handlers/post/post_routes.py", line 35, in post_find
    await add_all_new_posts_to_database()
  File "/Users/kamamber/Desktop/giftWinnerBot/src/services/services.py", line 18, in add_all_new_posts_to_database
    posts = await get_posts_from_tracked_accounts()
  File "/Users/kamamber/Desktop/giftWinnerBot/src/services/utils.py", line 21, in get_posts_from_tracked_accounts
    new_posts = filter_new_posts(json_response['response'].get('items', []))
TypeError: filter_new_posts() missing 1 required positional argument: 'last_scan_data'
2024-05-04 23:23:22,636 - WARNING - dispatcher.py - 455 - Received SIGINT signal
2024-05-04 23:23:22,638 - INFO - dispatcher.py - 359 - Polling stopped for bot @testoooooooooooo_bot id=7090078691 - 'Тестовый бот'
2024-05-04 23:23:22,638 - INFO - dispatcher.py - 554 - Polling stopped
2024-05-04 23:23:25,613 - INFO - dispatcher.py - 527 - Start polling
2024-05-04 23:23:25,660 - INFO - dispatcher.py - 341 - Run polling for bot @testoooooooooooo_bot id=7090078691 - 'Тестовый бот'
2024-05-04 23:23:27,183 - INFO - dispatcher.py - 172 - Update id=588933835 is handled. Duration 318 ms by bot id=7090078691
2024-05-04 23:23:28,062 - INFO - dispatcher.py - 172 - Update id=588933836 is handled. Duration 226 ms by bot id=7090078691
2024-05-04 23:23:28,768 - INFO - dispatcher.py - 172 - Update id=588933837 is not handled. Duration 293 ms by bot id=7090078691
2024-05-04 23:23:28,768 - ERROR - dispatcher.py - 315 - Cause exception while process update id=588933837 by bot id=7090078691
KeyError: 'last_scan_date'
Traceback (most recent call last):
  File "/Users/kamamber/Desktop/giftWinnerBot/venv/lib/python3.9/site-packages/aiogram/dispatcher/dispatcher.py", line 309, in _process_update
    response = await self.feed_update(bot, update, **kwargs)
  File "/Users/kamamber/Desktop/giftWinnerBot/venv/lib/python3.9/site-packages/aiogram/dispatcher/dispatcher.py", line 158, in feed_update
    response = await self.update.wrap_outer_middleware(
  File "/Users/kamamber/Desktop/giftWinnerBot/venv/lib/python3.9/site-packages/aiogram/dispatcher/middlewares/error.py", line 25, in __call__
    return await handler(event, data)
  File "/Users/kamamber/Desktop/giftWinnerBot/venv/lib/python3.9/site-packages/aiogram/dispatcher/middlewares/user_context.py", line 27, in __call__
    return await handler(event, data)
  File "/Users/kamamber/Desktop/giftWinnerBot/venv/lib/python3.9/site-packages/aiogram/fsm/middleware.py", line 41, in __call__
    return await handler(event, data)
  File "/Users/kamamber/Desktop/giftWinnerBot/venv/lib/python3.9/site-packages/aiogram/dispatcher/event/telegram.py", line 121, in trigger
    return await wrapped_inner(event, kwargs)
  File "/Users/kamamber/Desktop/giftWinnerBot/venv/lib/python3.9/site-packages/aiogram/dispatcher/event/handler.py", line 43, in call
    return await wrapped()
  File "/Users/kamamber/Desktop/giftWinnerBot/venv/lib/python3.9/site-packages/aiogram/dispatcher/dispatcher.py", line 276, in _listen_update
    return await self.propagate_event(update_type=update_type, event=event, **kwargs)
  File "/Users/kamamber/Desktop/giftWinnerBot/venv/lib/python3.9/site-packages/aiogram/dispatcher/router.py", line 128, in propagate_event
    return await observer.wrap_outer_middleware(_wrapped, event=event, data=kwargs)
  File "/Users/kamamber/Desktop/giftWinnerBot/venv/lib/python3.9/site-packages/aiogram/dispatcher/router.py", line 123, in _wrapped
    return await self._propagate_event(
  File "/Users/kamamber/Desktop/giftWinnerBot/venv/lib/python3.9/site-packages/aiogram/dispatcher/router.py", line 156, in _propagate_event
    response = await router.propagate_event(update_type=update_type, event=event, **kwargs)
  File "/Users/kamamber/Desktop/giftWinnerBot/venv/lib/python3.9/site-packages/aiogram/dispatcher/router.py", line 128, in propagate_event
    return await observer.wrap_outer_middleware(_wrapped, event=event, data=kwargs)
  File "/Users/kamamber/Desktop/giftWinnerBot/venv/lib/python3.9/site-packages/aiogram/dispatcher/router.py", line 123, in _wrapped
    return await self._propagate_event(
  File "/Users/kamamber/Desktop/giftWinnerBot/venv/lib/python3.9/site-packages/aiogram/dispatcher/router.py", line 148, in _propagate_event
    response = await observer.trigger(event, **kwargs)
  File "/Users/kamamber/Desktop/giftWinnerBot/venv/lib/python3.9/site-packages/aiogram/dispatcher/event/telegram.py", line 121, in trigger
    return await wrapped_inner(event, kwargs)
  File "/Users/kamamber/Desktop/giftWinnerBot/venv/lib/python3.9/site-packages/aiogram/dispatcher/event/handler.py", line 43, in call
    return await wrapped()
  File "/Users/kamamber/Desktop/giftWinnerBot/src/handlers/post/post_routes.py", line 35, in post_find
    await add_all_new_posts_to_database()
  File "/Users/kamamber/Desktop/giftWinnerBot/src/services/services.py", line 18, in add_all_new_posts_to_database
    posts = await get_posts_from_tracked_accounts()
  File "/Users/kamamber/Desktop/giftWinnerBot/src/services/utils.py", line 21, in get_posts_from_tracked_accounts
    account['last_scan_date'])
KeyError: 'last_scan_date'
2024-05-04 23:23:39,738 - WARNING - dispatcher.py - 455 - Received SIGINT signal
2024-05-04 23:23:39,739 - INFO - dispatcher.py - 359 - Polling stopped for bot @testoooooooooooo_bot id=7090078691 - 'Тестовый бот'
2024-05-04 23:23:39,740 - INFO - dispatcher.py - 554 - Polling stopped
2024-05-04 23:23:42,093 - INFO - dispatcher.py - 527 - Start polling
2024-05-04 23:23:42,155 - INFO - dispatcher.py - 341 - Run polling for bot @testoooooooooooo_bot id=7090078691 - 'Тестовый бот'
2024-05-04 23:23:43,503 - INFO - dispatcher.py - 172 - Update id=588933838 is handled. Duration 238 ms by bot id=7090078691
2024-05-04 23:23:44,323 - INFO - dispatcher.py - 172 - Update id=588933839 is handled. Duration 95 ms by bot id=7090078691
2024-05-04 23:23:45,173 - INFO - dispatcher.py - 172 - Update id=588933840 is not handled. Duration 327 ms by bot id=7090078691
2024-05-04 23:23:45,173 - ERROR - dispatcher.py - 315 - Cause exception while process update id=588933840 by bot id=7090078691
AttributeError: 'list' object has no attribute 'keys'
Traceback (most recent call last):
  File "/Users/kamamber/Desktop/giftWinnerBot/venv/lib/python3.9/site-packages/aiogram/dispatcher/dispatcher.py", line 309, in _process_update
    response = await self.feed_update(bot, update, **kwargs)
  File "/Users/kamamber/Desktop/giftWinnerBot/venv/lib/python3.9/site-packages/aiogram/dispatcher/dispatcher.py", line 158, in feed_update
    response = await self.update.wrap_outer_middleware(
  File "/Users/kamamber/Desktop/giftWinnerBot/venv/lib/python3.9/site-packages/aiogram/dispatcher/middlewares/error.py", line 25, in __call__
    return await handler(event, data)
  File "/Users/kamamber/Desktop/giftWinnerBot/venv/lib/python3.9/site-packages/aiogram/dispatcher/middlewares/user_context.py", line 27, in __call__
    return await handler(event, data)
  File "/Users/kamamber/Desktop/giftWinnerBot/venv/lib/python3.9/site-packages/aiogram/fsm/middleware.py", line 41, in __call__
    return await handler(event, data)
  File "/Users/kamamber/Desktop/giftWinnerBot/venv/lib/python3.9/site-packages/aiogram/dispatcher/event/telegram.py", line 121, in trigger
    return await wrapped_inner(event, kwargs)
  File "/Users/kamamber/Desktop/giftWinnerBot/venv/lib/python3.9/site-packages/aiogram/dispatcher/event/handler.py", line 43, in call
    return await wrapped()
  File "/Users/kamamber/Desktop/giftWinnerBot/venv/lib/python3.9/site-packages/aiogram/dispatcher/dispatcher.py", line 276, in _listen_update
    return await self.propagate_event(update_type=update_type, event=event, **kwargs)
  File "/Users/kamamber/Desktop/giftWinnerBot/venv/lib/python3.9/site-packages/aiogram/dispatcher/router.py", line 128, in propagate_event
    return await observer.wrap_outer_middleware(_wrapped, event=event, data=kwargs)
  File "/Users/kamamber/Desktop/giftWinnerBot/venv/lib/python3.9/site-packages/aiogram/dispatcher/router.py", line 123, in _wrapped
    return await self._propagate_event(
  File "/Users/kamamber/Desktop/giftWinnerBot/venv/lib/python3.9/site-packages/aiogram/dispatcher/router.py", line 156, in _propagate_event
    response = await router.propagate_event(update_type=update_type, event=event, **kwargs)
  File "/Users/kamamber/Desktop/giftWinnerBot/venv/lib/python3.9/site-packages/aiogram/dispatcher/router.py", line 128, in propagate_event
    return await observer.wrap_outer_middleware(_wrapped, event=event, data=kwargs)
  File "/Users/kamamber/Desktop/giftWinnerBot/venv/lib/python3.9/site-packages/aiogram/dispatcher/router.py", line 123, in _wrapped
    return await self._propagate_event(
  File "/Users/kamamber/Desktop/giftWinnerBot/venv/lib/python3.9/site-packages/aiogram/dispatcher/router.py", line 148, in _propagate_event
    response = await observer.trigger(event, **kwargs)
  File "/Users/kamamber/Desktop/giftWinnerBot/venv/lib/python3.9/site-packages/aiogram/dispatcher/event/telegram.py", line 121, in trigger
    return await wrapped_inner(event, kwargs)
  File "/Users/kamamber/Desktop/giftWinnerBot/venv/lib/python3.9/site-packages/aiogram/dispatcher/event/handler.py", line 43, in call
    return await wrapped()
  File "/Users/kamamber/Desktop/giftWinnerBot/src/handlers/post/post_routes.py", line 35, in post_find
    await add_all_new_posts_to_database()
  File "/Users/kamamber/Desktop/giftWinnerBot/src/services/services.py", line 20, in add_all_new_posts_to_database
    validated_posts = get_validated_posts(posts)
  File "/Users/kamamber/Desktop/giftWinnerBot/src/services/utils.py", line 34, in get_validated_posts
    if post_is_validated(post):
  File "/Users/kamamber/Desktop/giftWinnerBot/src/services/utils.py", line 59, in post_is_validated
    if 'copy_history' not in post.keys():
AttributeError: 'list' object has no attribute 'keys'
2024-05-04 23:27:39,997 - WARNING - dispatcher.py - 455 - Received SIGINT signal
2024-05-04 23:27:39,998 - INFO - dispatcher.py - 359 - Polling stopped for bot @testoooooooooooo_bot id=7090078691 - 'Тестовый бот'
2024-05-04 23:27:39,999 - INFO - dispatcher.py - 554 - Polling stopped
2024-05-04 23:27:42,590 - INFO - dispatcher.py - 527 - Start polling
2024-05-04 23:27:42,640 - INFO - dispatcher.py - 341 - Run polling for bot @testoooooooooooo_bot id=7090078691 - 'Тестовый бот'
2024-05-04 23:27:44,165 - INFO - dispatcher.py - 172 - Update id=588933841 is handled. Duration 332 ms by bot id=7090078691
2024-05-04 23:27:44,951 - INFO - dispatcher.py - 172 - Update id=588933842 is handled. Duration 84 ms by bot id=7090078691
2024-05-04 23:27:45,794 - INFO - dispatcher.py - 172 - Update id=588933843 is not handled. Duration 351 ms by bot id=7090078691
2024-05-04 23:27:45,795 - ERROR - dispatcher.py - 315 - Cause exception while process update id=588933843 by bot id=7090078691
AttributeError: 'list' object has no attribute 'keys'
Traceback (most recent call last):
  File "/Users/kamamber/Desktop/giftWinnerBot/venv/lib/python3.9/site-packages/aiogram/dispatcher/dispatcher.py", line 309, in _process_update
    response = await self.feed_update(bot, update, **kwargs)
  File "/Users/kamamber/Desktop/giftWinnerBot/venv/lib/python3.9/site-packages/aiogram/dispatcher/dispatcher.py", line 158, in feed_update
    response = await self.update.wrap_outer_middleware(
  File "/Users/kamamber/Desktop/giftWinnerBot/venv/lib/python3.9/site-packages/aiogram/dispatcher/middlewares/error.py", line 25, in __call__
    return await handler(event, data)
  File "/Users/kamamber/Desktop/giftWinnerBot/venv/lib/python3.9/site-packages/aiogram/dispatcher/middlewares/user_context.py", line 27, in __call__
    return await handler(event, data)
  File "/Users/kamamber/Desktop/giftWinnerBot/venv/lib/python3.9/site-packages/aiogram/fsm/middleware.py", line 41, in __call__
    return await handler(event, data)
  File "/Users/kamamber/Desktop/giftWinnerBot/venv/lib/python3.9/site-packages/aiogram/dispatcher/event/telegram.py", line 121, in trigger
    return await wrapped_inner(event, kwargs)
  File "/Users/kamamber/Desktop/giftWinnerBot/venv/lib/python3.9/site-packages/aiogram/dispatcher/event/handler.py", line 43, in call
    return await wrapped()
  File "/Users/kamamber/Desktop/giftWinnerBot/venv/lib/python3.9/site-packages/aiogram/dispatcher/dispatcher.py", line 276, in _listen_update
    return await self.propagate_event(update_type=update_type, event=event, **kwargs)
  File "/Users/kamamber/Desktop/giftWinnerBot/venv/lib/python3.9/site-packages/aiogram/dispatcher/router.py", line 128, in propagate_event
    return await observer.wrap_outer_middleware(_wrapped, event=event, data=kwargs)
  File "/Users/kamamber/Desktop/giftWinnerBot/venv/lib/python3.9/site-packages/aiogram/dispatcher/router.py", line 123, in _wrapped
    return await self._propagate_event(
  File "/Users/kamamber/Desktop/giftWinnerBot/venv/lib/python3.9/site-packages/aiogram/dispatcher/router.py", line 156, in _propagate_event
    response = await router.propagate_event(update_type=update_type, event=event, **kwargs)
  File "/Users/kamamber/Desktop/giftWinnerBot/venv/lib/python3.9/site-packages/aiogram/dispatcher/router.py", line 128, in propagate_event
    return await observer.wrap_outer_middleware(_wrapped, event=event, data=kwargs)
  File "/Users/kamamber/Desktop/giftWinnerBot/venv/lib/python3.9/site-packages/aiogram/dispatcher/router.py", line 123, in _wrapped
    return await self._propagate_event(
  File "/Users/kamamber/Desktop/giftWinnerBot/venv/lib/python3.9/site-packages/aiogram/dispatcher/router.py", line 148, in _propagate_event
    response = await observer.trigger(event, **kwargs)
  File "/Users/kamamber/Desktop/giftWinnerBot/venv/lib/python3.9/site-packages/aiogram/dispatcher/event/telegram.py", line 121, in trigger
    return await wrapped_inner(event, kwargs)
  File "/Users/kamamber/Desktop/giftWinnerBot/venv/lib/python3.9/site-packages/aiogram/dispatcher/event/handler.py", line 43, in call
    return await wrapped()
  File "/Users/kamamber/Desktop/giftWinnerBot/src/handlers/post/post_routes.py", line 35, in post_find
    await add_all_new_posts_to_database()
  File "/Users/kamamber/Desktop/giftWinnerBot/src/services/services.py", line 20, in add_all_new_posts_to_database
    validated_posts = get_validated_posts(posts)
  File "/Users/kamamber/Desktop/giftWinnerBot/src/services/utils.py", line 35, in get_validated_posts
    if post_is_validated(post):
  File "/Users/kamamber/Desktop/giftWinnerBot/src/services/utils.py", line 60, in post_is_validated
    if 'copy_history' not in post.keys():
AttributeError: 'list' object has no attribute 'keys'
2024-05-04 23:28:37,603 - WARNING - dispatcher.py - 455 - Received SIGINT signal
2024-05-04 23:28:37,604 - INFO - dispatcher.py - 359 - Polling stopped for bot @testoooooooooooo_bot id=7090078691 - 'Тестовый бот'
2024-05-04 23:28:37,604 - INFO - dispatcher.py - 554 - Polling stopped
2024-05-04 23:28:39,962 - INFO - dispatcher.py - 527 - Start polling
2024-05-04 23:28:40,005 - INFO - dispatcher.py - 341 - Run polling for bot @testoooooooooooo_bot id=7090078691 - 'Тестовый бот'
2024-05-04 23:28:41,104 - INFO - dispatcher.py - 172 - Update id=588933844 is handled. Duration 242 ms by bot id=7090078691
2024-05-04 23:28:42,036 - INFO - dispatcher.py - 172 - Update id=588933845 is handled. Duration 129 ms by bot id=7090078691
2024-05-04 23:28:42,786 - INFO - dispatcher.py - 172 - Update id=588933846 is not handled. Duration 286 ms by bot id=7090078691
2024-05-04 23:28:42,787 - ERROR - dispatcher.py - 315 - Cause exception while process update id=588933846 by bot id=7090078691
AttributeError: 'list' object has no attribute 'keys'
Traceback (most recent call last):
  File "/Users/kamamber/Desktop/giftWinnerBot/venv/lib/python3.9/site-packages/aiogram/dispatcher/dispatcher.py", line 309, in _process_update
    response = await self.feed_update(bot, update, **kwargs)
  File "/Users/kamamber/Desktop/giftWinnerBot/venv/lib/python3.9/site-packages/aiogram/dispatcher/dispatcher.py", line 158, in feed_update
    response = await self.update.wrap_outer_middleware(
  File "/Users/kamamber/Desktop/giftWinnerBot/venv/lib/python3.9/site-packages/aiogram/dispatcher/middlewares/error.py", line 25, in __call__
    return await handler(event, data)
  File "/Users/kamamber/Desktop/giftWinnerBot/venv/lib/python3.9/site-packages/aiogram/dispatcher/middlewares/user_context.py", line 27, in __call__
    return await handler(event, data)
  File "/Users/kamamber/Desktop/giftWinnerBot/venv/lib/python3.9/site-packages/aiogram/fsm/middleware.py", line 41, in __call__
    return await handler(event, data)
  File "/Users/kamamber/Desktop/giftWinnerBot/venv/lib/python3.9/site-packages/aiogram/dispatcher/event/telegram.py", line 121, in trigger
    return await wrapped_inner(event, kwargs)
  File "/Users/kamamber/Desktop/giftWinnerBot/venv/lib/python3.9/site-packages/aiogram/dispatcher/event/handler.py", line 43, in call
    return await wrapped()
  File "/Users/kamamber/Desktop/giftWinnerBot/venv/lib/python3.9/site-packages/aiogram/dispatcher/dispatcher.py", line 276, in _listen_update
    return await self.propagate_event(update_type=update_type, event=event, **kwargs)
  File "/Users/kamamber/Desktop/giftWinnerBot/venv/lib/python3.9/site-packages/aiogram/dispatcher/router.py", line 128, in propagate_event
    return await observer.wrap_outer_middleware(_wrapped, event=event, data=kwargs)
  File "/Users/kamamber/Desktop/giftWinnerBot/venv/lib/python3.9/site-packages/aiogram/dispatcher/router.py", line 123, in _wrapped
    return await self._propagate_event(
  File "/Users/kamamber/Desktop/giftWinnerBot/venv/lib/python3.9/site-packages/aiogram/dispatcher/router.py", line 156, in _propagate_event
    response = await router.propagate_event(update_type=update_type, event=event, **kwargs)
  File "/Users/kamamber/Desktop/giftWinnerBot/venv/lib/python3.9/site-packages/aiogram/dispatcher/router.py", line 128, in propagate_event
    return await observer.wrap_outer_middleware(_wrapped, event=event, data=kwargs)
  File "/Users/kamamber/Desktop/giftWinnerBot/venv/lib/python3.9/site-packages/aiogram/dispatcher/router.py", line 123, in _wrapped
    return await self._propagate_event(
  File "/Users/kamamber/Desktop/giftWinnerBot/venv/lib/python3.9/site-packages/aiogram/dispatcher/router.py", line 148, in _propagate_event
    response = await observer.trigger(event, **kwargs)
  File "/Users/kamamber/Desktop/giftWinnerBot/venv/lib/python3.9/site-packages/aiogram/dispatcher/event/telegram.py", line 121, in trigger
    return await wrapped_inner(event, kwargs)
  File "/Users/kamamber/Desktop/giftWinnerBot/venv/lib/python3.9/site-packages/aiogram/dispatcher/event/handler.py", line 43, in call
    return await wrapped()
  File "/Users/kamamber/Desktop/giftWinnerBot/src/handlers/post/post_routes.py", line 35, in post_find
    await add_all_new_posts_to_database()
  File "/Users/kamamber/Desktop/giftWinnerBot/src/services/services.py", line 20, in add_all_new_posts_to_database
    validated_posts = get_validated_posts(posts)
  File "/Users/kamamber/Desktop/giftWinnerBot/src/services/utils.py", line 35, in get_validated_posts
    if post_is_validated(post):
  File "/Users/kamamber/Desktop/giftWinnerBot/src/services/utils.py", line 61, in post_is_validated
    if 'copy_history' not in post.keys():
AttributeError: 'list' object has no attribute 'keys'
2024-05-04 23:28:46,690 - WARNING - dispatcher.py - 455 - Received SIGINT signal
2024-05-04 23:28:46,691 - INFO - dispatcher.py - 359 - Polling stopped for bot @testoooooooooooo_bot id=7090078691 - 'Тестовый бот'
2024-05-04 23:28:46,691 - INFO - dispatcher.py - 554 - Polling stopped
2024-05-04 23:28:49,315 - INFO - dispatcher.py - 527 - Start polling
2024-05-04 23:28:49,375 - INFO - dispatcher.py - 341 - Run polling for bot @testoooooooooooo_bot id=7090078691 - 'Тестовый бот'
2024-05-04 23:28:51,574 - WARNING - dispatcher.py - 455 - Received SIGINT signal
2024-05-04 23:28:51,575 - INFO - dispatcher.py - 359 - Polling stopped for bot @testoooooooooooo_bot id=7090078691 - 'Тестовый бот'
2024-05-04 23:28:51,575 - INFO - dispatcher.py - 554 - Polling stopped
2024-05-04 23:28:55,981 - INFO - dispatcher.py - 527 - Start polling
2024-05-04 23:28:56,028 - INFO - dispatcher.py - 341 - Run polling for bot @testoooooooooooo_bot id=7090078691 - 'Тестовый бот'
2024-05-04 23:28:57,402 - INFO - dispatcher.py - 172 - Update id=588933847 is handled. Duration 236 ms by bot id=7090078691
2024-05-04 23:28:58,154 - INFO - dispatcher.py - 172 - Update id=588933848 is handled. Duration 102 ms by bot id=7090078691
2024-05-04 23:28:58,847 - INFO - dispatcher.py - 172 - Update id=588933849 is not handled. Duration 234 ms by bot id=7090078691
2024-05-04 23:28:58,848 - ERROR - dispatcher.py - 315 - Cause exception while process update id=588933849 by bot id=7090078691
AttributeError: 'list' object has no attribute 'keys'
Traceback (most recent call last):
  File "/Users/kamamber/Desktop/giftWinnerBot/venv/lib/python3.9/site-packages/aiogram/dispatcher/dispatcher.py", line 309, in _process_update
    response = await self.feed_update(bot, update, **kwargs)
  File "/Users/kamamber/Desktop/giftWinnerBot/venv/lib/python3.9/site-packages/aiogram/dispatcher/dispatcher.py", line 158, in feed_update
    response = await self.update.wrap_outer_middleware(
  File "/Users/kamamber/Desktop/giftWinnerBot/venv/lib/python3.9/site-packages/aiogram/dispatcher/middlewares/error.py", line 25, in __call__
    return await handler(event, data)
  File "/Users/kamamber/Desktop/giftWinnerBot/venv/lib/python3.9/site-packages/aiogram/dispatcher/middlewares/user_context.py", line 27, in __call__
    return await handler(event, data)
  File "/Users/kamamber/Desktop/giftWinnerBot/venv/lib/python3.9/site-packages/aiogram/fsm/middleware.py", line 41, in __call__
    return await handler(event, data)
  File "/Users/kamamber/Desktop/giftWinnerBot/venv/lib/python3.9/site-packages/aiogram/dispatcher/event/telegram.py", line 121, in trigger
    return await wrapped_inner(event, kwargs)
  File "/Users/kamamber/Desktop/giftWinnerBot/venv/lib/python3.9/site-packages/aiogram/dispatcher/event/handler.py", line 43, in call
    return await wrapped()
  File "/Users/kamamber/Desktop/giftWinnerBot/venv/lib/python3.9/site-packages/aiogram/dispatcher/dispatcher.py", line 276, in _listen_update
    return await self.propagate_event(update_type=update_type, event=event, **kwargs)
  File "/Users/kamamber/Desktop/giftWinnerBot/venv/lib/python3.9/site-packages/aiogram/dispatcher/router.py", line 128, in propagate_event
    return await observer.wrap_outer_middleware(_wrapped, event=event, data=kwargs)
  File "/Users/kamamber/Desktop/giftWinnerBot/venv/lib/python3.9/site-packages/aiogram/dispatcher/router.py", line 123, in _wrapped
    return await self._propagate_event(
  File "/Users/kamamber/Desktop/giftWinnerBot/venv/lib/python3.9/site-packages/aiogram/dispatcher/router.py", line 156, in _propagate_event
    response = await router.propagate_event(update_type=update_type, event=event, **kwargs)
  File "/Users/kamamber/Desktop/giftWinnerBot/venv/lib/python3.9/site-packages/aiogram/dispatcher/router.py", line 128, in propagate_event
    return await observer.wrap_outer_middleware(_wrapped, event=event, data=kwargs)
  File "/Users/kamamber/Desktop/giftWinnerBot/venv/lib/python3.9/site-packages/aiogram/dispatcher/router.py", line 123, in _wrapped
    return await self._propagate_event(
  File "/Users/kamamber/Desktop/giftWinnerBot/venv/lib/python3.9/site-packages/aiogram/dispatcher/router.py", line 148, in _propagate_event
    response = await observer.trigger(event, **kwargs)
  File "/Users/kamamber/Desktop/giftWinnerBot/venv/lib/python3.9/site-packages/aiogram/dispatcher/event/telegram.py", line 121, in trigger
    return await wrapped_inner(event, kwargs)
  File "/Users/kamamber/Desktop/giftWinnerBot/venv/lib/python3.9/site-packages/aiogram/dispatcher/event/handler.py", line 43, in call
    return await wrapped()
  File "/Users/kamamber/Desktop/giftWinnerBot/src/handlers/post/post_routes.py", line 35, in post_find
    await add_all_new_posts_to_database()
  File "/Users/kamamber/Desktop/giftWinnerBot/src/services/services.py", line 20, in add_all_new_posts_to_database
    validated_posts = get_validated_posts(posts)
  File "/Users/kamamber/Desktop/giftWinnerBot/src/services/utils.py", line 35, in get_validated_posts
    if post_is_validated(post):
  File "/Users/kamamber/Desktop/giftWinnerBot/src/services/utils.py", line 61, in post_is_validated
    if 'copy_history' not in post.keys():
AttributeError: 'list' object has no attribute 'keys'
2024-05-04 23:29:10,436 - WARNING - dispatcher.py - 455 - Received SIGINT signal
2024-05-04 23:29:10,437 - INFO - dispatcher.py - 359 - Polling stopped for bot @testoooooooooooo_bot id=7090078691 - 'Тестовый бот'
2024-05-04 23:29:10,437 - INFO - dispatcher.py - 554 - Polling stopped
2024-05-04 23:29:12,866 - INFO - dispatcher.py - 527 - Start polling
2024-05-04 23:29:12,936 - INFO - dispatcher.py - 341 - Run polling for bot @testoooooooooooo_bot id=7090078691 - 'Тестовый бот'
2024-05-04 23:29:15,332 - INFO - dispatcher.py - 172 - Update id=588933850 is handled. Duration 1059 ms by bot id=7090078691
2024-05-04 23:29:20,178 - WARNING - dispatcher.py - 455 - Received SIGINT signal
2024-05-04 23:29:20,180 - INFO - dispatcher.py - 359 - Polling stopped for bot @testoooooooooooo_bot id=7090078691 - 'Тестовый бот'
2024-05-04 23:29:20,180 - INFO - dispatcher.py - 554 - Polling stopped
2024-05-04 23:29:22,605 - INFO - dispatcher.py - 527 - Start polling
2024-05-04 23:29:22,660 - INFO - dispatcher.py - 341 - Run polling for bot @testoooooooooooo_bot id=7090078691 - 'Тестовый бот'
2024-05-04 23:29:26,336 - INFO - dispatcher.py - 172 - Update id=588933851 is handled. Duration 287 ms by bot id=7090078691
2024-05-04 23:29:27,190 - INFO - dispatcher.py - 172 - Update id=588933852 is not handled. Duration 346 ms by bot id=7090078691
2024-05-04 23:29:27,191 - ERROR - dispatcher.py - 315 - Cause exception while process update id=588933852 by bot id=7090078691
AttributeError: 'list' object has no attribute 'keys'
Traceback (most recent call last):
  File "/Users/kamamber/Desktop/giftWinnerBot/venv/lib/python3.9/site-packages/aiogram/dispatcher/dispatcher.py", line 309, in _process_update
    response = await self.feed_update(bot, update, **kwargs)
  File "/Users/kamamber/Desktop/giftWinnerBot/venv/lib/python3.9/site-packages/aiogram/dispatcher/dispatcher.py", line 158, in feed_update
    response = await self.update.wrap_outer_middleware(
  File "/Users/kamamber/Desktop/giftWinnerBot/venv/lib/python3.9/site-packages/aiogram/dispatcher/middlewares/error.py", line 25, in __call__
    return await handler(event, data)
  File "/Users/kamamber/Desktop/giftWinnerBot/venv/lib/python3.9/site-packages/aiogram/dispatcher/middlewares/user_context.py", line 27, in __call__
    return await handler(event, data)
  File "/Users/kamamber/Desktop/giftWinnerBot/venv/lib/python3.9/site-packages/aiogram/fsm/middleware.py", line 41, in __call__
    return await handler(event, data)
  File "/Users/kamamber/Desktop/giftWinnerBot/venv/lib/python3.9/site-packages/aiogram/dispatcher/event/telegram.py", line 121, in trigger
    return await wrapped_inner(event, kwargs)
  File "/Users/kamamber/Desktop/giftWinnerBot/venv/lib/python3.9/site-packages/aiogram/dispatcher/event/handler.py", line 43, in call
    return await wrapped()
  File "/Users/kamamber/Desktop/giftWinnerBot/venv/lib/python3.9/site-packages/aiogram/dispatcher/dispatcher.py", line 276, in _listen_update
    return await self.propagate_event(update_type=update_type, event=event, **kwargs)
  File "/Users/kamamber/Desktop/giftWinnerBot/venv/lib/python3.9/site-packages/aiogram/dispatcher/router.py", line 128, in propagate_event
    return await observer.wrap_outer_middleware(_wrapped, event=event, data=kwargs)
  File "/Users/kamamber/Desktop/giftWinnerBot/venv/lib/python3.9/site-packages/aiogram/dispatcher/router.py", line 123, in _wrapped
    return await self._propagate_event(
  File "/Users/kamamber/Desktop/giftWinnerBot/venv/lib/python3.9/site-packages/aiogram/dispatcher/router.py", line 156, in _propagate_event
    response = await router.propagate_event(update_type=update_type, event=event, **kwargs)
  File "/Users/kamamber/Desktop/giftWinnerBot/venv/lib/python3.9/site-packages/aiogram/dispatcher/router.py", line 128, in propagate_event
    return await observer.wrap_outer_middleware(_wrapped, event=event, data=kwargs)
  File "/Users/kamamber/Desktop/giftWinnerBot/venv/lib/python3.9/site-packages/aiogram/dispatcher/router.py", line 123, in _wrapped
    return await self._propagate_event(
  File "/Users/kamamber/Desktop/giftWinnerBot/venv/lib/python3.9/site-packages/aiogram/dispatcher/router.py", line 148, in _propagate_event
    response = await observer.trigger(event, **kwargs)
  File "/Users/kamamber/Desktop/giftWinnerBot/venv/lib/python3.9/site-packages/aiogram/dispatcher/event/telegram.py", line 121, in trigger
    return await wrapped_inner(event, kwargs)
  File "/Users/kamamber/Desktop/giftWinnerBot/venv/lib/python3.9/site-packages/aiogram/dispatcher/event/handler.py", line 43, in call
    return await wrapped()
  File "/Users/kamamber/Desktop/giftWinnerBot/src/handlers/post/post_routes.py", line 35, in post_find
    await add_all_new_posts_to_database()
  File "/Users/kamamber/Desktop/giftWinnerBot/src/services/services.py", line 20, in add_all_new_posts_to_database
    validated_posts = get_validated_posts(posts)
  File "/Users/kamamber/Desktop/giftWinnerBot/src/services/utils.py", line 33, in get_validated_posts
    if post_is_validated(post):
  File "/Users/kamamber/Desktop/giftWinnerBot/src/services/utils.py", line 59, in post_is_validated
    if 'copy_history' not in post.keys():
AttributeError: 'list' object has no attribute 'keys'
2024-05-04 23:29:51,630 - WARNING - dispatcher.py - 455 - Received SIGINT signal
2024-05-04 23:29:51,632 - INFO - dispatcher.py - 359 - Polling stopped for bot @testoooooooooooo_bot id=7090078691 - 'Тестовый бот'
2024-05-04 23:29:51,632 - INFO - dispatcher.py - 554 - Polling stopped
2024-05-04 23:29:53,959 - INFO - dispatcher.py - 527 - Start polling
2024-05-04 23:29:54,003 - INFO - dispatcher.py - 341 - Run polling for bot @testoooooooooooo_bot id=7090078691 - 'Тестовый бот'
2024-05-04 23:29:55,664 - INFO - dispatcher.py - 172 - Update id=588933853 is handled. Duration 333 ms by bot id=7090078691
2024-05-04 23:29:56,515 - INFO - dispatcher.py - 172 - Update id=588933854 is handled. Duration 146 ms by bot id=7090078691
2024-05-04 23:29:57,446 - INFO - dispatcher.py - 172 - Update id=588933855 is not handled. Duration 439 ms by bot id=7090078691
2024-05-04 23:29:57,447 - ERROR - dispatcher.py - 315 - Cause exception while process update id=588933855 by bot id=7090078691
AttributeError: 'list' object has no attribute 'keys'
Traceback (most recent call last):
  File "/Users/kamamber/Desktop/giftWinnerBot/venv/lib/python3.9/site-packages/aiogram/dispatcher/dispatcher.py", line 309, in _process_update
    response = await self.feed_update(bot, update, **kwargs)
  File "/Users/kamamber/Desktop/giftWinnerBot/venv/lib/python3.9/site-packages/aiogram/dispatcher/dispatcher.py", line 158, in feed_update
    response = await self.update.wrap_outer_middleware(
  File "/Users/kamamber/Desktop/giftWinnerBot/venv/lib/python3.9/site-packages/aiogram/dispatcher/middlewares/error.py", line 25, in __call__
    return await handler(event, data)
  File "/Users/kamamber/Desktop/giftWinnerBot/venv/lib/python3.9/site-packages/aiogram/dispatcher/middlewares/user_context.py", line 27, in __call__
    return await handler(event, data)
  File "/Users/kamamber/Desktop/giftWinnerBot/venv/lib/python3.9/site-packages/aiogram/fsm/middleware.py", line 41, in __call__
    return await handler(event, data)
  File "/Users/kamamber/Desktop/giftWinnerBot/venv/lib/python3.9/site-packages/aiogram/dispatcher/event/telegram.py", line 121, in trigger
    return await wrapped_inner(event, kwargs)
  File "/Users/kamamber/Desktop/giftWinnerBot/venv/lib/python3.9/site-packages/aiogram/dispatcher/event/handler.py", line 43, in call
    return await wrapped()
  File "/Users/kamamber/Desktop/giftWinnerBot/venv/lib/python3.9/site-packages/aiogram/dispatcher/dispatcher.py", line 276, in _listen_update
    return await self.propagate_event(update_type=update_type, event=event, **kwargs)
  File "/Users/kamamber/Desktop/giftWinnerBot/venv/lib/python3.9/site-packages/aiogram/dispatcher/router.py", line 128, in propagate_event
    return await observer.wrap_outer_middleware(_wrapped, event=event, data=kwargs)
  File "/Users/kamamber/Desktop/giftWinnerBot/venv/lib/python3.9/site-packages/aiogram/dispatcher/router.py", line 123, in _wrapped
    return await self._propagate_event(
  File "/Users/kamamber/Desktop/giftWinnerBot/venv/lib/python3.9/site-packages/aiogram/dispatcher/router.py", line 156, in _propagate_event
    response = await router.propagate_event(update_type=update_type, event=event, **kwargs)
  File "/Users/kamamber/Desktop/giftWinnerBot/venv/lib/python3.9/site-packages/aiogram/dispatcher/router.py", line 128, in propagate_event
    return await observer.wrap_outer_middleware(_wrapped, event=event, data=kwargs)
  File "/Users/kamamber/Desktop/giftWinnerBot/venv/lib/python3.9/site-packages/aiogram/dispatcher/router.py", line 123, in _wrapped
    return await self._propagate_event(
  File "/Users/kamamber/Desktop/giftWinnerBot/venv/lib/python3.9/site-packages/aiogram/dispatcher/router.py", line 148, in _propagate_event
    response = await observer.trigger(event, **kwargs)
  File "/Users/kamamber/Desktop/giftWinnerBot/venv/lib/python3.9/site-packages/aiogram/dispatcher/event/telegram.py", line 121, in trigger
    return await wrapped_inner(event, kwargs)
  File "/Users/kamamber/Desktop/giftWinnerBot/venv/lib/python3.9/site-packages/aiogram/dispatcher/event/handler.py", line 43, in call
    return await wrapped()
  File "/Users/kamamber/Desktop/giftWinnerBot/src/handlers/post/post_routes.py", line 35, in post_find
    await add_all_new_posts_to_database()
  File "/Users/kamamber/Desktop/giftWinnerBot/src/services/services.py", line 20, in add_all_new_posts_to_database
    validated_posts = get_validated_posts(posts)
  File "/Users/kamamber/Desktop/giftWinnerBot/src/services/utils.py", line 33, in get_validated_posts
    if post_is_validated(post):
  File "/Users/kamamber/Desktop/giftWinnerBot/src/services/utils.py", line 58, in post_is_validated
    if 'copy_history' not in post.keys():
AttributeError: 'list' object has no attribute 'keys'
2024-05-04 23:31:08,829 - WARNING - dispatcher.py - 455 - Received SIGINT signal
2024-05-04 23:31:08,831 - INFO - dispatcher.py - 359 - Polling stopped for bot @testoooooooooooo_bot id=7090078691 - 'Тестовый бот'
2024-05-04 23:31:08,831 - INFO - dispatcher.py - 554 - Polling stopped
2024-05-04 23:31:11,275 - INFO - dispatcher.py - 527 - Start polling
2024-05-04 23:31:11,332 - INFO - dispatcher.py - 341 - Run polling for bot @testoooooooooooo_bot id=7090078691 - 'Тестовый бот'
2024-05-04 23:31:12,227 - INFO - dispatcher.py - 172 - Update id=588933856 is handled. Duration 330 ms by bot id=7090078691
2024-05-04 23:31:13,295 - INFO - dispatcher.py - 172 - Update id=588933857 is handled. Duration 195 ms by bot id=7090078691
2024-05-04 23:31:14,199 - INFO - dispatcher.py - 172 - Update id=588933858 is not handled. Duration 317 ms by bot id=7090078691
2024-05-04 23:31:14,199 - ERROR - dispatcher.py - 315 - Cause exception while process update id=588933858 by bot id=7090078691
AttributeError: 'list' object has no attribute 'keys'
Traceback (most recent call last):
  File "/Users/kamamber/Desktop/giftWinnerBot/venv/lib/python3.9/site-packages/aiogram/dispatcher/dispatcher.py", line 309, in _process_update
    response = await self.feed_update(bot, update, **kwargs)
  File "/Users/kamamber/Desktop/giftWinnerBot/venv/lib/python3.9/site-packages/aiogram/dispatcher/dispatcher.py", line 158, in feed_update
    response = await self.update.wrap_outer_middleware(
  File "/Users/kamamber/Desktop/giftWinnerBot/venv/lib/python3.9/site-packages/aiogram/dispatcher/middlewares/error.py", line 25, in __call__
    return await handler(event, data)
  File "/Users/kamamber/Desktop/giftWinnerBot/venv/lib/python3.9/site-packages/aiogram/dispatcher/middlewares/user_context.py", line 27, in __call__
    return await handler(event, data)
  File "/Users/kamamber/Desktop/giftWinnerBot/venv/lib/python3.9/site-packages/aiogram/fsm/middleware.py", line 41, in __call__
    return await handler(event, data)
  File "/Users/kamamber/Desktop/giftWinnerBot/venv/lib/python3.9/site-packages/aiogram/dispatcher/event/telegram.py", line 121, in trigger
    return await wrapped_inner(event, kwargs)
  File "/Users/kamamber/Desktop/giftWinnerBot/venv/lib/python3.9/site-packages/aiogram/dispatcher/event/handler.py", line 43, in call
    return await wrapped()
  File "/Users/kamamber/Desktop/giftWinnerBot/venv/lib/python3.9/site-packages/aiogram/dispatcher/dispatcher.py", line 276, in _listen_update
    return await self.propagate_event(update_type=update_type, event=event, **kwargs)
  File "/Users/kamamber/Desktop/giftWinnerBot/venv/lib/python3.9/site-packages/aiogram/dispatcher/router.py", line 128, in propagate_event
    return await observer.wrap_outer_middleware(_wrapped, event=event, data=kwargs)
  File "/Users/kamamber/Desktop/giftWinnerBot/venv/lib/python3.9/site-packages/aiogram/dispatcher/router.py", line 123, in _wrapped
    return await self._propagate_event(
  File "/Users/kamamber/Desktop/giftWinnerBot/venv/lib/python3.9/site-packages/aiogram/dispatcher/router.py", line 156, in _propagate_event
    response = await router.propagate_event(update_type=update_type, event=event, **kwargs)
  File "/Users/kamamber/Desktop/giftWinnerBot/venv/lib/python3.9/site-packages/aiogram/dispatcher/router.py", line 128, in propagate_event
    return await observer.wrap_outer_middleware(_wrapped, event=event, data=kwargs)
  File "/Users/kamamber/Desktop/giftWinnerBot/venv/lib/python3.9/site-packages/aiogram/dispatcher/router.py", line 123, in _wrapped
    return await self._propagate_event(
  File "/Users/kamamber/Desktop/giftWinnerBot/venv/lib/python3.9/site-packages/aiogram/dispatcher/router.py", line 148, in _propagate_event
    response = await observer.trigger(event, **kwargs)
  File "/Users/kamamber/Desktop/giftWinnerBot/venv/lib/python3.9/site-packages/aiogram/dispatcher/event/telegram.py", line 121, in trigger
    return await wrapped_inner(event, kwargs)
  File "/Users/kamamber/Desktop/giftWinnerBot/venv/lib/python3.9/site-packages/aiogram/dispatcher/event/handler.py", line 43, in call
    return await wrapped()
  File "/Users/kamamber/Desktop/giftWinnerBot/src/handlers/post/post_routes.py", line 35, in post_find
    await add_all_new_posts_to_database()
  File "/Users/kamamber/Desktop/giftWinnerBot/src/services/services.py", line 20, in add_all_new_posts_to_database
    validated_posts = get_validated_posts(posts)
  File "/Users/kamamber/Desktop/giftWinnerBot/src/services/utils.py", line 33, in get_validated_posts
    if post_is_validated(post):
  File "/Users/kamamber/Desktop/giftWinnerBot/src/services/utils.py", line 58, in post_is_validated
    if 'copy_history' not in post.keys():
AttributeError: 'list' object has no attribute 'keys'
2024-05-04 23:31:32,411 - WARNING - dispatcher.py - 455 - Received SIGINT signal
2024-05-04 23:31:32,412 - INFO - dispatcher.py - 359 - Polling stopped for bot @testoooooooooooo_bot id=7090078691 - 'Тестовый бот'
2024-05-04 23:31:32,412 - INFO - dispatcher.py - 554 - Polling stopped
2024-05-04 23:31:34,729 - INFO - dispatcher.py - 527 - Start polling
2024-05-04 23:31:34,782 - INFO - dispatcher.py - 341 - Run polling for bot @testoooooooooooo_bot id=7090078691 - 'Тестовый бот'
2024-05-04 23:31:35,769 - INFO - dispatcher.py - 172 - Update id=588933859 is handled. Duration 243 ms by bot id=7090078691
2024-05-04 23:31:36,770 - INFO - dispatcher.py - 172 - Update id=588933860 is handled. Duration 89 ms by bot id=7090078691
2024-05-04 23:31:37,707 - INFO - dispatcher.py - 172 - Update id=588933861 is not handled. Duration 369 ms by bot id=7090078691
2024-05-04 23:31:37,707 - ERROR - dispatcher.py - 315 - Cause exception while process update id=588933861 by bot id=7090078691
AttributeError: 'list' object has no attribute 'keys'
Traceback (most recent call last):
  File "/Users/kamamber/Desktop/giftWinnerBot/venv/lib/python3.9/site-packages/aiogram/dispatcher/dispatcher.py", line 309, in _process_update
    response = await self.feed_update(bot, update, **kwargs)
  File "/Users/kamamber/Desktop/giftWinnerBot/venv/lib/python3.9/site-packages/aiogram/dispatcher/dispatcher.py", line 158, in feed_update
    response = await self.update.wrap_outer_middleware(
  File "/Users/kamamber/Desktop/giftWinnerBot/venv/lib/python3.9/site-packages/aiogram/dispatcher/middlewares/error.py", line 25, in __call__
    return await handler(event, data)
  File "/Users/kamamber/Desktop/giftWinnerBot/venv/lib/python3.9/site-packages/aiogram/dispatcher/middlewares/user_context.py", line 27, in __call__
    return await handler(event, data)
  File "/Users/kamamber/Desktop/giftWinnerBot/venv/lib/python3.9/site-packages/aiogram/fsm/middleware.py", line 41, in __call__
    return await handler(event, data)
  File "/Users/kamamber/Desktop/giftWinnerBot/venv/lib/python3.9/site-packages/aiogram/dispatcher/event/telegram.py", line 121, in trigger
    return await wrapped_inner(event, kwargs)
  File "/Users/kamamber/Desktop/giftWinnerBot/venv/lib/python3.9/site-packages/aiogram/dispatcher/event/handler.py", line 43, in call
    return await wrapped()
  File "/Users/kamamber/Desktop/giftWinnerBot/venv/lib/python3.9/site-packages/aiogram/dispatcher/dispatcher.py", line 276, in _listen_update
    return await self.propagate_event(update_type=update_type, event=event, **kwargs)
  File "/Users/kamamber/Desktop/giftWinnerBot/venv/lib/python3.9/site-packages/aiogram/dispatcher/router.py", line 128, in propagate_event
    return await observer.wrap_outer_middleware(_wrapped, event=event, data=kwargs)
  File "/Users/kamamber/Desktop/giftWinnerBot/venv/lib/python3.9/site-packages/aiogram/dispatcher/router.py", line 123, in _wrapped
    return await self._propagate_event(
  File "/Users/kamamber/Desktop/giftWinnerBot/venv/lib/python3.9/site-packages/aiogram/dispatcher/router.py", line 156, in _propagate_event
    response = await router.propagate_event(update_type=update_type, event=event, **kwargs)
  File "/Users/kamamber/Desktop/giftWinnerBot/venv/lib/python3.9/site-packages/aiogram/dispatcher/router.py", line 128, in propagate_event
    return await observer.wrap_outer_middleware(_wrapped, event=event, data=kwargs)
  File "/Users/kamamber/Desktop/giftWinnerBot/venv/lib/python3.9/site-packages/aiogram/dispatcher/router.py", line 123, in _wrapped
    return await self._propagate_event(
  File "/Users/kamamber/Desktop/giftWinnerBot/venv/lib/python3.9/site-packages/aiogram/dispatcher/router.py", line 148, in _propagate_event
    response = await observer.trigger(event, **kwargs)
  File "/Users/kamamber/Desktop/giftWinnerBot/venv/lib/python3.9/site-packages/aiogram/dispatcher/event/telegram.py", line 121, in trigger
    return await wrapped_inner(event, kwargs)
  File "/Users/kamamber/Desktop/giftWinnerBot/venv/lib/python3.9/site-packages/aiogram/dispatcher/event/handler.py", line 43, in call
    return await wrapped()
  File "/Users/kamamber/Desktop/giftWinnerBot/src/handlers/post/post_routes.py", line 35, in post_find
    await add_all_new_posts_to_database()
  File "/Users/kamamber/Desktop/giftWinnerBot/src/services/services.py", line 20, in add_all_new_posts_to_database
    validated_posts = get_validated_posts(posts)
  File "/Users/kamamber/Desktop/giftWinnerBot/src/services/utils.py", line 33, in get_validated_posts
    if post_is_validated(post):
  File "/Users/kamamber/Desktop/giftWinnerBot/src/services/utils.py", line 58, in post_is_validated
    if 'copy_history' not in post.keys():
AttributeError: 'list' object has no attribute 'keys'
2024-05-04 23:31:47,339 - WARNING - dispatcher.py - 455 - Received SIGINT signal
2024-05-04 23:31:47,340 - INFO - dispatcher.py - 359 - Polling stopped for bot @testoooooooooooo_bot id=7090078691 - 'Тестовый бот'
2024-05-04 23:31:47,340 - INFO - dispatcher.py - 554 - Polling stopped
2024-05-04 23:31:49,699 - INFO - dispatcher.py - 527 - Start polling
2024-05-04 23:31:49,758 - INFO - dispatcher.py - 341 - Run polling for bot @testoooooooooooo_bot id=7090078691 - 'Тестовый бот'
2024-05-04 23:31:50,755 - INFO - dispatcher.py - 172 - Update id=588933862 is handled. Duration 266 ms by bot id=7090078691
2024-05-04 23:31:51,790 - INFO - dispatcher.py - 172 - Update id=588933863 is handled. Duration 101 ms by bot id=7090078691
2024-05-04 23:31:52,702 - INFO - dispatcher.py - 172 - Update id=588933864 is not handled. Duration 398 ms by bot id=7090078691
2024-05-04 23:31:52,703 - ERROR - dispatcher.py - 315 - Cause exception while process update id=588933864 by bot id=7090078691
AttributeError: 'list' object has no attribute 'keys'
Traceback (most recent call last):
  File "/Users/kamamber/Desktop/giftWinnerBot/venv/lib/python3.9/site-packages/aiogram/dispatcher/dispatcher.py", line 309, in _process_update
    response = await self.feed_update(bot, update, **kwargs)
  File "/Users/kamamber/Desktop/giftWinnerBot/venv/lib/python3.9/site-packages/aiogram/dispatcher/dispatcher.py", line 158, in feed_update
    response = await self.update.wrap_outer_middleware(
  File "/Users/kamamber/Desktop/giftWinnerBot/venv/lib/python3.9/site-packages/aiogram/dispatcher/middlewares/error.py", line 25, in __call__
    return await handler(event, data)
  File "/Users/kamamber/Desktop/giftWinnerBot/venv/lib/python3.9/site-packages/aiogram/dispatcher/middlewares/user_context.py", line 27, in __call__
    return await handler(event, data)
  File "/Users/kamamber/Desktop/giftWinnerBot/venv/lib/python3.9/site-packages/aiogram/fsm/middleware.py", line 41, in __call__
    return await handler(event, data)
  File "/Users/kamamber/Desktop/giftWinnerBot/venv/lib/python3.9/site-packages/aiogram/dispatcher/event/telegram.py", line 121, in trigger
    return await wrapped_inner(event, kwargs)
  File "/Users/kamamber/Desktop/giftWinnerBot/venv/lib/python3.9/site-packages/aiogram/dispatcher/event/handler.py", line 43, in call
    return await wrapped()
  File "/Users/kamamber/Desktop/giftWinnerBot/venv/lib/python3.9/site-packages/aiogram/dispatcher/dispatcher.py", line 276, in _listen_update
    return await self.propagate_event(update_type=update_type, event=event, **kwargs)
  File "/Users/kamamber/Desktop/giftWinnerBot/venv/lib/python3.9/site-packages/aiogram/dispatcher/router.py", line 128, in propagate_event
    return await observer.wrap_outer_middleware(_wrapped, event=event, data=kwargs)
  File "/Users/kamamber/Desktop/giftWinnerBot/venv/lib/python3.9/site-packages/aiogram/dispatcher/router.py", line 123, in _wrapped
    return await self._propagate_event(
  File "/Users/kamamber/Desktop/giftWinnerBot/venv/lib/python3.9/site-packages/aiogram/dispatcher/router.py", line 156, in _propagate_event
    response = await router.propagate_event(update_type=update_type, event=event, **kwargs)
  File "/Users/kamamber/Desktop/giftWinnerBot/venv/lib/python3.9/site-packages/aiogram/dispatcher/router.py", line 128, in propagate_event
    return await observer.wrap_outer_middleware(_wrapped, event=event, data=kwargs)
  File "/Users/kamamber/Desktop/giftWinnerBot/venv/lib/python3.9/site-packages/aiogram/dispatcher/router.py", line 123, in _wrapped
    return await self._propagate_event(
  File "/Users/kamamber/Desktop/giftWinnerBot/venv/lib/python3.9/site-packages/aiogram/dispatcher/router.py", line 148, in _propagate_event
    response = await observer.trigger(event, **kwargs)
  File "/Users/kamamber/Desktop/giftWinnerBot/venv/lib/python3.9/site-packages/aiogram/dispatcher/event/telegram.py", line 121, in trigger
    return await wrapped_inner(event, kwargs)
  File "/Users/kamamber/Desktop/giftWinnerBot/venv/lib/python3.9/site-packages/aiogram/dispatcher/event/handler.py", line 43, in call
    return await wrapped()
  File "/Users/kamamber/Desktop/giftWinnerBot/src/handlers/post/post_routes.py", line 35, in post_find
    await add_all_new_posts_to_database()
  File "/Users/kamamber/Desktop/giftWinnerBot/src/services/services.py", line 20, in add_all_new_posts_to_database
    validated_posts = get_validated_posts(posts)
  File "/Users/kamamber/Desktop/giftWinnerBot/src/services/utils.py", line 33, in get_validated_posts
    if post_is_validated(post):
  File "/Users/kamamber/Desktop/giftWinnerBot/src/services/utils.py", line 58, in post_is_validated
    if 'copy_history' not in post.keys():
AttributeError: 'list' object has no attribute 'keys'
2024-05-04 23:32:08,185 - WARNING - dispatcher.py - 455 - Received SIGINT signal
2024-05-04 23:32:08,186 - INFO - dispatcher.py - 359 - Polling stopped for bot @testoooooooooooo_bot id=7090078691 - 'Тестовый бот'
2024-05-04 23:32:08,187 - INFO - dispatcher.py - 554 - Polling stopped
2024-05-04 23:32:10,484 - INFO - dispatcher.py - 527 - Start polling
2024-05-04 23:32:10,541 - INFO - dispatcher.py - 341 - Run polling for bot @testoooooooooooo_bot id=7090078691 - 'Тестовый бот'
2024-05-04 23:32:12,030 - INFO - dispatcher.py - 172 - Update id=588933865 is handled. Duration 225 ms by bot id=7090078691
2024-05-04 23:32:12,951 - INFO - dispatcher.py - 172 - Update id=588933866 is handled. Duration 85 ms by bot id=7090078691
2024-05-04 23:32:13,737 - INFO - dispatcher.py - 172 - Update id=588933867 is not handled. Duration 333 ms by bot id=7090078691
2024-05-04 23:32:13,737 - ERROR - dispatcher.py - 315 - Cause exception while process update id=588933867 by bot id=7090078691
AttributeError: 'list' object has no attribute 'keys'
Traceback (most recent call last):
  File "/Users/kamamber/Desktop/giftWinnerBot/venv/lib/python3.9/site-packages/aiogram/dispatcher/dispatcher.py", line 309, in _process_update
    response = await self.feed_update(bot, update, **kwargs)
  File "/Users/kamamber/Desktop/giftWinnerBot/venv/lib/python3.9/site-packages/aiogram/dispatcher/dispatcher.py", line 158, in feed_update
    response = await self.update.wrap_outer_middleware(
  File "/Users/kamamber/Desktop/giftWinnerBot/venv/lib/python3.9/site-packages/aiogram/dispatcher/middlewares/error.py", line 25, in __call__
    return await handler(event, data)
  File "/Users/kamamber/Desktop/giftWinnerBot/venv/lib/python3.9/site-packages/aiogram/dispatcher/middlewares/user_context.py", line 27, in __call__
    return await handler(event, data)
  File "/Users/kamamber/Desktop/giftWinnerBot/venv/lib/python3.9/site-packages/aiogram/fsm/middleware.py", line 41, in __call__
    return await handler(event, data)
  File "/Users/kamamber/Desktop/giftWinnerBot/venv/lib/python3.9/site-packages/aiogram/dispatcher/event/telegram.py", line 121, in trigger
    return await wrapped_inner(event, kwargs)
  File "/Users/kamamber/Desktop/giftWinnerBot/venv/lib/python3.9/site-packages/aiogram/dispatcher/event/handler.py", line 43, in call
    return await wrapped()
  File "/Users/kamamber/Desktop/giftWinnerBot/venv/lib/python3.9/site-packages/aiogram/dispatcher/dispatcher.py", line 276, in _listen_update
    return await self.propagate_event(update_type=update_type, event=event, **kwargs)
  File "/Users/kamamber/Desktop/giftWinnerBot/venv/lib/python3.9/site-packages/aiogram/dispatcher/router.py", line 128, in propagate_event
    return await observer.wrap_outer_middleware(_wrapped, event=event, data=kwargs)
  File "/Users/kamamber/Desktop/giftWinnerBot/venv/lib/python3.9/site-packages/aiogram/dispatcher/router.py", line 123, in _wrapped
    return await self._propagate_event(
  File "/Users/kamamber/Desktop/giftWinnerBot/venv/lib/python3.9/site-packages/aiogram/dispatcher/router.py", line 156, in _propagate_event
    response = await router.propagate_event(update_type=update_type, event=event, **kwargs)
  File "/Users/kamamber/Desktop/giftWinnerBot/venv/lib/python3.9/site-packages/aiogram/dispatcher/router.py", line 128, in propagate_event
    return await observer.wrap_outer_middleware(_wrapped, event=event, data=kwargs)
  File "/Users/kamamber/Desktop/giftWinnerBot/venv/lib/python3.9/site-packages/aiogram/dispatcher/router.py", line 123, in _wrapped
    return await self._propagate_event(
  File "/Users/kamamber/Desktop/giftWinnerBot/venv/lib/python3.9/site-packages/aiogram/dispatcher/router.py", line 148, in _propagate_event
    response = await observer.trigger(event, **kwargs)
  File "/Users/kamamber/Desktop/giftWinnerBot/venv/lib/python3.9/site-packages/aiogram/dispatcher/event/telegram.py", line 121, in trigger
    return await wrapped_inner(event, kwargs)
  File "/Users/kamamber/Desktop/giftWinnerBot/venv/lib/python3.9/site-packages/aiogram/dispatcher/event/handler.py", line 43, in call
    return await wrapped()
  File "/Users/kamamber/Desktop/giftWinnerBot/src/handlers/post/post_routes.py", line 35, in post_find
    await add_all_new_posts_to_database()
  File "/Users/kamamber/Desktop/giftWinnerBot/src/services/services.py", line 20, in add_all_new_posts_to_database
    validated_posts = get_validated_posts(posts)
  File "/Users/kamamber/Desktop/giftWinnerBot/src/services/utils.py", line 33, in get_validated_posts
    if post_is_validated(post):
  File "/Users/kamamber/Desktop/giftWinnerBot/src/services/utils.py", line 58, in post_is_validated
    if 'copy_history' not in post.keys():
AttributeError: 'list' object has no attribute 'keys'
2024-05-04 23:32:39,342 - WARNING - dispatcher.py - 455 - Received SIGINT signal
2024-05-04 23:32:39,343 - INFO - dispatcher.py - 359 - Polling stopped for bot @testoooooooooooo_bot id=7090078691 - 'Тестовый бот'
2024-05-04 23:32:39,343 - INFO - dispatcher.py - 554 - Polling stopped
2024-05-04 23:32:41,711 - INFO - dispatcher.py - 527 - Start polling
2024-05-04 23:32:41,760 - INFO - dispatcher.py - 341 - Run polling for bot @testoooooooooooo_bot id=7090078691 - 'Тестовый бот'
2024-05-04 23:32:42,801 - INFO - dispatcher.py - 172 - Update id=588933868 is handled. Duration 242 ms by bot id=7090078691
2024-05-04 23:32:43,690 - INFO - dispatcher.py - 172 - Update id=588933869 is handled. Duration 178 ms by bot id=7090078691
2024-05-04 23:32:44,450 - INFO - dispatcher.py - 172 - Update id=588933870 is not handled. Duration 331 ms by bot id=7090078691
2024-05-04 23:32:44,451 - ERROR - dispatcher.py - 315 - Cause exception while process update id=588933870 by bot id=7090078691
AttributeError: 'list' object has no attribute 'keys'
Traceback (most recent call last):
  File "/Users/kamamber/Desktop/giftWinnerBot/venv/lib/python3.9/site-packages/aiogram/dispatcher/dispatcher.py", line 309, in _process_update
    response = await self.feed_update(bot, update, **kwargs)
  File "/Users/kamamber/Desktop/giftWinnerBot/venv/lib/python3.9/site-packages/aiogram/dispatcher/dispatcher.py", line 158, in feed_update
    response = await self.update.wrap_outer_middleware(
  File "/Users/kamamber/Desktop/giftWinnerBot/venv/lib/python3.9/site-packages/aiogram/dispatcher/middlewares/error.py", line 25, in __call__
    return await handler(event, data)
  File "/Users/kamamber/Desktop/giftWinnerBot/venv/lib/python3.9/site-packages/aiogram/dispatcher/middlewares/user_context.py", line 27, in __call__
    return await handler(event, data)
  File "/Users/kamamber/Desktop/giftWinnerBot/venv/lib/python3.9/site-packages/aiogram/fsm/middleware.py", line 41, in __call__
    return await handler(event, data)
  File "/Users/kamamber/Desktop/giftWinnerBot/venv/lib/python3.9/site-packages/aiogram/dispatcher/event/telegram.py", line 121, in trigger
    return await wrapped_inner(event, kwargs)
  File "/Users/kamamber/Desktop/giftWinnerBot/venv/lib/python3.9/site-packages/aiogram/dispatcher/event/handler.py", line 43, in call
    return await wrapped()
  File "/Users/kamamber/Desktop/giftWinnerBot/venv/lib/python3.9/site-packages/aiogram/dispatcher/dispatcher.py", line 276, in _listen_update
    return await self.propagate_event(update_type=update_type, event=event, **kwargs)
  File "/Users/kamamber/Desktop/giftWinnerBot/venv/lib/python3.9/site-packages/aiogram/dispatcher/router.py", line 128, in propagate_event
    return await observer.wrap_outer_middleware(_wrapped, event=event, data=kwargs)
  File "/Users/kamamber/Desktop/giftWinnerBot/venv/lib/python3.9/site-packages/aiogram/dispatcher/router.py", line 123, in _wrapped
    return await self._propagate_event(
  File "/Users/kamamber/Desktop/giftWinnerBot/venv/lib/python3.9/site-packages/aiogram/dispatcher/router.py", line 156, in _propagate_event
    response = await router.propagate_event(update_type=update_type, event=event, **kwargs)
  File "/Users/kamamber/Desktop/giftWinnerBot/venv/lib/python3.9/site-packages/aiogram/dispatcher/router.py", line 128, in propagate_event
    return await observer.wrap_outer_middleware(_wrapped, event=event, data=kwargs)
  File "/Users/kamamber/Desktop/giftWinnerBot/venv/lib/python3.9/site-packages/aiogram/dispatcher/router.py", line 123, in _wrapped
    return await self._propagate_event(
  File "/Users/kamamber/Desktop/giftWinnerBot/venv/lib/python3.9/site-packages/aiogram/dispatcher/router.py", line 148, in _propagate_event
    response = await observer.trigger(event, **kwargs)
  File "/Users/kamamber/Desktop/giftWinnerBot/venv/lib/python3.9/site-packages/aiogram/dispatcher/event/telegram.py", line 121, in trigger
    return await wrapped_inner(event, kwargs)
  File "/Users/kamamber/Desktop/giftWinnerBot/venv/lib/python3.9/site-packages/aiogram/dispatcher/event/handler.py", line 43, in call
    return await wrapped()
  File "/Users/kamamber/Desktop/giftWinnerBot/src/handlers/post/post_routes.py", line 35, in post_find
    await add_all_new_posts_to_database()
  File "/Users/kamamber/Desktop/giftWinnerBot/src/services/services.py", line 20, in add_all_new_posts_to_database
    validated_posts = get_validated_posts(posts)
  File "/Users/kamamber/Desktop/giftWinnerBot/src/services/utils.py", line 33, in get_validated_posts
    if post_is_validated(post):
  File "/Users/kamamber/Desktop/giftWinnerBot/src/services/utils.py", line 58, in post_is_validated
    if 'copy_history' not in post.keys():
AttributeError: 'list' object has no attribute 'keys'
2024-05-04 23:32:54,215 - WARNING - dispatcher.py - 455 - Received SIGINT signal
2024-05-04 23:32:54,215 - INFO - dispatcher.py - 359 - Polling stopped for bot @testoooooooooooo_bot id=7090078691 - 'Тестовый бот'
2024-05-04 23:32:54,216 - INFO - dispatcher.py - 554 - Polling stopped
2024-05-04 23:32:56,709 - INFO - dispatcher.py - 527 - Start polling
2024-05-04 23:32:56,767 - INFO - dispatcher.py - 341 - Run polling for bot @testoooooooooooo_bot id=7090078691 - 'Тестовый бот'
2024-05-04 23:32:58,069 - INFO - dispatcher.py - 172 - Update id=588933871 is handled. Duration 254 ms by bot id=7090078691
2024-05-04 23:32:58,999 - INFO - dispatcher.py - 172 - Update id=588933872 is handled. Duration 96 ms by bot id=7090078691
2024-05-04 23:33:00,017 - INFO - dispatcher.py - 172 - Update id=588933873 is not handled. Duration 348 ms by bot id=7090078691
2024-05-04 23:33:00,018 - ERROR - dispatcher.py - 315 - Cause exception while process update id=588933873 by bot id=7090078691
AttributeError: 'list' object has no attribute 'keys'
Traceback (most recent call last):
  File "/Users/kamamber/Desktop/giftWinnerBot/venv/lib/python3.9/site-packages/aiogram/dispatcher/dispatcher.py", line 309, in _process_update
    response = await self.feed_update(bot, update, **kwargs)
  File "/Users/kamamber/Desktop/giftWinnerBot/venv/lib/python3.9/site-packages/aiogram/dispatcher/dispatcher.py", line 158, in feed_update
    response = await self.update.wrap_outer_middleware(
  File "/Users/kamamber/Desktop/giftWinnerBot/venv/lib/python3.9/site-packages/aiogram/dispatcher/middlewares/error.py", line 25, in __call__
    return await handler(event, data)
  File "/Users/kamamber/Desktop/giftWinnerBot/venv/lib/python3.9/site-packages/aiogram/dispatcher/middlewares/user_context.py", line 27, in __call__
    return await handler(event, data)
  File "/Users/kamamber/Desktop/giftWinnerBot/venv/lib/python3.9/site-packages/aiogram/fsm/middleware.py", line 41, in __call__
    return await handler(event, data)
  File "/Users/kamamber/Desktop/giftWinnerBot/venv/lib/python3.9/site-packages/aiogram/dispatcher/event/telegram.py", line 121, in trigger
    return await wrapped_inner(event, kwargs)
  File "/Users/kamamber/Desktop/giftWinnerBot/venv/lib/python3.9/site-packages/aiogram/dispatcher/event/handler.py", line 43, in call
    return await wrapped()
  File "/Users/kamamber/Desktop/giftWinnerBot/venv/lib/python3.9/site-packages/aiogram/dispatcher/dispatcher.py", line 276, in _listen_update
    return await self.propagate_event(update_type=update_type, event=event, **kwargs)
  File "/Users/kamamber/Desktop/giftWinnerBot/venv/lib/python3.9/site-packages/aiogram/dispatcher/router.py", line 128, in propagate_event
    return await observer.wrap_outer_middleware(_wrapped, event=event, data=kwargs)
  File "/Users/kamamber/Desktop/giftWinnerBot/venv/lib/python3.9/site-packages/aiogram/dispatcher/router.py", line 123, in _wrapped
    return await self._propagate_event(
  File "/Users/kamamber/Desktop/giftWinnerBot/venv/lib/python3.9/site-packages/aiogram/dispatcher/router.py", line 156, in _propagate_event
    response = await router.propagate_event(update_type=update_type, event=event, **kwargs)
  File "/Users/kamamber/Desktop/giftWinnerBot/venv/lib/python3.9/site-packages/aiogram/dispatcher/router.py", line 128, in propagate_event
    return await observer.wrap_outer_middleware(_wrapped, event=event, data=kwargs)
  File "/Users/kamamber/Desktop/giftWinnerBot/venv/lib/python3.9/site-packages/aiogram/dispatcher/router.py", line 123, in _wrapped
    return await self._propagate_event(
  File "/Users/kamamber/Desktop/giftWinnerBot/venv/lib/python3.9/site-packages/aiogram/dispatcher/router.py", line 148, in _propagate_event
    response = await observer.trigger(event, **kwargs)
  File "/Users/kamamber/Desktop/giftWinnerBot/venv/lib/python3.9/site-packages/aiogram/dispatcher/event/telegram.py", line 121, in trigger
    return await wrapped_inner(event, kwargs)
  File "/Users/kamamber/Desktop/giftWinnerBot/venv/lib/python3.9/site-packages/aiogram/dispatcher/event/handler.py", line 43, in call
    return await wrapped()
  File "/Users/kamamber/Desktop/giftWinnerBot/src/handlers/post/post_routes.py", line 35, in post_find
    await add_all_new_posts_to_database()
  File "/Users/kamamber/Desktop/giftWinnerBot/src/services/services.py", line 20, in add_all_new_posts_to_database
    validated_posts = get_validated_posts(posts)
  File "/Users/kamamber/Desktop/giftWinnerBot/src/services/utils.py", line 33, in get_validated_posts
    if post_is_validated(post):
  File "/Users/kamamber/Desktop/giftWinnerBot/src/services/utils.py", line 56, in post_is_validated
    print(post.keys())
AttributeError: 'list' object has no attribute 'keys'
2024-05-04 23:33:23,696 - WARNING - dispatcher.py - 455 - Received SIGINT signal
2024-05-04 23:33:23,698 - INFO - dispatcher.py - 359 - Polling stopped for bot @testoooooooooooo_bot id=7090078691 - 'Тестовый бот'
2024-05-04 23:33:23,699 - INFO - dispatcher.py - 554 - Polling stopped
2024-05-04 23:33:26,069 - INFO - dispatcher.py - 527 - Start polling
2024-05-04 23:33:26,117 - INFO - dispatcher.py - 341 - Run polling for bot @testoooooooooooo_bot id=7090078691 - 'Тестовый бот'
2024-05-04 23:33:29,228 - INFO - dispatcher.py - 172 - Update id=588933874 is handled. Duration 261 ms by bot id=7090078691
2024-05-04 23:33:29,973 - INFO - dispatcher.py - 172 - Update id=588933875 is handled. Duration 88 ms by bot id=7090078691
2024-05-04 23:33:30,797 - INFO - dispatcher.py - 172 - Update id=588933876 is not handled. Duration 242 ms by bot id=7090078691
2024-05-04 23:33:30,797 - ERROR - dispatcher.py - 315 - Cause exception while process update id=588933876 by bot id=7090078691
AttributeError: 'list' object has no attribute 'keys'
Traceback (most recent call last):
  File "/Users/kamamber/Desktop/giftWinnerBot/venv/lib/python3.9/site-packages/aiogram/dispatcher/dispatcher.py", line 309, in _process_update
    response = await self.feed_update(bot, update, **kwargs)
  File "/Users/kamamber/Desktop/giftWinnerBot/venv/lib/python3.9/site-packages/aiogram/dispatcher/dispatcher.py", line 158, in feed_update
    response = await self.update.wrap_outer_middleware(
  File "/Users/kamamber/Desktop/giftWinnerBot/venv/lib/python3.9/site-packages/aiogram/dispatcher/middlewares/error.py", line 25, in __call__
    return await handler(event, data)
  File "/Users/kamamber/Desktop/giftWinnerBot/venv/lib/python3.9/site-packages/aiogram/dispatcher/middlewares/user_context.py", line 27, in __call__
    return await handler(event, data)
  File "/Users/kamamber/Desktop/giftWinnerBot/venv/lib/python3.9/site-packages/aiogram/fsm/middleware.py", line 41, in __call__
    return await handler(event, data)
  File "/Users/kamamber/Desktop/giftWinnerBot/venv/lib/python3.9/site-packages/aiogram/dispatcher/event/telegram.py", line 121, in trigger
    return await wrapped_inner(event, kwargs)
  File "/Users/kamamber/Desktop/giftWinnerBot/venv/lib/python3.9/site-packages/aiogram/dispatcher/event/handler.py", line 43, in call
    return await wrapped()
  File "/Users/kamamber/Desktop/giftWinnerBot/venv/lib/python3.9/site-packages/aiogram/dispatcher/dispatcher.py", line 276, in _listen_update
    return await self.propagate_event(update_type=update_type, event=event, **kwargs)
  File "/Users/kamamber/Desktop/giftWinnerBot/venv/lib/python3.9/site-packages/aiogram/dispatcher/router.py", line 128, in propagate_event
    return await observer.wrap_outer_middleware(_wrapped, event=event, data=kwargs)
  File "/Users/kamamber/Desktop/giftWinnerBot/venv/lib/python3.9/site-packages/aiogram/dispatcher/router.py", line 123, in _wrapped
    return await self._propagate_event(
  File "/Users/kamamber/Desktop/giftWinnerBot/venv/lib/python3.9/site-packages/aiogram/dispatcher/router.py", line 156, in _propagate_event
    response = await router.propagate_event(update_type=update_type, event=event, **kwargs)
  File "/Users/kamamber/Desktop/giftWinnerBot/venv/lib/python3.9/site-packages/aiogram/dispatcher/router.py", line 128, in propagate_event
    return await observer.wrap_outer_middleware(_wrapped, event=event, data=kwargs)
  File "/Users/kamamber/Desktop/giftWinnerBot/venv/lib/python3.9/site-packages/aiogram/dispatcher/router.py", line 123, in _wrapped
    return await self._propagate_event(
  File "/Users/kamamber/Desktop/giftWinnerBot/venv/lib/python3.9/site-packages/aiogram/dispatcher/router.py", line 148, in _propagate_event
    response = await observer.trigger(event, **kwargs)
  File "/Users/kamamber/Desktop/giftWinnerBot/venv/lib/python3.9/site-packages/aiogram/dispatcher/event/telegram.py", line 121, in trigger
    return await wrapped_inner(event, kwargs)
  File "/Users/kamamber/Desktop/giftWinnerBot/venv/lib/python3.9/site-packages/aiogram/dispatcher/event/handler.py", line 43, in call
    return await wrapped()
  File "/Users/kamamber/Desktop/giftWinnerBot/src/handlers/post/post_routes.py", line 35, in post_find
    await add_all_new_posts_to_database()
  File "/Users/kamamber/Desktop/giftWinnerBot/src/services/services.py", line 20, in add_all_new_posts_to_database
    validated_posts = get_validated_posts(posts)
  File "/Users/kamamber/Desktop/giftWinnerBot/src/services/utils.py", line 33, in get_validated_posts
    if post_is_validated(post):
  File "/Users/kamamber/Desktop/giftWinnerBot/src/services/utils.py", line 56, in post_is_validated
    print(post.keys())
AttributeError: 'list' object has no attribute 'keys'
2024-05-04 23:33:43,918 - WARNING - dispatcher.py - 455 - Received SIGINT signal
2024-05-04 23:33:43,919 - INFO - dispatcher.py - 359 - Polling stopped for bot @testoooooooooooo_bot id=7090078691 - 'Тестовый бот'
2024-05-04 23:33:43,919 - INFO - dispatcher.py - 554 - Polling stopped
2024-05-04 23:33:46,259 - INFO - dispatcher.py - 527 - Start polling
2024-05-04 23:33:46,347 - INFO - dispatcher.py - 341 - Run polling for bot @testoooooooooooo_bot id=7090078691 - 'Тестовый бот'
2024-05-04 23:33:47,604 - INFO - dispatcher.py - 172 - Update id=588933877 is handled. Duration 259 ms by bot id=7090078691
2024-05-04 23:33:48,327 - INFO - dispatcher.py - 172 - Update id=588933878 is handled. Duration 104 ms by bot id=7090078691
2024-05-04 23:33:49,002 - INFO - dispatcher.py - 172 - Update id=588933879 is not handled. Duration 247 ms by bot id=7090078691
2024-05-04 23:33:49,002 - ERROR - dispatcher.py - 315 - Cause exception while process update id=588933879 by bot id=7090078691
AttributeError: 'list' object has no attribute 'keys'
Traceback (most recent call last):
  File "/Users/kamamber/Desktop/giftWinnerBot/venv/lib/python3.9/site-packages/aiogram/dispatcher/dispatcher.py", line 309, in _process_update
    response = await self.feed_update(bot, update, **kwargs)
  File "/Users/kamamber/Desktop/giftWinnerBot/venv/lib/python3.9/site-packages/aiogram/dispatcher/dispatcher.py", line 158, in feed_update
    response = await self.update.wrap_outer_middleware(
  File "/Users/kamamber/Desktop/giftWinnerBot/venv/lib/python3.9/site-packages/aiogram/dispatcher/middlewares/error.py", line 25, in __call__
    return await handler(event, data)
  File "/Users/kamamber/Desktop/giftWinnerBot/venv/lib/python3.9/site-packages/aiogram/dispatcher/middlewares/user_context.py", line 27, in __call__
    return await handler(event, data)
  File "/Users/kamamber/Desktop/giftWinnerBot/venv/lib/python3.9/site-packages/aiogram/fsm/middleware.py", line 41, in __call__
    return await handler(event, data)
  File "/Users/kamamber/Desktop/giftWinnerBot/venv/lib/python3.9/site-packages/aiogram/dispatcher/event/telegram.py", line 121, in trigger
    return await wrapped_inner(event, kwargs)
  File "/Users/kamamber/Desktop/giftWinnerBot/venv/lib/python3.9/site-packages/aiogram/dispatcher/event/handler.py", line 43, in call
    return await wrapped()
  File "/Users/kamamber/Desktop/giftWinnerBot/venv/lib/python3.9/site-packages/aiogram/dispatcher/dispatcher.py", line 276, in _listen_update
    return await self.propagate_event(update_type=update_type, event=event, **kwargs)
  File "/Users/kamamber/Desktop/giftWinnerBot/venv/lib/python3.9/site-packages/aiogram/dispatcher/router.py", line 128, in propagate_event
    return await observer.wrap_outer_middleware(_wrapped, event=event, data=kwargs)
  File "/Users/kamamber/Desktop/giftWinnerBot/venv/lib/python3.9/site-packages/aiogram/dispatcher/router.py", line 123, in _wrapped
    return await self._propagate_event(
  File "/Users/kamamber/Desktop/giftWinnerBot/venv/lib/python3.9/site-packages/aiogram/dispatcher/router.py", line 156, in _propagate_event
    response = await router.propagate_event(update_type=update_type, event=event, **kwargs)
  File "/Users/kamamber/Desktop/giftWinnerBot/venv/lib/python3.9/site-packages/aiogram/dispatcher/router.py", line 128, in propagate_event
    return await observer.wrap_outer_middleware(_wrapped, event=event, data=kwargs)
  File "/Users/kamamber/Desktop/giftWinnerBot/venv/lib/python3.9/site-packages/aiogram/dispatcher/router.py", line 123, in _wrapped
    return await self._propagate_event(
  File "/Users/kamamber/Desktop/giftWinnerBot/venv/lib/python3.9/site-packages/aiogram/dispatcher/router.py", line 148, in _propagate_event
    response = await observer.trigger(event, **kwargs)
  File "/Users/kamamber/Desktop/giftWinnerBot/venv/lib/python3.9/site-packages/aiogram/dispatcher/event/telegram.py", line 121, in trigger
    return await wrapped_inner(event, kwargs)
  File "/Users/kamamber/Desktop/giftWinnerBot/venv/lib/python3.9/site-packages/aiogram/dispatcher/event/handler.py", line 43, in call
    return await wrapped()
  File "/Users/kamamber/Desktop/giftWinnerBot/src/handlers/post/post_routes.py", line 35, in post_find
    await add_all_new_posts_to_database()
  File "/Users/kamamber/Desktop/giftWinnerBot/src/services/services.py", line 20, in add_all_new_posts_to_database
    validated_posts = get_validated_posts(posts)
  File "/Users/kamamber/Desktop/giftWinnerBot/src/services/utils.py", line 33, in get_validated_posts
    if post_is_validated(post):
  File "/Users/kamamber/Desktop/giftWinnerBot/src/services/utils.py", line 58, in post_is_validated
    if 'copy_history' not in post.keys():
AttributeError: 'list' object has no attribute 'keys'
2024-05-04 23:35:53,112 - WARNING - dispatcher.py - 455 - Received SIGINT signal
2024-05-04 23:35:53,114 - INFO - dispatcher.py - 359 - Polling stopped for bot @testoooooooooooo_bot id=7090078691 - 'Тестовый бот'
2024-05-04 23:35:53,115 - INFO - dispatcher.py - 554 - Polling stopped
2024-05-04 23:35:55,676 - INFO - dispatcher.py - 527 - Start polling
2024-05-04 23:35:55,724 - INFO - dispatcher.py - 341 - Run polling for bot @testoooooooooooo_bot id=7090078691 - 'Тестовый бот'
2024-05-04 23:35:58,462 - INFO - dispatcher.py - 172 - Update id=588933880 is handled. Duration 260 ms by bot id=7090078691
2024-05-04 23:35:59,294 - INFO - dispatcher.py - 172 - Update id=588933881 is handled. Duration 87 ms by bot id=7090078691
2024-05-04 23:36:00,091 - INFO - dispatcher.py - 172 - Update id=588933882 is not handled. Duration 318 ms by bot id=7090078691
2024-05-04 23:36:00,092 - ERROR - dispatcher.py - 315 - Cause exception while process update id=588933882 by bot id=7090078691
AttributeError: 'list' object has no attribute 'keys'
Traceback (most recent call last):
  File "/Users/kamamber/Desktop/giftWinnerBot/venv/lib/python3.9/site-packages/aiogram/dispatcher/dispatcher.py", line 309, in _process_update
    response = await self.feed_update(bot, update, **kwargs)
  File "/Users/kamamber/Desktop/giftWinnerBot/venv/lib/python3.9/site-packages/aiogram/dispatcher/dispatcher.py", line 158, in feed_update
    response = await self.update.wrap_outer_middleware(
  File "/Users/kamamber/Desktop/giftWinnerBot/venv/lib/python3.9/site-packages/aiogram/dispatcher/middlewares/error.py", line 25, in __call__
    return await handler(event, data)
  File "/Users/kamamber/Desktop/giftWinnerBot/venv/lib/python3.9/site-packages/aiogram/dispatcher/middlewares/user_context.py", line 27, in __call__
    return await handler(event, data)
  File "/Users/kamamber/Desktop/giftWinnerBot/venv/lib/python3.9/site-packages/aiogram/fsm/middleware.py", line 41, in __call__
    return await handler(event, data)
  File "/Users/kamamber/Desktop/giftWinnerBot/venv/lib/python3.9/site-packages/aiogram/dispatcher/event/telegram.py", line 121, in trigger
    return await wrapped_inner(event, kwargs)
  File "/Users/kamamber/Desktop/giftWinnerBot/venv/lib/python3.9/site-packages/aiogram/dispatcher/event/handler.py", line 43, in call
    return await wrapped()
  File "/Users/kamamber/Desktop/giftWinnerBot/venv/lib/python3.9/site-packages/aiogram/dispatcher/dispatcher.py", line 276, in _listen_update
    return await self.propagate_event(update_type=update_type, event=event, **kwargs)
  File "/Users/kamamber/Desktop/giftWinnerBot/venv/lib/python3.9/site-packages/aiogram/dispatcher/router.py", line 128, in propagate_event
    return await observer.wrap_outer_middleware(_wrapped, event=event, data=kwargs)
  File "/Users/kamamber/Desktop/giftWinnerBot/venv/lib/python3.9/site-packages/aiogram/dispatcher/router.py", line 123, in _wrapped
    return await self._propagate_event(
  File "/Users/kamamber/Desktop/giftWinnerBot/venv/lib/python3.9/site-packages/aiogram/dispatcher/router.py", line 156, in _propagate_event
    response = await router.propagate_event(update_type=update_type, event=event, **kwargs)
  File "/Users/kamamber/Desktop/giftWinnerBot/venv/lib/python3.9/site-packages/aiogram/dispatcher/router.py", line 128, in propagate_event
    return await observer.wrap_outer_middleware(_wrapped, event=event, data=kwargs)
  File "/Users/kamamber/Desktop/giftWinnerBot/venv/lib/python3.9/site-packages/aiogram/dispatcher/router.py", line 123, in _wrapped
    return await self._propagate_event(
  File "/Users/kamamber/Desktop/giftWinnerBot/venv/lib/python3.9/site-packages/aiogram/dispatcher/router.py", line 148, in _propagate_event
    response = await observer.trigger(event, **kwargs)
  File "/Users/kamamber/Desktop/giftWinnerBot/venv/lib/python3.9/site-packages/aiogram/dispatcher/event/telegram.py", line 121, in trigger
    return await wrapped_inner(event, kwargs)
  File "/Users/kamamber/Desktop/giftWinnerBot/venv/lib/python3.9/site-packages/aiogram/dispatcher/event/handler.py", line 43, in call
    return await wrapped()
  File "/Users/kamamber/Desktop/giftWinnerBot/src/handlers/post/post_routes.py", line 35, in post_find
    await add_all_new_posts_to_database()
  File "/Users/kamamber/Desktop/giftWinnerBot/src/services/services.py", line 20, in add_all_new_posts_to_database
    validated_posts = get_validated_posts(posts)
  File "/Users/kamamber/Desktop/giftWinnerBot/src/services/utils.py", line 33, in get_validated_posts
    if post_is_validated(post):
  File "/Users/kamamber/Desktop/giftWinnerBot/src/services/utils.py", line 59, in post_is_validated
    if 'copy_history' not in post.keys():
AttributeError: 'list' object has no attribute 'keys'
2024-05-04 23:37:53,033 - WARNING - dispatcher.py - 455 - Received SIGINT signal
2024-05-04 23:37:53,034 - INFO - dispatcher.py - 359 - Polling stopped for bot @testoooooooooooo_bot id=7090078691 - 'Тестовый бот'
2024-05-04 23:37:53,034 - INFO - dispatcher.py - 554 - Polling stopped
2024-05-04 23:37:55,488 - INFO - dispatcher.py - 527 - Start polling
2024-05-04 23:37:55,538 - INFO - dispatcher.py - 341 - Run polling for bot @testoooooooooooo_bot id=7090078691 - 'Тестовый бот'
2024-05-04 23:37:56,167 - INFO - dispatcher.py - 172 - Update id=588933883 is handled. Duration 279 ms by bot id=7090078691
2024-05-04 23:37:56,974 - INFO - dispatcher.py - 172 - Update id=588933884 is handled. Duration 111 ms by bot id=7090078691
2024-05-04 23:37:57,897 - INFO - dispatcher.py - 172 - Update id=588933885 is not handled. Duration 345 ms by bot id=7090078691
2024-05-04 23:37:57,898 - ERROR - dispatcher.py - 315 - Cause exception while process update id=588933885 by bot id=7090078691
AttributeError: 'list' object has no attribute 'keys'
Traceback (most recent call last):
  File "/Users/kamamber/Desktop/giftWinnerBot/venv/lib/python3.9/site-packages/aiogram/dispatcher/dispatcher.py", line 309, in _process_update
    response = await self.feed_update(bot, update, **kwargs)
  File "/Users/kamamber/Desktop/giftWinnerBot/venv/lib/python3.9/site-packages/aiogram/dispatcher/dispatcher.py", line 158, in feed_update
    response = await self.update.wrap_outer_middleware(
  File "/Users/kamamber/Desktop/giftWinnerBot/venv/lib/python3.9/site-packages/aiogram/dispatcher/middlewares/error.py", line 25, in __call__
    return await handler(event, data)
  File "/Users/kamamber/Desktop/giftWinnerBot/venv/lib/python3.9/site-packages/aiogram/dispatcher/middlewares/user_context.py", line 27, in __call__
    return await handler(event, data)
  File "/Users/kamamber/Desktop/giftWinnerBot/venv/lib/python3.9/site-packages/aiogram/fsm/middleware.py", line 41, in __call__
    return await handler(event, data)
  File "/Users/kamamber/Desktop/giftWinnerBot/venv/lib/python3.9/site-packages/aiogram/dispatcher/event/telegram.py", line 121, in trigger
    return await wrapped_inner(event, kwargs)
  File "/Users/kamamber/Desktop/giftWinnerBot/venv/lib/python3.9/site-packages/aiogram/dispatcher/event/handler.py", line 43, in call
    return await wrapped()
  File "/Users/kamamber/Desktop/giftWinnerBot/venv/lib/python3.9/site-packages/aiogram/dispatcher/dispatcher.py", line 276, in _listen_update
    return await self.propagate_event(update_type=update_type, event=event, **kwargs)
  File "/Users/kamamber/Desktop/giftWinnerBot/venv/lib/python3.9/site-packages/aiogram/dispatcher/router.py", line 128, in propagate_event
    return await observer.wrap_outer_middleware(_wrapped, event=event, data=kwargs)
  File "/Users/kamamber/Desktop/giftWinnerBot/venv/lib/python3.9/site-packages/aiogram/dispatcher/router.py", line 123, in _wrapped
    return await self._propagate_event(
  File "/Users/kamamber/Desktop/giftWinnerBot/venv/lib/python3.9/site-packages/aiogram/dispatcher/router.py", line 156, in _propagate_event
    response = await router.propagate_event(update_type=update_type, event=event, **kwargs)
  File "/Users/kamamber/Desktop/giftWinnerBot/venv/lib/python3.9/site-packages/aiogram/dispatcher/router.py", line 128, in propagate_event
    return await observer.wrap_outer_middleware(_wrapped, event=event, data=kwargs)
  File "/Users/kamamber/Desktop/giftWinnerBot/venv/lib/python3.9/site-packages/aiogram/dispatcher/router.py", line 123, in _wrapped
    return await self._propagate_event(
  File "/Users/kamamber/Desktop/giftWinnerBot/venv/lib/python3.9/site-packages/aiogram/dispatcher/router.py", line 148, in _propagate_event
    response = await observer.trigger(event, **kwargs)
  File "/Users/kamamber/Desktop/giftWinnerBot/venv/lib/python3.9/site-packages/aiogram/dispatcher/event/telegram.py", line 121, in trigger
    return await wrapped_inner(event, kwargs)
  File "/Users/kamamber/Desktop/giftWinnerBot/venv/lib/python3.9/site-packages/aiogram/dispatcher/event/handler.py", line 43, in call
    return await wrapped()
  File "/Users/kamamber/Desktop/giftWinnerBot/src/handlers/post/post_routes.py", line 35, in post_find
    await add_all_new_posts_to_database()
  File "/Users/kamamber/Desktop/giftWinnerBot/src/services/services.py", line 20, in add_all_new_posts_to_database
    validated_posts = get_validated_posts(posts)
  File "/Users/kamamber/Desktop/giftWinnerBot/src/services/utils.py", line 33, in get_validated_posts
    if post_is_validated(post):
  File "/Users/kamamber/Desktop/giftWinnerBot/src/services/utils.py", line 59, in post_is_validated
    if 'copy_history' not in post.keys():
AttributeError: 'list' object has no attribute 'keys'
2024-05-04 23:38:19,017 - WARNING - dispatcher.py - 455 - Received SIGINT signal
2024-05-04 23:38:19,019 - INFO - dispatcher.py - 359 - Polling stopped for bot @testoooooooooooo_bot id=7090078691 - 'Тестовый бот'
2024-05-04 23:38:19,020 - INFO - dispatcher.py - 554 - Polling stopped
2024-05-04 23:38:21,318 - INFO - dispatcher.py - 527 - Start polling
2024-05-04 23:38:21,371 - INFO - dispatcher.py - 341 - Run polling for bot @testoooooooooooo_bot id=7090078691 - 'Тестовый бот'
2024-05-04 23:38:23,999 - INFO - dispatcher.py - 172 - Update id=588933886 is handled. Duration 241 ms by bot id=7090078691
2024-05-04 23:38:24,851 - INFO - dispatcher.py - 172 - Update id=588933887 is handled. Duration 104 ms by bot id=7090078691
2024-05-04 23:38:25,735 - INFO - dispatcher.py - 172 - Update id=588933888 is not handled. Duration 283 ms by bot id=7090078691
2024-05-04 23:38:25,736 - ERROR - dispatcher.py - 315 - Cause exception while process update id=588933888 by bot id=7090078691
AttributeError: 'list' object has no attribute 'keys'
Traceback (most recent call last):
  File "/Users/kamamber/Desktop/giftWinnerBot/venv/lib/python3.9/site-packages/aiogram/dispatcher/dispatcher.py", line 309, in _process_update
    response = await self.feed_update(bot, update, **kwargs)
  File "/Users/kamamber/Desktop/giftWinnerBot/venv/lib/python3.9/site-packages/aiogram/dispatcher/dispatcher.py", line 158, in feed_update
    response = await self.update.wrap_outer_middleware(
  File "/Users/kamamber/Desktop/giftWinnerBot/venv/lib/python3.9/site-packages/aiogram/dispatcher/middlewares/error.py", line 25, in __call__
    return await handler(event, data)
  File "/Users/kamamber/Desktop/giftWinnerBot/venv/lib/python3.9/site-packages/aiogram/dispatcher/middlewares/user_context.py", line 27, in __call__
    return await handler(event, data)
  File "/Users/kamamber/Desktop/giftWinnerBot/venv/lib/python3.9/site-packages/aiogram/fsm/middleware.py", line 41, in __call__
    return await handler(event, data)
  File "/Users/kamamber/Desktop/giftWinnerBot/venv/lib/python3.9/site-packages/aiogram/dispatcher/event/telegram.py", line 121, in trigger
    return await wrapped_inner(event, kwargs)
  File "/Users/kamamber/Desktop/giftWinnerBot/venv/lib/python3.9/site-packages/aiogram/dispatcher/event/handler.py", line 43, in call
    return await wrapped()
  File "/Users/kamamber/Desktop/giftWinnerBot/venv/lib/python3.9/site-packages/aiogram/dispatcher/dispatcher.py", line 276, in _listen_update
    return await self.propagate_event(update_type=update_type, event=event, **kwargs)
  File "/Users/kamamber/Desktop/giftWinnerBot/venv/lib/python3.9/site-packages/aiogram/dispatcher/router.py", line 128, in propagate_event
    return await observer.wrap_outer_middleware(_wrapped, event=event, data=kwargs)
  File "/Users/kamamber/Desktop/giftWinnerBot/venv/lib/python3.9/site-packages/aiogram/dispatcher/router.py", line 123, in _wrapped
    return await self._propagate_event(
  File "/Users/kamamber/Desktop/giftWinnerBot/venv/lib/python3.9/site-packages/aiogram/dispatcher/router.py", line 156, in _propagate_event
    response = await router.propagate_event(update_type=update_type, event=event, **kwargs)
  File "/Users/kamamber/Desktop/giftWinnerBot/venv/lib/python3.9/site-packages/aiogram/dispatcher/router.py", line 128, in propagate_event
    return await observer.wrap_outer_middleware(_wrapped, event=event, data=kwargs)
  File "/Users/kamamber/Desktop/giftWinnerBot/venv/lib/python3.9/site-packages/aiogram/dispatcher/router.py", line 123, in _wrapped
    return await self._propagate_event(
  File "/Users/kamamber/Desktop/giftWinnerBot/venv/lib/python3.9/site-packages/aiogram/dispatcher/router.py", line 148, in _propagate_event
    response = await observer.trigger(event, **kwargs)
  File "/Users/kamamber/Desktop/giftWinnerBot/venv/lib/python3.9/site-packages/aiogram/dispatcher/event/telegram.py", line 121, in trigger
    return await wrapped_inner(event, kwargs)
  File "/Users/kamamber/Desktop/giftWinnerBot/venv/lib/python3.9/site-packages/aiogram/dispatcher/event/handler.py", line 43, in call
    return await wrapped()
  File "/Users/kamamber/Desktop/giftWinnerBot/src/handlers/post/post_routes.py", line 35, in post_find
    await add_all_new_posts_to_database()
  File "/Users/kamamber/Desktop/giftWinnerBot/src/services/services.py", line 20, in add_all_new_posts_to_database
    validated_posts = get_validated_posts(posts)
  File "/Users/kamamber/Desktop/giftWinnerBot/src/services/utils.py", line 33, in get_validated_posts
    if post_is_validated(post):
  File "/Users/kamamber/Desktop/giftWinnerBot/src/services/utils.py", line 58, in post_is_validated
    if 'copy_history' not in post.keys():
AttributeError: 'list' object has no attribute 'keys'
2024-05-04 23:38:39,674 - WARNING - dispatcher.py - 455 - Received SIGINT signal
2024-05-04 23:38:39,675 - INFO - dispatcher.py - 359 - Polling stopped for bot @testoooooooooooo_bot id=7090078691 - 'Тестовый бот'
2024-05-04 23:38:39,676 - INFO - dispatcher.py - 554 - Polling stopped
2024-05-04 23:38:42,070 - INFO - dispatcher.py - 527 - Start polling
2024-05-04 23:38:42,128 - INFO - dispatcher.py - 341 - Run polling for bot @testoooooooooooo_bot id=7090078691 - 'Тестовый бот'
2024-05-04 23:38:44,515 - INFO - dispatcher.py - 172 - Update id=588933889 is handled. Duration 299 ms by bot id=7090078691
2024-05-04 23:38:45,323 - INFO - dispatcher.py - 172 - Update id=588933890 is handled. Duration 123 ms by bot id=7090078691
2024-05-04 23:38:46,097 - INFO - dispatcher.py - 172 - Update id=588933891 is not handled. Duration 234 ms by bot id=7090078691
2024-05-04 23:38:46,098 - ERROR - dispatcher.py - 315 - Cause exception while process update id=588933891 by bot id=7090078691
AttributeError: 'list' object has no attribute 'keys'
Traceback (most recent call last):
  File "/Users/kamamber/Desktop/giftWinnerBot/venv/lib/python3.9/site-packages/aiogram/dispatcher/dispatcher.py", line 309, in _process_update
    response = await self.feed_update(bot, update, **kwargs)
  File "/Users/kamamber/Desktop/giftWinnerBot/venv/lib/python3.9/site-packages/aiogram/dispatcher/dispatcher.py", line 158, in feed_update
    response = await self.update.wrap_outer_middleware(
  File "/Users/kamamber/Desktop/giftWinnerBot/venv/lib/python3.9/site-packages/aiogram/dispatcher/middlewares/error.py", line 25, in __call__
    return await handler(event, data)
  File "/Users/kamamber/Desktop/giftWinnerBot/venv/lib/python3.9/site-packages/aiogram/dispatcher/middlewares/user_context.py", line 27, in __call__
    return await handler(event, data)
  File "/Users/kamamber/Desktop/giftWinnerBot/venv/lib/python3.9/site-packages/aiogram/fsm/middleware.py", line 41, in __call__
    return await handler(event, data)
  File "/Users/kamamber/Desktop/giftWinnerBot/venv/lib/python3.9/site-packages/aiogram/dispatcher/event/telegram.py", line 121, in trigger
    return await wrapped_inner(event, kwargs)
  File "/Users/kamamber/Desktop/giftWinnerBot/venv/lib/python3.9/site-packages/aiogram/dispatcher/event/handler.py", line 43, in call
    return await wrapped()
  File "/Users/kamamber/Desktop/giftWinnerBot/venv/lib/python3.9/site-packages/aiogram/dispatcher/dispatcher.py", line 276, in _listen_update
    return await self.propagate_event(update_type=update_type, event=event, **kwargs)
  File "/Users/kamamber/Desktop/giftWinnerBot/venv/lib/python3.9/site-packages/aiogram/dispatcher/router.py", line 128, in propagate_event
    return await observer.wrap_outer_middleware(_wrapped, event=event, data=kwargs)
  File "/Users/kamamber/Desktop/giftWinnerBot/venv/lib/python3.9/site-packages/aiogram/dispatcher/router.py", line 123, in _wrapped
    return await self._propagate_event(
  File "/Users/kamamber/Desktop/giftWinnerBot/venv/lib/python3.9/site-packages/aiogram/dispatcher/router.py", line 156, in _propagate_event
    response = await router.propagate_event(update_type=update_type, event=event, **kwargs)
  File "/Users/kamamber/Desktop/giftWinnerBot/venv/lib/python3.9/site-packages/aiogram/dispatcher/router.py", line 128, in propagate_event
    return await observer.wrap_outer_middleware(_wrapped, event=event, data=kwargs)
  File "/Users/kamamber/Desktop/giftWinnerBot/venv/lib/python3.9/site-packages/aiogram/dispatcher/router.py", line 123, in _wrapped
    return await self._propagate_event(
  File "/Users/kamamber/Desktop/giftWinnerBot/venv/lib/python3.9/site-packages/aiogram/dispatcher/router.py", line 148, in _propagate_event
    response = await observer.trigger(event, **kwargs)
  File "/Users/kamamber/Desktop/giftWinnerBot/venv/lib/python3.9/site-packages/aiogram/dispatcher/event/telegram.py", line 121, in trigger
    return await wrapped_inner(event, kwargs)
  File "/Users/kamamber/Desktop/giftWinnerBot/venv/lib/python3.9/site-packages/aiogram/dispatcher/event/handler.py", line 43, in call
    return await wrapped()
  File "/Users/kamamber/Desktop/giftWinnerBot/src/handlers/post/post_routes.py", line 35, in post_find
    await add_all_new_posts_to_database()
  File "/Users/kamamber/Desktop/giftWinnerBot/src/services/services.py", line 20, in add_all_new_posts_to_database
    validated_posts = get_validated_posts(posts)
  File "/Users/kamamber/Desktop/giftWinnerBot/src/services/utils.py", line 33, in get_validated_posts
    if post_is_validated(post):
  File "/Users/kamamber/Desktop/giftWinnerBot/src/services/utils.py", line 58, in post_is_validated
    if 'copy_history' not in post.keys():
AttributeError: 'list' object has no attribute 'keys'
2024-05-04 23:39:20,052 - WARNING - dispatcher.py - 455 - Received SIGINT signal
2024-05-04 23:39:20,053 - INFO - dispatcher.py - 359 - Polling stopped for bot @testoooooooooooo_bot id=7090078691 - 'Тестовый бот'
2024-05-04 23:39:20,053 - INFO - dispatcher.py - 554 - Polling stopped
2024-05-04 23:39:22,810 - INFO - dispatcher.py - 527 - Start polling
2024-05-04 23:39:22,863 - INFO - dispatcher.py - 341 - Run polling for bot @testoooooooooooo_bot id=7090078691 - 'Тестовый бот'
2024-05-04 23:39:25,055 - INFO - dispatcher.py - 172 - Update id=588933892 is handled. Duration 266 ms by bot id=7090078691
2024-05-04 23:39:25,783 - INFO - dispatcher.py - 172 - Update id=588933893 is handled. Duration 80 ms by bot id=7090078691
2024-05-04 23:39:26,633 - INFO - dispatcher.py - 172 - Update id=588933894 is not handled. Duration 221 ms by bot id=7090078691
2024-05-04 23:39:26,633 - ERROR - dispatcher.py - 315 - Cause exception while process update id=588933894 by bot id=7090078691
AttributeError: 'list' object has no attribute 'keys'
Traceback (most recent call last):
  File "/Users/kamamber/Desktop/giftWinnerBot/venv/lib/python3.9/site-packages/aiogram/dispatcher/dispatcher.py", line 309, in _process_update
    response = await self.feed_update(bot, update, **kwargs)
  File "/Users/kamamber/Desktop/giftWinnerBot/venv/lib/python3.9/site-packages/aiogram/dispatcher/dispatcher.py", line 158, in feed_update
    response = await self.update.wrap_outer_middleware(
  File "/Users/kamamber/Desktop/giftWinnerBot/venv/lib/python3.9/site-packages/aiogram/dispatcher/middlewares/error.py", line 25, in __call__
    return await handler(event, data)
  File "/Users/kamamber/Desktop/giftWinnerBot/venv/lib/python3.9/site-packages/aiogram/dispatcher/middlewares/user_context.py", line 27, in __call__
    return await handler(event, data)
  File "/Users/kamamber/Desktop/giftWinnerBot/venv/lib/python3.9/site-packages/aiogram/fsm/middleware.py", line 41, in __call__
    return await handler(event, data)
  File "/Users/kamamber/Desktop/giftWinnerBot/venv/lib/python3.9/site-packages/aiogram/dispatcher/event/telegram.py", line 121, in trigger
    return await wrapped_inner(event, kwargs)
  File "/Users/kamamber/Desktop/giftWinnerBot/venv/lib/python3.9/site-packages/aiogram/dispatcher/event/handler.py", line 43, in call
    return await wrapped()
  File "/Users/kamamber/Desktop/giftWinnerBot/venv/lib/python3.9/site-packages/aiogram/dispatcher/dispatcher.py", line 276, in _listen_update
    return await self.propagate_event(update_type=update_type, event=event, **kwargs)
  File "/Users/kamamber/Desktop/giftWinnerBot/venv/lib/python3.9/site-packages/aiogram/dispatcher/router.py", line 128, in propagate_event
    return await observer.wrap_outer_middleware(_wrapped, event=event, data=kwargs)
  File "/Users/kamamber/Desktop/giftWinnerBot/venv/lib/python3.9/site-packages/aiogram/dispatcher/router.py", line 123, in _wrapped
    return await self._propagate_event(
  File "/Users/kamamber/Desktop/giftWinnerBot/venv/lib/python3.9/site-packages/aiogram/dispatcher/router.py", line 156, in _propagate_event
    response = await router.propagate_event(update_type=update_type, event=event, **kwargs)
  File "/Users/kamamber/Desktop/giftWinnerBot/venv/lib/python3.9/site-packages/aiogram/dispatcher/router.py", line 128, in propagate_event
    return await observer.wrap_outer_middleware(_wrapped, event=event, data=kwargs)
  File "/Users/kamamber/Desktop/giftWinnerBot/venv/lib/python3.9/site-packages/aiogram/dispatcher/router.py", line 123, in _wrapped
    return await self._propagate_event(
  File "/Users/kamamber/Desktop/giftWinnerBot/venv/lib/python3.9/site-packages/aiogram/dispatcher/router.py", line 148, in _propagate_event
    response = await observer.trigger(event, **kwargs)
  File "/Users/kamamber/Desktop/giftWinnerBot/venv/lib/python3.9/site-packages/aiogram/dispatcher/event/telegram.py", line 121, in trigger
    return await wrapped_inner(event, kwargs)
  File "/Users/kamamber/Desktop/giftWinnerBot/venv/lib/python3.9/site-packages/aiogram/dispatcher/event/handler.py", line 43, in call
    return await wrapped()
  File "/Users/kamamber/Desktop/giftWinnerBot/src/handlers/post/post_routes.py", line 35, in post_find
    await add_all_new_posts_to_database()
  File "/Users/kamamber/Desktop/giftWinnerBot/src/services/services.py", line 20, in add_all_new_posts_to_database
    validated_posts = get_validated_posts(posts)
  File "/Users/kamamber/Desktop/giftWinnerBot/src/services/utils.py", line 33, in get_validated_posts
    if post_is_validated(post):
  File "/Users/kamamber/Desktop/giftWinnerBot/src/services/utils.py", line 58, in post_is_validated
    if 'copy_history' not in post.keys():
AttributeError: 'list' object has no attribute 'keys'
2024-05-04 23:39:46,121 - WARNING - dispatcher.py - 455 - Received SIGINT signal
2024-05-04 23:39:46,124 - INFO - dispatcher.py - 359 - Polling stopped for bot @testoooooooooooo_bot id=7090078691 - 'Тестовый бот'
2024-05-04 23:39:46,124 - INFO - dispatcher.py - 554 - Polling stopped
2024-05-04 23:39:48,764 - INFO - dispatcher.py - 527 - Start polling
2024-05-04 23:39:48,817 - INFO - dispatcher.py - 341 - Run polling for bot @testoooooooooooo_bot id=7090078691 - 'Тестовый бот'
2024-05-04 23:39:50,285 - INFO - dispatcher.py - 172 - Update id=588933895 is handled. Duration 230 ms by bot id=7090078691
2024-05-04 23:39:51,123 - INFO - dispatcher.py - 172 - Update id=588933896 is handled. Duration 117 ms by bot id=7090078691
2024-05-04 23:39:51,926 - INFO - dispatcher.py - 172 - Update id=588933897 is not handled. Duration 341 ms by bot id=7090078691
2024-05-04 23:39:51,926 - ERROR - dispatcher.py - 315 - Cause exception while process update id=588933897 by bot id=7090078691
AttributeError: 'list' object has no attribute 'keys'
Traceback (most recent call last):
  File "/Users/kamamber/Desktop/giftWinnerBot/venv/lib/python3.9/site-packages/aiogram/dispatcher/dispatcher.py", line 309, in _process_update
    response = await self.feed_update(bot, update, **kwargs)
  File "/Users/kamamber/Desktop/giftWinnerBot/venv/lib/python3.9/site-packages/aiogram/dispatcher/dispatcher.py", line 158, in feed_update
    response = await self.update.wrap_outer_middleware(
  File "/Users/kamamber/Desktop/giftWinnerBot/venv/lib/python3.9/site-packages/aiogram/dispatcher/middlewares/error.py", line 25, in __call__
    return await handler(event, data)
  File "/Users/kamamber/Desktop/giftWinnerBot/venv/lib/python3.9/site-packages/aiogram/dispatcher/middlewares/user_context.py", line 27, in __call__
    return await handler(event, data)
  File "/Users/kamamber/Desktop/giftWinnerBot/venv/lib/python3.9/site-packages/aiogram/fsm/middleware.py", line 41, in __call__
    return await handler(event, data)
  File "/Users/kamamber/Desktop/giftWinnerBot/venv/lib/python3.9/site-packages/aiogram/dispatcher/event/telegram.py", line 121, in trigger
    return await wrapped_inner(event, kwargs)
  File "/Users/kamamber/Desktop/giftWinnerBot/venv/lib/python3.9/site-packages/aiogram/dispatcher/event/handler.py", line 43, in call
    return await wrapped()
  File "/Users/kamamber/Desktop/giftWinnerBot/venv/lib/python3.9/site-packages/aiogram/dispatcher/dispatcher.py", line 276, in _listen_update
    return await self.propagate_event(update_type=update_type, event=event, **kwargs)
  File "/Users/kamamber/Desktop/giftWinnerBot/venv/lib/python3.9/site-packages/aiogram/dispatcher/router.py", line 128, in propagate_event
    return await observer.wrap_outer_middleware(_wrapped, event=event, data=kwargs)
  File "/Users/kamamber/Desktop/giftWinnerBot/venv/lib/python3.9/site-packages/aiogram/dispatcher/router.py", line 123, in _wrapped
    return await self._propagate_event(
  File "/Users/kamamber/Desktop/giftWinnerBot/venv/lib/python3.9/site-packages/aiogram/dispatcher/router.py", line 156, in _propagate_event
    response = await router.propagate_event(update_type=update_type, event=event, **kwargs)
  File "/Users/kamamber/Desktop/giftWinnerBot/venv/lib/python3.9/site-packages/aiogram/dispatcher/router.py", line 128, in propagate_event
    return await observer.wrap_outer_middleware(_wrapped, event=event, data=kwargs)
  File "/Users/kamamber/Desktop/giftWinnerBot/venv/lib/python3.9/site-packages/aiogram/dispatcher/router.py", line 123, in _wrapped
    return await self._propagate_event(
  File "/Users/kamamber/Desktop/giftWinnerBot/venv/lib/python3.9/site-packages/aiogram/dispatcher/router.py", line 148, in _propagate_event
    response = await observer.trigger(event, **kwargs)
  File "/Users/kamamber/Desktop/giftWinnerBot/venv/lib/python3.9/site-packages/aiogram/dispatcher/event/telegram.py", line 121, in trigger
    return await wrapped_inner(event, kwargs)
  File "/Users/kamamber/Desktop/giftWinnerBot/venv/lib/python3.9/site-packages/aiogram/dispatcher/event/handler.py", line 43, in call
    return await wrapped()
  File "/Users/kamamber/Desktop/giftWinnerBot/src/handlers/post/post_routes.py", line 35, in post_find
    await add_all_new_posts_to_database()
  File "/Users/kamamber/Desktop/giftWinnerBot/src/services/services.py", line 20, in add_all_new_posts_to_database
    validated_posts = get_validated_posts(posts)
  File "/Users/kamamber/Desktop/giftWinnerBot/src/services/utils.py", line 33, in get_validated_posts
    if post_is_validated(post):
  File "/Users/kamamber/Desktop/giftWinnerBot/src/services/utils.py", line 58, in post_is_validated
    if 'copy_history' not in post.keys():
AttributeError: 'list' object has no attribute 'keys'
2024-05-04 23:40:42,801 - WARNING - dispatcher.py - 455 - Received SIGINT signal
2024-05-04 23:40:42,804 - INFO - dispatcher.py - 359 - Polling stopped for bot @testoooooooooooo_bot id=7090078691 - 'Тестовый бот'
2024-05-04 23:40:42,804 - INFO - dispatcher.py - 554 - Polling stopped
2024-05-04 23:40:45,261 - INFO - dispatcher.py - 527 - Start polling
2024-05-04 23:40:45,309 - INFO - dispatcher.py - 341 - Run polling for bot @testoooooooooooo_bot id=7090078691 - 'Тестовый бот'
2024-05-04 23:40:47,025 - INFO - dispatcher.py - 172 - Update id=588933898 is handled. Duration 284 ms by bot id=7090078691
2024-05-04 23:40:49,515 - INFO - dispatcher.py - 172 - Update id=588933899 is handled. Duration 151 ms by bot id=7090078691
2024-05-04 23:40:50,453 - INFO - dispatcher.py - 172 - Update id=588933900 is not handled. Duration 295 ms by bot id=7090078691
2024-05-04 23:40:50,454 - ERROR - dispatcher.py - 315 - Cause exception while process update id=588933900 by bot id=7090078691
AttributeError: 'str' object has no attribute 'keys'
Traceback (most recent call last):
  File "/Users/kamamber/Desktop/giftWinnerBot/venv/lib/python3.9/site-packages/aiogram/dispatcher/dispatcher.py", line 309, in _process_update
    response = await self.feed_update(bot, update, **kwargs)
  File "/Users/kamamber/Desktop/giftWinnerBot/venv/lib/python3.9/site-packages/aiogram/dispatcher/dispatcher.py", line 158, in feed_update
    response = await self.update.wrap_outer_middleware(
  File "/Users/kamamber/Desktop/giftWinnerBot/venv/lib/python3.9/site-packages/aiogram/dispatcher/middlewares/error.py", line 25, in __call__
    return await handler(event, data)
  File "/Users/kamamber/Desktop/giftWinnerBot/venv/lib/python3.9/site-packages/aiogram/dispatcher/middlewares/user_context.py", line 27, in __call__
    return await handler(event, data)
  File "/Users/kamamber/Desktop/giftWinnerBot/venv/lib/python3.9/site-packages/aiogram/fsm/middleware.py", line 41, in __call__
    return await handler(event, data)
  File "/Users/kamamber/Desktop/giftWinnerBot/venv/lib/python3.9/site-packages/aiogram/dispatcher/event/telegram.py", line 121, in trigger
    return await wrapped_inner(event, kwargs)
  File "/Users/kamamber/Desktop/giftWinnerBot/venv/lib/python3.9/site-packages/aiogram/dispatcher/event/handler.py", line 43, in call
    return await wrapped()
  File "/Users/kamamber/Desktop/giftWinnerBot/venv/lib/python3.9/site-packages/aiogram/dispatcher/dispatcher.py", line 276, in _listen_update
    return await self.propagate_event(update_type=update_type, event=event, **kwargs)
  File "/Users/kamamber/Desktop/giftWinnerBot/venv/lib/python3.9/site-packages/aiogram/dispatcher/router.py", line 128, in propagate_event
    return await observer.wrap_outer_middleware(_wrapped, event=event, data=kwargs)
  File "/Users/kamamber/Desktop/giftWinnerBot/venv/lib/python3.9/site-packages/aiogram/dispatcher/router.py", line 123, in _wrapped
    return await self._propagate_event(
  File "/Users/kamamber/Desktop/giftWinnerBot/venv/lib/python3.9/site-packages/aiogram/dispatcher/router.py", line 156, in _propagate_event
    response = await router.propagate_event(update_type=update_type, event=event, **kwargs)
  File "/Users/kamamber/Desktop/giftWinnerBot/venv/lib/python3.9/site-packages/aiogram/dispatcher/router.py", line 128, in propagate_event
    return await observer.wrap_outer_middleware(_wrapped, event=event, data=kwargs)
  File "/Users/kamamber/Desktop/giftWinnerBot/venv/lib/python3.9/site-packages/aiogram/dispatcher/router.py", line 123, in _wrapped
    return await self._propagate_event(
  File "/Users/kamamber/Desktop/giftWinnerBot/venv/lib/python3.9/site-packages/aiogram/dispatcher/router.py", line 148, in _propagate_event
    response = await observer.trigger(event, **kwargs)
  File "/Users/kamamber/Desktop/giftWinnerBot/venv/lib/python3.9/site-packages/aiogram/dispatcher/event/telegram.py", line 121, in trigger
    return await wrapped_inner(event, kwargs)
  File "/Users/kamamber/Desktop/giftWinnerBot/venv/lib/python3.9/site-packages/aiogram/dispatcher/event/handler.py", line 43, in call
    return await wrapped()
  File "/Users/kamamber/Desktop/giftWinnerBot/src/handlers/post/post_routes.py", line 35, in post_find
    await add_all_new_posts_to_database()
  File "/Users/kamamber/Desktop/giftWinnerBot/src/services/services.py", line 20, in add_all_new_posts_to_database
    validated_posts = get_validated_posts(posts)
  File "/Users/kamamber/Desktop/giftWinnerBot/src/services/utils.py", line 33, in get_validated_posts
    if post_is_validated(post):
  File "/Users/kamamber/Desktop/giftWinnerBot/src/services/utils.py", line 58, in post_is_validated
    if 'copy_history' not in post.keys():
AttributeError: 'str' object has no attribute 'keys'
2024-05-04 23:41:06,228 - WARNING - dispatcher.py - 455 - Received SIGINT signal
2024-05-04 23:41:06,230 - INFO - dispatcher.py - 359 - Polling stopped for bot @testoooooooooooo_bot id=7090078691 - 'Тестовый бот'
2024-05-04 23:41:06,230 - INFO - dispatcher.py - 554 - Polling stopped
2024-05-04 23:41:08,747 - INFO - dispatcher.py - 527 - Start polling
2024-05-04 23:41:08,794 - INFO - dispatcher.py - 341 - Run polling for bot @testoooooooooooo_bot id=7090078691 - 'Тестовый бот'
2024-05-04 23:41:09,791 - INFO - dispatcher.py - 172 - Update id=588933901 is handled. Duration 228 ms by bot id=7090078691
2024-05-04 23:41:10,627 - INFO - dispatcher.py - 172 - Update id=588933902 is handled. Duration 161 ms by bot id=7090078691
2024-05-04 23:41:11,465 - INFO - dispatcher.py - 172 - Update id=588933903 is not handled. Duration 381 ms by bot id=7090078691
2024-05-04 23:41:11,466 - ERROR - dispatcher.py - 315 - Cause exception while process update id=588933903 by bot id=7090078691
AttributeError: 'str' object has no attribute 'keys'
Traceback (most recent call last):
  File "/Users/kamamber/Desktop/giftWinnerBot/venv/lib/python3.9/site-packages/aiogram/dispatcher/dispatcher.py", line 309, in _process_update
    response = await self.feed_update(bot, update, **kwargs)
  File "/Users/kamamber/Desktop/giftWinnerBot/venv/lib/python3.9/site-packages/aiogram/dispatcher/dispatcher.py", line 158, in feed_update
    response = await self.update.wrap_outer_middleware(
  File "/Users/kamamber/Desktop/giftWinnerBot/venv/lib/python3.9/site-packages/aiogram/dispatcher/middlewares/error.py", line 25, in __call__
    return await handler(event, data)
  File "/Users/kamamber/Desktop/giftWinnerBot/venv/lib/python3.9/site-packages/aiogram/dispatcher/middlewares/user_context.py", line 27, in __call__
    return await handler(event, data)
  File "/Users/kamamber/Desktop/giftWinnerBot/venv/lib/python3.9/site-packages/aiogram/fsm/middleware.py", line 41, in __call__
    return await handler(event, data)
  File "/Users/kamamber/Desktop/giftWinnerBot/venv/lib/python3.9/site-packages/aiogram/dispatcher/event/telegram.py", line 121, in trigger
    return await wrapped_inner(event, kwargs)
  File "/Users/kamamber/Desktop/giftWinnerBot/venv/lib/python3.9/site-packages/aiogram/dispatcher/event/handler.py", line 43, in call
    return await wrapped()
  File "/Users/kamamber/Desktop/giftWinnerBot/venv/lib/python3.9/site-packages/aiogram/dispatcher/dispatcher.py", line 276, in _listen_update
    return await self.propagate_event(update_type=update_type, event=event, **kwargs)
  File "/Users/kamamber/Desktop/giftWinnerBot/venv/lib/python3.9/site-packages/aiogram/dispatcher/router.py", line 128, in propagate_event
    return await observer.wrap_outer_middleware(_wrapped, event=event, data=kwargs)
  File "/Users/kamamber/Desktop/giftWinnerBot/venv/lib/python3.9/site-packages/aiogram/dispatcher/router.py", line 123, in _wrapped
    return await self._propagate_event(
  File "/Users/kamamber/Desktop/giftWinnerBot/venv/lib/python3.9/site-packages/aiogram/dispatcher/router.py", line 156, in _propagate_event
    response = await router.propagate_event(update_type=update_type, event=event, **kwargs)
  File "/Users/kamamber/Desktop/giftWinnerBot/venv/lib/python3.9/site-packages/aiogram/dispatcher/router.py", line 128, in propagate_event
    return await observer.wrap_outer_middleware(_wrapped, event=event, data=kwargs)
  File "/Users/kamamber/Desktop/giftWinnerBot/venv/lib/python3.9/site-packages/aiogram/dispatcher/router.py", line 123, in _wrapped
    return await self._propagate_event(
  File "/Users/kamamber/Desktop/giftWinnerBot/venv/lib/python3.9/site-packages/aiogram/dispatcher/router.py", line 148, in _propagate_event
    response = await observer.trigger(event, **kwargs)
  File "/Users/kamamber/Desktop/giftWinnerBot/venv/lib/python3.9/site-packages/aiogram/dispatcher/event/telegram.py", line 121, in trigger
    return await wrapped_inner(event, kwargs)
  File "/Users/kamamber/Desktop/giftWinnerBot/venv/lib/python3.9/site-packages/aiogram/dispatcher/event/handler.py", line 43, in call
    return await wrapped()
  File "/Users/kamamber/Desktop/giftWinnerBot/src/handlers/post/post_routes.py", line 35, in post_find
    await add_all_new_posts_to_database()
  File "/Users/kamamber/Desktop/giftWinnerBot/src/services/services.py", line 20, in add_all_new_posts_to_database
    validated_posts = get_validated_posts(posts)
  File "/Users/kamamber/Desktop/giftWinnerBot/src/services/utils.py", line 33, in get_validated_posts
    if post_is_validated(post):
  File "/Users/kamamber/Desktop/giftWinnerBot/src/services/utils.py", line 58, in post_is_validated
    if 'copy_history' not in post.keys():
AttributeError: 'str' object has no attribute 'keys'
2024-05-04 23:41:21,794 - WARNING - dispatcher.py - 455 - Received SIGINT signal
2024-05-04 23:41:21,797 - INFO - dispatcher.py - 359 - Polling stopped for bot @testoooooooooooo_bot id=7090078691 - 'Тестовый бот'
2024-05-04 23:41:21,798 - INFO - dispatcher.py - 554 - Polling stopped
2024-05-04 23:41:24,128 - INFO - dispatcher.py - 527 - Start polling
2024-05-04 23:41:24,177 - INFO - dispatcher.py - 341 - Run polling for bot @testoooooooooooo_bot id=7090078691 - 'Тестовый бот'
2024-05-04 23:41:25,728 - INFO - dispatcher.py - 172 - Update id=588933904 is handled. Duration 342 ms by bot id=7090078691
2024-05-04 23:41:26,813 - INFO - dispatcher.py - 172 - Update id=588933905 is handled. Duration 105 ms by bot id=7090078691
2024-05-04 23:41:27,736 - INFO - dispatcher.py - 172 - Update id=588933906 is not handled. Duration 363 ms by bot id=7090078691
2024-05-04 23:41:27,736 - ERROR - dispatcher.py - 315 - Cause exception while process update id=588933906 by bot id=7090078691
AttributeError: 'str' object has no attribute 'keys'
Traceback (most recent call last):
  File "/Users/kamamber/Desktop/giftWinnerBot/venv/lib/python3.9/site-packages/aiogram/dispatcher/dispatcher.py", line 309, in _process_update
    response = await self.feed_update(bot, update, **kwargs)
  File "/Users/kamamber/Desktop/giftWinnerBot/venv/lib/python3.9/site-packages/aiogram/dispatcher/dispatcher.py", line 158, in feed_update
    response = await self.update.wrap_outer_middleware(
  File "/Users/kamamber/Desktop/giftWinnerBot/venv/lib/python3.9/site-packages/aiogram/dispatcher/middlewares/error.py", line 25, in __call__
    return await handler(event, data)
  File "/Users/kamamber/Desktop/giftWinnerBot/venv/lib/python3.9/site-packages/aiogram/dispatcher/middlewares/user_context.py", line 27, in __call__
    return await handler(event, data)
  File "/Users/kamamber/Desktop/giftWinnerBot/venv/lib/python3.9/site-packages/aiogram/fsm/middleware.py", line 41, in __call__
    return await handler(event, data)
  File "/Users/kamamber/Desktop/giftWinnerBot/venv/lib/python3.9/site-packages/aiogram/dispatcher/event/telegram.py", line 121, in trigger
    return await wrapped_inner(event, kwargs)
  File "/Users/kamamber/Desktop/giftWinnerBot/venv/lib/python3.9/site-packages/aiogram/dispatcher/event/handler.py", line 43, in call
    return await wrapped()
  File "/Users/kamamber/Desktop/giftWinnerBot/venv/lib/python3.9/site-packages/aiogram/dispatcher/dispatcher.py", line 276, in _listen_update
    return await self.propagate_event(update_type=update_type, event=event, **kwargs)
  File "/Users/kamamber/Desktop/giftWinnerBot/venv/lib/python3.9/site-packages/aiogram/dispatcher/router.py", line 128, in propagate_event
    return await observer.wrap_outer_middleware(_wrapped, event=event, data=kwargs)
  File "/Users/kamamber/Desktop/giftWinnerBot/venv/lib/python3.9/site-packages/aiogram/dispatcher/router.py", line 123, in _wrapped
    return await self._propagate_event(
  File "/Users/kamamber/Desktop/giftWinnerBot/venv/lib/python3.9/site-packages/aiogram/dispatcher/router.py", line 156, in _propagate_event
    response = await router.propagate_event(update_type=update_type, event=event, **kwargs)
  File "/Users/kamamber/Desktop/giftWinnerBot/venv/lib/python3.9/site-packages/aiogram/dispatcher/router.py", line 128, in propagate_event
    return await observer.wrap_outer_middleware(_wrapped, event=event, data=kwargs)
  File "/Users/kamamber/Desktop/giftWinnerBot/venv/lib/python3.9/site-packages/aiogram/dispatcher/router.py", line 123, in _wrapped
    return await self._propagate_event(
  File "/Users/kamamber/Desktop/giftWinnerBot/venv/lib/python3.9/site-packages/aiogram/dispatcher/router.py", line 148, in _propagate_event
    response = await observer.trigger(event, **kwargs)
  File "/Users/kamamber/Desktop/giftWinnerBot/venv/lib/python3.9/site-packages/aiogram/dispatcher/event/telegram.py", line 121, in trigger
    return await wrapped_inner(event, kwargs)
  File "/Users/kamamber/Desktop/giftWinnerBot/venv/lib/python3.9/site-packages/aiogram/dispatcher/event/handler.py", line 43, in call
    return await wrapped()
  File "/Users/kamamber/Desktop/giftWinnerBot/src/handlers/post/post_routes.py", line 35, in post_find
    await add_all_new_posts_to_database()
  File "/Users/kamamber/Desktop/giftWinnerBot/src/services/services.py", line 20, in add_all_new_posts_to_database
    validated_posts = get_validated_posts(posts)
  File "/Users/kamamber/Desktop/giftWinnerBot/src/services/utils.py", line 33, in get_validated_posts
    if post_is_validated(post):
  File "/Users/kamamber/Desktop/giftWinnerBot/src/services/utils.py", line 57, in post_is_validated
    if 'copy_history' not in post.keys():
AttributeError: 'str' object has no attribute 'keys'
2024-05-04 23:41:42,974 - WARNING - dispatcher.py - 455 - Received SIGINT signal
2024-05-04 23:41:42,975 - INFO - dispatcher.py - 359 - Polling stopped for bot @testoooooooooooo_bot id=7090078691 - 'Тестовый бот'
2024-05-04 23:41:42,975 - INFO - dispatcher.py - 554 - Polling stopped
2024-05-04 23:41:45,380 - INFO - dispatcher.py - 527 - Start polling
2024-05-04 23:41:45,433 - INFO - dispatcher.py - 341 - Run polling for bot @testoooooooooooo_bot id=7090078691 - 'Тестовый бот'
2024-05-04 23:41:46,165 - INFO - dispatcher.py - 172 - Update id=588933907 is handled. Duration 257 ms by bot id=7090078691
2024-05-04 23:42:00,916 - WARNING - dispatcher.py - 455 - Received SIGINT signal
2024-05-04 23:42:00,917 - INFO - dispatcher.py - 359 - Polling stopped for bot @testoooooooooooo_bot id=7090078691 - 'Тестовый бот'
2024-05-04 23:42:00,917 - INFO - dispatcher.py - 554 - Polling stopped
2024-05-04 23:42:03,307 - INFO - dispatcher.py - 527 - Start polling
2024-05-04 23:42:03,359 - INFO - dispatcher.py - 341 - Run polling for bot @testoooooooooooo_bot id=7090078691 - 'Тестовый бот'
2024-05-04 23:42:09,618 - WARNING - dispatcher.py - 455 - Received SIGINT signal
2024-05-04 23:42:09,620 - INFO - dispatcher.py - 359 - Polling stopped for bot @testoooooooooooo_bot id=7090078691 - 'Тестовый бот'
2024-05-04 23:42:09,620 - INFO - dispatcher.py - 554 - Polling stopped
2024-05-04 23:42:11,911 - INFO - dispatcher.py - 527 - Start polling
2024-05-04 23:42:11,959 - INFO - dispatcher.py - 341 - Run polling for bot @testoooooooooooo_bot id=7090078691 - 'Тестовый бот'
2024-05-04 23:42:13,102 - INFO - dispatcher.py - 172 - Update id=588933908 is handled. Duration 276 ms by bot id=7090078691
2024-05-04 23:42:13,863 - INFO - dispatcher.py - 172 - Update id=588933909 is not handled. Duration 247 ms by bot id=7090078691
2024-05-04 23:42:13,863 - ERROR - dispatcher.py - 315 - Cause exception while process update id=588933909 by bot id=7090078691
AttributeError: 'str' object has no attribute 'keys'
Traceback (most recent call last):
  File "/Users/kamamber/Desktop/giftWinnerBot/venv/lib/python3.9/site-packages/aiogram/dispatcher/dispatcher.py", line 309, in _process_update
    response = await self.feed_update(bot, update, **kwargs)
  File "/Users/kamamber/Desktop/giftWinnerBot/venv/lib/python3.9/site-packages/aiogram/dispatcher/dispatcher.py", line 158, in feed_update
    response = await self.update.wrap_outer_middleware(
  File "/Users/kamamber/Desktop/giftWinnerBot/venv/lib/python3.9/site-packages/aiogram/dispatcher/middlewares/error.py", line 25, in __call__
    return await handler(event, data)
  File "/Users/kamamber/Desktop/giftWinnerBot/venv/lib/python3.9/site-packages/aiogram/dispatcher/middlewares/user_context.py", line 27, in __call__
    return await handler(event, data)
  File "/Users/kamamber/Desktop/giftWinnerBot/venv/lib/python3.9/site-packages/aiogram/fsm/middleware.py", line 41, in __call__
    return await handler(event, data)
  File "/Users/kamamber/Desktop/giftWinnerBot/venv/lib/python3.9/site-packages/aiogram/dispatcher/event/telegram.py", line 121, in trigger
    return await wrapped_inner(event, kwargs)
  File "/Users/kamamber/Desktop/giftWinnerBot/venv/lib/python3.9/site-packages/aiogram/dispatcher/event/handler.py", line 43, in call
    return await wrapped()
  File "/Users/kamamber/Desktop/giftWinnerBot/venv/lib/python3.9/site-packages/aiogram/dispatcher/dispatcher.py", line 276, in _listen_update
    return await self.propagate_event(update_type=update_type, event=event, **kwargs)
  File "/Users/kamamber/Desktop/giftWinnerBot/venv/lib/python3.9/site-packages/aiogram/dispatcher/router.py", line 128, in propagate_event
    return await observer.wrap_outer_middleware(_wrapped, event=event, data=kwargs)
  File "/Users/kamamber/Desktop/giftWinnerBot/venv/lib/python3.9/site-packages/aiogram/dispatcher/router.py", line 123, in _wrapped
    return await self._propagate_event(
  File "/Users/kamamber/Desktop/giftWinnerBot/venv/lib/python3.9/site-packages/aiogram/dispatcher/router.py", line 156, in _propagate_event
    response = await router.propagate_event(update_type=update_type, event=event, **kwargs)
  File "/Users/kamamber/Desktop/giftWinnerBot/venv/lib/python3.9/site-packages/aiogram/dispatcher/router.py", line 128, in propagate_event
    return await observer.wrap_outer_middleware(_wrapped, event=event, data=kwargs)
  File "/Users/kamamber/Desktop/giftWinnerBot/venv/lib/python3.9/site-packages/aiogram/dispatcher/router.py", line 123, in _wrapped
    return await self._propagate_event(
  File "/Users/kamamber/Desktop/giftWinnerBot/venv/lib/python3.9/site-packages/aiogram/dispatcher/router.py", line 148, in _propagate_event
    response = await observer.trigger(event, **kwargs)
  File "/Users/kamamber/Desktop/giftWinnerBot/venv/lib/python3.9/site-packages/aiogram/dispatcher/event/telegram.py", line 121, in trigger
    return await wrapped_inner(event, kwargs)
  File "/Users/kamamber/Desktop/giftWinnerBot/venv/lib/python3.9/site-packages/aiogram/dispatcher/event/handler.py", line 43, in call
    return await wrapped()
  File "/Users/kamamber/Desktop/giftWinnerBot/src/handlers/post/post_routes.py", line 35, in post_find
    await add_all_new_posts_to_database()
  File "/Users/kamamber/Desktop/giftWinnerBot/src/services/services.py", line 20, in add_all_new_posts_to_database
    validated_posts = get_validated_posts(posts)
  File "/Users/kamamber/Desktop/giftWinnerBot/src/services/utils.py", line 33, in get_validated_posts
    if post_is_validated(post):
  File "/Users/kamamber/Desktop/giftWinnerBot/src/services/utils.py", line 59, in post_is_validated
    if 'copy_history' not in post.keys():
AttributeError: 'str' object has no attribute 'keys'
2024-05-04 23:42:35,259 - WARNING - dispatcher.py - 455 - Received SIGINT signal
2024-05-04 23:42:35,261 - INFO - dispatcher.py - 359 - Polling stopped for bot @testoooooooooooo_bot id=7090078691 - 'Тестовый бот'
2024-05-04 23:42:35,262 - INFO - dispatcher.py - 554 - Polling stopped
2024-05-04 23:42:37,757 - INFO - dispatcher.py - 527 - Start polling
2024-05-04 23:42:37,806 - INFO - dispatcher.py - 341 - Run polling for bot @testoooooooooooo_bot id=7090078691 - 'Тестовый бот'
2024-05-04 23:42:39,035 - INFO - dispatcher.py - 172 - Update id=588933910 is handled. Duration 226 ms by bot id=7090078691
2024-05-04 23:42:39,903 - INFO - dispatcher.py - 172 - Update id=588933911 is handled. Duration 110 ms by bot id=7090078691
2024-05-04 23:42:40,669 - INFO - dispatcher.py - 172 - Update id=588933912 is not handled. Duration 264 ms by bot id=7090078691
2024-05-04 23:42:40,669 - ERROR - dispatcher.py - 315 - Cause exception while process update id=588933912 by bot id=7090078691
AttributeError: 'str' object has no attribute 'keys'
Traceback (most recent call last):
  File "/Users/kamamber/Desktop/giftWinnerBot/venv/lib/python3.9/site-packages/aiogram/dispatcher/dispatcher.py", line 309, in _process_update
    response = await self.feed_update(bot, update, **kwargs)
  File "/Users/kamamber/Desktop/giftWinnerBot/venv/lib/python3.9/site-packages/aiogram/dispatcher/dispatcher.py", line 158, in feed_update
    response = await self.update.wrap_outer_middleware(
  File "/Users/kamamber/Desktop/giftWinnerBot/venv/lib/python3.9/site-packages/aiogram/dispatcher/middlewares/error.py", line 25, in __call__
    return await handler(event, data)
  File "/Users/kamamber/Desktop/giftWinnerBot/venv/lib/python3.9/site-packages/aiogram/dispatcher/middlewares/user_context.py", line 27, in __call__
    return await handler(event, data)
  File "/Users/kamamber/Desktop/giftWinnerBot/venv/lib/python3.9/site-packages/aiogram/fsm/middleware.py", line 41, in __call__
    return await handler(event, data)
  File "/Users/kamamber/Desktop/giftWinnerBot/venv/lib/python3.9/site-packages/aiogram/dispatcher/event/telegram.py", line 121, in trigger
    return await wrapped_inner(event, kwargs)
  File "/Users/kamamber/Desktop/giftWinnerBot/venv/lib/python3.9/site-packages/aiogram/dispatcher/event/handler.py", line 43, in call
    return await wrapped()
  File "/Users/kamamber/Desktop/giftWinnerBot/venv/lib/python3.9/site-packages/aiogram/dispatcher/dispatcher.py", line 276, in _listen_update
    return await self.propagate_event(update_type=update_type, event=event, **kwargs)
  File "/Users/kamamber/Desktop/giftWinnerBot/venv/lib/python3.9/site-packages/aiogram/dispatcher/router.py", line 128, in propagate_event
    return await observer.wrap_outer_middleware(_wrapped, event=event, data=kwargs)
  File "/Users/kamamber/Desktop/giftWinnerBot/venv/lib/python3.9/site-packages/aiogram/dispatcher/router.py", line 123, in _wrapped
    return await self._propagate_event(
  File "/Users/kamamber/Desktop/giftWinnerBot/venv/lib/python3.9/site-packages/aiogram/dispatcher/router.py", line 156, in _propagate_event
    response = await router.propagate_event(update_type=update_type, event=event, **kwargs)
  File "/Users/kamamber/Desktop/giftWinnerBot/venv/lib/python3.9/site-packages/aiogram/dispatcher/router.py", line 128, in propagate_event
    return await observer.wrap_outer_middleware(_wrapped, event=event, data=kwargs)
  File "/Users/kamamber/Desktop/giftWinnerBot/venv/lib/python3.9/site-packages/aiogram/dispatcher/router.py", line 123, in _wrapped
    return await self._propagate_event(
  File "/Users/kamamber/Desktop/giftWinnerBot/venv/lib/python3.9/site-packages/aiogram/dispatcher/router.py", line 148, in _propagate_event
    response = await observer.trigger(event, **kwargs)
  File "/Users/kamamber/Desktop/giftWinnerBot/venv/lib/python3.9/site-packages/aiogram/dispatcher/event/telegram.py", line 121, in trigger
    return await wrapped_inner(event, kwargs)
  File "/Users/kamamber/Desktop/giftWinnerBot/venv/lib/python3.9/site-packages/aiogram/dispatcher/event/handler.py", line 43, in call
    return await wrapped()
  File "/Users/kamamber/Desktop/giftWinnerBot/src/handlers/post/post_routes.py", line 35, in post_find
    await add_all_new_posts_to_database()
  File "/Users/kamamber/Desktop/giftWinnerBot/src/services/services.py", line 20, in add_all_new_posts_to_database
    validated_posts = get_validated_posts(posts)
  File "/Users/kamamber/Desktop/giftWinnerBot/src/services/utils.py", line 33, in get_validated_posts
    if post_is_validated(post):
  File "/Users/kamamber/Desktop/giftWinnerBot/src/services/utils.py", line 59, in post_is_validated
    if 'copy_history' not in post.keys():
AttributeError: 'str' object has no attribute 'keys'
2024-05-04 23:43:04,889 - WARNING - dispatcher.py - 455 - Received SIGINT signal
2024-05-04 23:43:04,891 - INFO - dispatcher.py - 359 - Polling stopped for bot @testoooooooooooo_bot id=7090078691 - 'Тестовый бот'
2024-05-04 23:43:04,891 - INFO - dispatcher.py - 554 - Polling stopped
2024-05-04 23:43:07,380 - INFO - dispatcher.py - 527 - Start polling
2024-05-04 23:43:07,430 - INFO - dispatcher.py - 341 - Run polling for bot @testoooooooooooo_bot id=7090078691 - 'Тестовый бот'
2024-05-04 23:43:08,290 - INFO - dispatcher.py - 172 - Update id=588933913 is handled. Duration 297 ms by bot id=7090078691
2024-05-04 23:43:09,403 - INFO - dispatcher.py - 172 - Update id=588933914 is handled. Duration 187 ms by bot id=7090078691
2024-05-04 23:43:10,229 - INFO - dispatcher.py - 172 - Update id=588933915 is not handled. Duration 358 ms by bot id=7090078691
2024-05-04 23:43:10,229 - ERROR - dispatcher.py - 315 - Cause exception while process update id=588933915 by bot id=7090078691
AttributeError: 'str' object has no attribute 'keys'
Traceback (most recent call last):
  File "/Users/kamamber/Desktop/giftWinnerBot/venv/lib/python3.9/site-packages/aiogram/dispatcher/dispatcher.py", line 309, in _process_update
    response = await self.feed_update(bot, update, **kwargs)
  File "/Users/kamamber/Desktop/giftWinnerBot/venv/lib/python3.9/site-packages/aiogram/dispatcher/dispatcher.py", line 158, in feed_update
    response = await self.update.wrap_outer_middleware(
  File "/Users/kamamber/Desktop/giftWinnerBot/venv/lib/python3.9/site-packages/aiogram/dispatcher/middlewares/error.py", line 25, in __call__
    return await handler(event, data)
  File "/Users/kamamber/Desktop/giftWinnerBot/venv/lib/python3.9/site-packages/aiogram/dispatcher/middlewares/user_context.py", line 27, in __call__
    return await handler(event, data)
  File "/Users/kamamber/Desktop/giftWinnerBot/venv/lib/python3.9/site-packages/aiogram/fsm/middleware.py", line 41, in __call__
    return await handler(event, data)
  File "/Users/kamamber/Desktop/giftWinnerBot/venv/lib/python3.9/site-packages/aiogram/dispatcher/event/telegram.py", line 121, in trigger
    return await wrapped_inner(event, kwargs)
  File "/Users/kamamber/Desktop/giftWinnerBot/venv/lib/python3.9/site-packages/aiogram/dispatcher/event/handler.py", line 43, in call
    return await wrapped()
  File "/Users/kamamber/Desktop/giftWinnerBot/venv/lib/python3.9/site-packages/aiogram/dispatcher/dispatcher.py", line 276, in _listen_update
    return await self.propagate_event(update_type=update_type, event=event, **kwargs)
  File "/Users/kamamber/Desktop/giftWinnerBot/venv/lib/python3.9/site-packages/aiogram/dispatcher/router.py", line 128, in propagate_event
    return await observer.wrap_outer_middleware(_wrapped, event=event, data=kwargs)
  File "/Users/kamamber/Desktop/giftWinnerBot/venv/lib/python3.9/site-packages/aiogram/dispatcher/router.py", line 123, in _wrapped
    return await self._propagate_event(
  File "/Users/kamamber/Desktop/giftWinnerBot/venv/lib/python3.9/site-packages/aiogram/dispatcher/router.py", line 156, in _propagate_event
    response = await router.propagate_event(update_type=update_type, event=event, **kwargs)
  File "/Users/kamamber/Desktop/giftWinnerBot/venv/lib/python3.9/site-packages/aiogram/dispatcher/router.py", line 128, in propagate_event
    return await observer.wrap_outer_middleware(_wrapped, event=event, data=kwargs)
  File "/Users/kamamber/Desktop/giftWinnerBot/venv/lib/python3.9/site-packages/aiogram/dispatcher/router.py", line 123, in _wrapped
    return await self._propagate_event(
  File "/Users/kamamber/Desktop/giftWinnerBot/venv/lib/python3.9/site-packages/aiogram/dispatcher/router.py", line 148, in _propagate_event
    response = await observer.trigger(event, **kwargs)
  File "/Users/kamamber/Desktop/giftWinnerBot/venv/lib/python3.9/site-packages/aiogram/dispatcher/event/telegram.py", line 121, in trigger
    return await wrapped_inner(event, kwargs)
  File "/Users/kamamber/Desktop/giftWinnerBot/venv/lib/python3.9/site-packages/aiogram/dispatcher/event/handler.py", line 43, in call
    return await wrapped()
  File "/Users/kamamber/Desktop/giftWinnerBot/src/handlers/post/post_routes.py", line 35, in post_find
    await add_all_new_posts_to_database()
  File "/Users/kamamber/Desktop/giftWinnerBot/src/services/services.py", line 20, in add_all_new_posts_to_database
    validated_posts = get_validated_posts(posts)
  File "/Users/kamamber/Desktop/giftWinnerBot/src/services/utils.py", line 33, in get_validated_posts
    if post_is_validated(post):
  File "/Users/kamamber/Desktop/giftWinnerBot/src/services/utils.py", line 59, in post_is_validated
    if 'copy_history' not in post.keys():
AttributeError: 'str' object has no attribute 'keys'
2024-05-04 23:43:46,676 - WARNING - dispatcher.py - 455 - Received SIGINT signal
2024-05-04 23:43:46,677 - INFO - dispatcher.py - 359 - Polling stopped for bot @testoooooooooooo_bot id=7090078691 - 'Тестовый бот'
2024-05-04 23:43:46,677 - INFO - dispatcher.py - 554 - Polling stopped
2024-05-04 23:43:48,969 - INFO - dispatcher.py - 527 - Start polling
2024-05-04 23:43:49,014 - INFO - dispatcher.py - 341 - Run polling for bot @testoooooooooooo_bot id=7090078691 - 'Тестовый бот'
2024-05-04 23:43:50,530 - INFO - dispatcher.py - 172 - Update id=588933916 is handled. Duration 229 ms by bot id=7090078691
2024-05-04 23:43:51,618 - INFO - dispatcher.py - 172 - Update id=588933917 is handled. Duration 138 ms by bot id=7090078691
2024-05-04 23:44:22,604 - WARNING - dispatcher.py - 455 - Received SIGINT signal
2024-05-04 23:44:22,605 - INFO - dispatcher.py - 359 - Polling stopped for bot @testoooooooooooo_bot id=7090078691 - 'Тестовый бот'
2024-05-04 23:44:22,605 - INFO - dispatcher.py - 554 - Polling stopped
2024-05-04 23:44:24,985 - INFO - dispatcher.py - 527 - Start polling
2024-05-04 23:44:25,036 - INFO - dispatcher.py - 341 - Run polling for bot @testoooooooooooo_bot id=7090078691 - 'Тестовый бот'
2024-05-04 23:44:26,294 - INFO - dispatcher.py - 172 - Update id=588933918 is handled. Duration 251 ms by bot id=7090078691
2024-05-04 23:44:27,070 - INFO - dispatcher.py - 172 - Update id=588933919 is handled. Duration 115 ms by bot id=7090078691
2024-05-04 23:44:27,946 - INFO - dispatcher.py - 172 - Update id=588933920 is not handled. Duration 340 ms by bot id=7090078691
2024-05-04 23:44:27,947 - ERROR - dispatcher.py - 315 - Cause exception while process update id=588933920 by bot id=7090078691
AttributeError: 'str' object has no attribute 'keys'
Traceback (most recent call last):
  File "/Users/kamamber/Desktop/giftWinnerBot/venv/lib/python3.9/site-packages/aiogram/dispatcher/dispatcher.py", line 309, in _process_update
    response = await self.feed_update(bot, update, **kwargs)
  File "/Users/kamamber/Desktop/giftWinnerBot/venv/lib/python3.9/site-packages/aiogram/dispatcher/dispatcher.py", line 158, in feed_update
    response = await self.update.wrap_outer_middleware(
  File "/Users/kamamber/Desktop/giftWinnerBot/venv/lib/python3.9/site-packages/aiogram/dispatcher/middlewares/error.py", line 25, in __call__
    return await handler(event, data)
  File "/Users/kamamber/Desktop/giftWinnerBot/venv/lib/python3.9/site-packages/aiogram/dispatcher/middlewares/user_context.py", line 27, in __call__
    return await handler(event, data)
  File "/Users/kamamber/Desktop/giftWinnerBot/venv/lib/python3.9/site-packages/aiogram/fsm/middleware.py", line 41, in __call__
    return await handler(event, data)
  File "/Users/kamamber/Desktop/giftWinnerBot/venv/lib/python3.9/site-packages/aiogram/dispatcher/event/telegram.py", line 121, in trigger
    return await wrapped_inner(event, kwargs)
  File "/Users/kamamber/Desktop/giftWinnerBot/venv/lib/python3.9/site-packages/aiogram/dispatcher/event/handler.py", line 43, in call
    return await wrapped()
  File "/Users/kamamber/Desktop/giftWinnerBot/venv/lib/python3.9/site-packages/aiogram/dispatcher/dispatcher.py", line 276, in _listen_update
    return await self.propagate_event(update_type=update_type, event=event, **kwargs)
  File "/Users/kamamber/Desktop/giftWinnerBot/venv/lib/python3.9/site-packages/aiogram/dispatcher/router.py", line 128, in propagate_event
    return await observer.wrap_outer_middleware(_wrapped, event=event, data=kwargs)
  File "/Users/kamamber/Desktop/giftWinnerBot/venv/lib/python3.9/site-packages/aiogram/dispatcher/router.py", line 123, in _wrapped
    return await self._propagate_event(
  File "/Users/kamamber/Desktop/giftWinnerBot/venv/lib/python3.9/site-packages/aiogram/dispatcher/router.py", line 156, in _propagate_event
    response = await router.propagate_event(update_type=update_type, event=event, **kwargs)
  File "/Users/kamamber/Desktop/giftWinnerBot/venv/lib/python3.9/site-packages/aiogram/dispatcher/router.py", line 128, in propagate_event
    return await observer.wrap_outer_middleware(_wrapped, event=event, data=kwargs)
  File "/Users/kamamber/Desktop/giftWinnerBot/venv/lib/python3.9/site-packages/aiogram/dispatcher/router.py", line 123, in _wrapped
    return await self._propagate_event(
  File "/Users/kamamber/Desktop/giftWinnerBot/venv/lib/python3.9/site-packages/aiogram/dispatcher/router.py", line 148, in _propagate_event
    response = await observer.trigger(event, **kwargs)
  File "/Users/kamamber/Desktop/giftWinnerBot/venv/lib/python3.9/site-packages/aiogram/dispatcher/event/telegram.py", line 121, in trigger
    return await wrapped_inner(event, kwargs)
  File "/Users/kamamber/Desktop/giftWinnerBot/venv/lib/python3.9/site-packages/aiogram/dispatcher/event/handler.py", line 43, in call
    return await wrapped()
  File "/Users/kamamber/Desktop/giftWinnerBot/src/handlers/post/post_routes.py", line 35, in post_find
    await add_all_new_posts_to_database()
  File "/Users/kamamber/Desktop/giftWinnerBot/src/services/services.py", line 20, in add_all_new_posts_to_database
    validated_posts = get_validated_posts(posts)
  File "/Users/kamamber/Desktop/giftWinnerBot/src/services/utils.py", line 33, in get_validated_posts
    if post_is_validated(post):
  File "/Users/kamamber/Desktop/giftWinnerBot/src/services/utils.py", line 62, in post_is_validated
    if 'copy_history' not in post.keys():
AttributeError: 'str' object has no attribute 'keys'
2024-05-04 23:45:14,086 - WARNING - dispatcher.py - 455 - Received SIGINT signal
2024-05-04 23:45:14,087 - INFO - dispatcher.py - 359 - Polling stopped for bot @testoooooooooooo_bot id=7090078691 - 'Тестовый бот'
2024-05-04 23:45:14,087 - INFO - dispatcher.py - 554 - Polling stopped
2024-05-04 23:45:16,428 - INFO - dispatcher.py - 527 - Start polling
2024-05-04 23:45:16,478 - INFO - dispatcher.py - 341 - Run polling for bot @testoooooooooooo_bot id=7090078691 - 'Тестовый бот'
2024-05-04 23:45:18,346 - INFO - dispatcher.py - 172 - Update id=588933921 is handled. Duration 372 ms by bot id=7090078691
2024-05-04 23:45:19,248 - INFO - dispatcher.py - 172 - Update id=588933922 is handled. Duration 110 ms by bot id=7090078691
2024-05-04 23:45:19,961 - INFO - dispatcher.py - 172 - Update id=588933923 is not handled. Duration 303 ms by bot id=7090078691
2024-05-04 23:45:19,961 - ERROR - dispatcher.py - 315 - Cause exception while process update id=588933923 by bot id=7090078691
AttributeError: 'str' object has no attribute 'keys'
Traceback (most recent call last):
  File "/Users/kamamber/Desktop/giftWinnerBot/venv/lib/python3.9/site-packages/aiogram/dispatcher/dispatcher.py", line 309, in _process_update
    response = await self.feed_update(bot, update, **kwargs)
  File "/Users/kamamber/Desktop/giftWinnerBot/venv/lib/python3.9/site-packages/aiogram/dispatcher/dispatcher.py", line 158, in feed_update
    response = await self.update.wrap_outer_middleware(
  File "/Users/kamamber/Desktop/giftWinnerBot/venv/lib/python3.9/site-packages/aiogram/dispatcher/middlewares/error.py", line 25, in __call__
    return await handler(event, data)
  File "/Users/kamamber/Desktop/giftWinnerBot/venv/lib/python3.9/site-packages/aiogram/dispatcher/middlewares/user_context.py", line 27, in __call__
    return await handler(event, data)
  File "/Users/kamamber/Desktop/giftWinnerBot/venv/lib/python3.9/site-packages/aiogram/fsm/middleware.py", line 41, in __call__
    return await handler(event, data)
  File "/Users/kamamber/Desktop/giftWinnerBot/venv/lib/python3.9/site-packages/aiogram/dispatcher/event/telegram.py", line 121, in trigger
    return await wrapped_inner(event, kwargs)
  File "/Users/kamamber/Desktop/giftWinnerBot/venv/lib/python3.9/site-packages/aiogram/dispatcher/event/handler.py", line 43, in call
    return await wrapped()
  File "/Users/kamamber/Desktop/giftWinnerBot/venv/lib/python3.9/site-packages/aiogram/dispatcher/dispatcher.py", line 276, in _listen_update
    return await self.propagate_event(update_type=update_type, event=event, **kwargs)
  File "/Users/kamamber/Desktop/giftWinnerBot/venv/lib/python3.9/site-packages/aiogram/dispatcher/router.py", line 128, in propagate_event
    return await observer.wrap_outer_middleware(_wrapped, event=event, data=kwargs)
  File "/Users/kamamber/Desktop/giftWinnerBot/venv/lib/python3.9/site-packages/aiogram/dispatcher/router.py", line 123, in _wrapped
    return await self._propagate_event(
  File "/Users/kamamber/Desktop/giftWinnerBot/venv/lib/python3.9/site-packages/aiogram/dispatcher/router.py", line 156, in _propagate_event
    response = await router.propagate_event(update_type=update_type, event=event, **kwargs)
  File "/Users/kamamber/Desktop/giftWinnerBot/venv/lib/python3.9/site-packages/aiogram/dispatcher/router.py", line 128, in propagate_event
    return await observer.wrap_outer_middleware(_wrapped, event=event, data=kwargs)
  File "/Users/kamamber/Desktop/giftWinnerBot/venv/lib/python3.9/site-packages/aiogram/dispatcher/router.py", line 123, in _wrapped
    return await self._propagate_event(
  File "/Users/kamamber/Desktop/giftWinnerBot/venv/lib/python3.9/site-packages/aiogram/dispatcher/router.py", line 148, in _propagate_event
    response = await observer.trigger(event, **kwargs)
  File "/Users/kamamber/Desktop/giftWinnerBot/venv/lib/python3.9/site-packages/aiogram/dispatcher/event/telegram.py", line 121, in trigger
    return await wrapped_inner(event, kwargs)
  File "/Users/kamamber/Desktop/giftWinnerBot/venv/lib/python3.9/site-packages/aiogram/dispatcher/event/handler.py", line 43, in call
    return await wrapped()
  File "/Users/kamamber/Desktop/giftWinnerBot/src/handlers/post/post_routes.py", line 35, in post_find
    await add_all_new_posts_to_database()
  File "/Users/kamamber/Desktop/giftWinnerBot/src/services/services.py", line 20, in add_all_new_posts_to_database
    validated_posts = get_validated_posts(posts)
  File "/Users/kamamber/Desktop/giftWinnerBot/src/services/utils.py", line 33, in get_validated_posts
    if post_is_validated(post):
  File "/Users/kamamber/Desktop/giftWinnerBot/src/services/utils.py", line 63, in post_is_validated
    if 'copy_history' not in post.keys():
AttributeError: 'str' object has no attribute 'keys'
2024-05-04 23:46:16,525 - WARNING - dispatcher.py - 455 - Received SIGINT signal
2024-05-04 23:46:16,526 - INFO - dispatcher.py - 359 - Polling stopped for bot @testoooooooooooo_bot id=7090078691 - 'Тестовый бот'
2024-05-04 23:46:16,526 - INFO - dispatcher.py - 554 - Polling stopped
2024-05-04 23:46:18,859 - INFO - dispatcher.py - 527 - Start polling
2024-05-04 23:46:18,911 - INFO - dispatcher.py - 341 - Run polling for bot @testoooooooooooo_bot id=7090078691 - 'Тестовый бот'
2024-05-04 23:46:19,831 - INFO - dispatcher.py - 172 - Update id=588933924 is handled. Duration 269 ms by bot id=7090078691
2024-05-04 23:46:20,741 - INFO - dispatcher.py - 172 - Update id=588933925 is handled. Duration 112 ms by bot id=7090078691
2024-05-04 23:46:21,620 - INFO - dispatcher.py - 172 - Update id=588933926 is not handled. Duration 326 ms by bot id=7090078691
2024-05-04 23:46:21,620 - ERROR - dispatcher.py - 315 - Cause exception while process update id=588933926 by bot id=7090078691
AttributeError: 'str' object has no attribute 'keys'
Traceback (most recent call last):
  File "/Users/kamamber/Desktop/giftWinnerBot/venv/lib/python3.9/site-packages/aiogram/dispatcher/dispatcher.py", line 309, in _process_update
    response = await self.feed_update(bot, update, **kwargs)
  File "/Users/kamamber/Desktop/giftWinnerBot/venv/lib/python3.9/site-packages/aiogram/dispatcher/dispatcher.py", line 158, in feed_update
    response = await self.update.wrap_outer_middleware(
  File "/Users/kamamber/Desktop/giftWinnerBot/venv/lib/python3.9/site-packages/aiogram/dispatcher/middlewares/error.py", line 25, in __call__
    return await handler(event, data)
  File "/Users/kamamber/Desktop/giftWinnerBot/venv/lib/python3.9/site-packages/aiogram/dispatcher/middlewares/user_context.py", line 27, in __call__
    return await handler(event, data)
  File "/Users/kamamber/Desktop/giftWinnerBot/venv/lib/python3.9/site-packages/aiogram/fsm/middleware.py", line 41, in __call__
    return await handler(event, data)
  File "/Users/kamamber/Desktop/giftWinnerBot/venv/lib/python3.9/site-packages/aiogram/dispatcher/event/telegram.py", line 121, in trigger
    return await wrapped_inner(event, kwargs)
  File "/Users/kamamber/Desktop/giftWinnerBot/venv/lib/python3.9/site-packages/aiogram/dispatcher/event/handler.py", line 43, in call
    return await wrapped()
  File "/Users/kamamber/Desktop/giftWinnerBot/venv/lib/python3.9/site-packages/aiogram/dispatcher/dispatcher.py", line 276, in _listen_update
    return await self.propagate_event(update_type=update_type, event=event, **kwargs)
  File "/Users/kamamber/Desktop/giftWinnerBot/venv/lib/python3.9/site-packages/aiogram/dispatcher/router.py", line 128, in propagate_event
    return await observer.wrap_outer_middleware(_wrapped, event=event, data=kwargs)
  File "/Users/kamamber/Desktop/giftWinnerBot/venv/lib/python3.9/site-packages/aiogram/dispatcher/router.py", line 123, in _wrapped
    return await self._propagate_event(
  File "/Users/kamamber/Desktop/giftWinnerBot/venv/lib/python3.9/site-packages/aiogram/dispatcher/router.py", line 156, in _propagate_event
    response = await router.propagate_event(update_type=update_type, event=event, **kwargs)
  File "/Users/kamamber/Desktop/giftWinnerBot/venv/lib/python3.9/site-packages/aiogram/dispatcher/router.py", line 128, in propagate_event
    return await observer.wrap_outer_middleware(_wrapped, event=event, data=kwargs)
  File "/Users/kamamber/Desktop/giftWinnerBot/venv/lib/python3.9/site-packages/aiogram/dispatcher/router.py", line 123, in _wrapped
    return await self._propagate_event(
  File "/Users/kamamber/Desktop/giftWinnerBot/venv/lib/python3.9/site-packages/aiogram/dispatcher/router.py", line 148, in _propagate_event
    response = await observer.trigger(event, **kwargs)
  File "/Users/kamamber/Desktop/giftWinnerBot/venv/lib/python3.9/site-packages/aiogram/dispatcher/event/telegram.py", line 121, in trigger
    return await wrapped_inner(event, kwargs)
  File "/Users/kamamber/Desktop/giftWinnerBot/venv/lib/python3.9/site-packages/aiogram/dispatcher/event/handler.py", line 43, in call
    return await wrapped()
  File "/Users/kamamber/Desktop/giftWinnerBot/src/handlers/post/post_routes.py", line 35, in post_find
    await add_all_new_posts_to_database()
  File "/Users/kamamber/Desktop/giftWinnerBot/src/services/services.py", line 20, in add_all_new_posts_to_database
    validated_posts = get_validated_posts(posts)
  File "/Users/kamamber/Desktop/giftWinnerBot/src/services/utils.py", line 33, in get_validated_posts
    if post_is_validated(post):
  File "/Users/kamamber/Desktop/giftWinnerBot/src/services/utils.py", line 64, in post_is_validated
    if 'copy_history' not in post.keys():
AttributeError: 'str' object has no attribute 'keys'
2024-05-04 23:46:51,287 - WARNING - dispatcher.py - 455 - Received SIGINT signal
2024-05-04 23:46:51,290 - INFO - dispatcher.py - 359 - Polling stopped for bot @testoooooooooooo_bot id=7090078691 - 'Тестовый бот'
2024-05-04 23:46:51,290 - INFO - dispatcher.py - 554 - Polling stopped
2024-05-04 23:46:53,839 - INFO - dispatcher.py - 527 - Start polling
2024-05-04 23:46:53,890 - INFO - dispatcher.py - 341 - Run polling for bot @testoooooooooooo_bot id=7090078691 - 'Тестовый бот'
2024-05-04 23:46:56,704 - INFO - dispatcher.py - 172 - Update id=588933927 is handled. Duration 607 ms by bot id=7090078691
2024-05-04 23:46:57,691 - INFO - dispatcher.py - 172 - Update id=588933928 is handled. Duration 101 ms by bot id=7090078691
2024-05-04 23:46:58,721 - INFO - dispatcher.py - 172 - Update id=588933929 is not handled. Duration 263 ms by bot id=7090078691
2024-05-04 23:46:58,721 - ERROR - dispatcher.py - 315 - Cause exception while process update id=588933929 by bot id=7090078691
AttributeError: 'str' object has no attribute 'keys'
Traceback (most recent call last):
  File "/Users/kamamber/Desktop/giftWinnerBot/venv/lib/python3.9/site-packages/aiogram/dispatcher/dispatcher.py", line 309, in _process_update
    response = await self.feed_update(bot, update, **kwargs)
  File "/Users/kamamber/Desktop/giftWinnerBot/venv/lib/python3.9/site-packages/aiogram/dispatcher/dispatcher.py", line 158, in feed_update
    response = await self.update.wrap_outer_middleware(
  File "/Users/kamamber/Desktop/giftWinnerBot/venv/lib/python3.9/site-packages/aiogram/dispatcher/middlewares/error.py", line 25, in __call__
    return await handler(event, data)
  File "/Users/kamamber/Desktop/giftWinnerBot/venv/lib/python3.9/site-packages/aiogram/dispatcher/middlewares/user_context.py", line 27, in __call__
    return await handler(event, data)
  File "/Users/kamamber/Desktop/giftWinnerBot/venv/lib/python3.9/site-packages/aiogram/fsm/middleware.py", line 41, in __call__
    return await handler(event, data)
  File "/Users/kamamber/Desktop/giftWinnerBot/venv/lib/python3.9/site-packages/aiogram/dispatcher/event/telegram.py", line 121, in trigger
    return await wrapped_inner(event, kwargs)
  File "/Users/kamamber/Desktop/giftWinnerBot/venv/lib/python3.9/site-packages/aiogram/dispatcher/event/handler.py", line 43, in call
    return await wrapped()
  File "/Users/kamamber/Desktop/giftWinnerBot/venv/lib/python3.9/site-packages/aiogram/dispatcher/dispatcher.py", line 276, in _listen_update
    return await self.propagate_event(update_type=update_type, event=event, **kwargs)
  File "/Users/kamamber/Desktop/giftWinnerBot/venv/lib/python3.9/site-packages/aiogram/dispatcher/router.py", line 128, in propagate_event
    return await observer.wrap_outer_middleware(_wrapped, event=event, data=kwargs)
  File "/Users/kamamber/Desktop/giftWinnerBot/venv/lib/python3.9/site-packages/aiogram/dispatcher/router.py", line 123, in _wrapped
    return await self._propagate_event(
  File "/Users/kamamber/Desktop/giftWinnerBot/venv/lib/python3.9/site-packages/aiogram/dispatcher/router.py", line 156, in _propagate_event
    response = await router.propagate_event(update_type=update_type, event=event, **kwargs)
  File "/Users/kamamber/Desktop/giftWinnerBot/venv/lib/python3.9/site-packages/aiogram/dispatcher/router.py", line 128, in propagate_event
    return await observer.wrap_outer_middleware(_wrapped, event=event, data=kwargs)
  File "/Users/kamamber/Desktop/giftWinnerBot/venv/lib/python3.9/site-packages/aiogram/dispatcher/router.py", line 123, in _wrapped
    return await self._propagate_event(
  File "/Users/kamamber/Desktop/giftWinnerBot/venv/lib/python3.9/site-packages/aiogram/dispatcher/router.py", line 148, in _propagate_event
    response = await observer.trigger(event, **kwargs)
  File "/Users/kamamber/Desktop/giftWinnerBot/venv/lib/python3.9/site-packages/aiogram/dispatcher/event/telegram.py", line 121, in trigger
    return await wrapped_inner(event, kwargs)
  File "/Users/kamamber/Desktop/giftWinnerBot/venv/lib/python3.9/site-packages/aiogram/dispatcher/event/handler.py", line 43, in call
    return await wrapped()
  File "/Users/kamamber/Desktop/giftWinnerBot/src/handlers/post/post_routes.py", line 35, in post_find
    await add_all_new_posts_to_database()
  File "/Users/kamamber/Desktop/giftWinnerBot/src/services/services.py", line 20, in add_all_new_posts_to_database
    validated_posts = get_validated_posts(posts)
  File "/Users/kamamber/Desktop/giftWinnerBot/src/services/utils.py", line 33, in get_validated_posts
    if post_is_validated(post):
  File "/Users/kamamber/Desktop/giftWinnerBot/src/services/utils.py", line 66, in post_is_validated
    if 'copy_history' not in post.keys():
AttributeError: 'str' object has no attribute 'keys'
2024-05-04 23:47:53,891 - WARNING - dispatcher.py - 455 - Received SIGINT signal
2024-05-04 23:47:53,892 - INFO - dispatcher.py - 359 - Polling stopped for bot @testoooooooooooo_bot id=7090078691 - 'Тестовый бот'
2024-05-04 23:47:53,892 - INFO - dispatcher.py - 554 - Polling stopped
2024-05-04 23:47:57,073 - INFO - dispatcher.py - 527 - Start polling
2024-05-04 23:47:57,129 - INFO - dispatcher.py - 341 - Run polling for bot @testoooooooooooo_bot id=7090078691 - 'Тестовый бот'
2024-05-04 23:47:59,763 - INFO - dispatcher.py - 172 - Update id=588933930 is handled. Duration 604 ms by bot id=7090078691
2024-05-04 23:48:01,526 - INFO - dispatcher.py - 172 - Update id=588933931 is handled. Duration 107 ms by bot id=7090078691
2024-05-04 23:48:02,428 - INFO - dispatcher.py - 172 - Update id=588933932 is not handled. Duration 325 ms by bot id=7090078691
2024-05-04 23:48:02,429 - ERROR - dispatcher.py - 315 - Cause exception while process update id=588933932 by bot id=7090078691
AttributeError: 'str' object has no attribute 'keys'
Traceback (most recent call last):
  File "/Users/kamamber/Desktop/giftWinnerBot/venv/lib/python3.9/site-packages/aiogram/dispatcher/dispatcher.py", line 309, in _process_update
    response = await self.feed_update(bot, update, **kwargs)
  File "/Users/kamamber/Desktop/giftWinnerBot/venv/lib/python3.9/site-packages/aiogram/dispatcher/dispatcher.py", line 158, in feed_update
    response = await self.update.wrap_outer_middleware(
  File "/Users/kamamber/Desktop/giftWinnerBot/venv/lib/python3.9/site-packages/aiogram/dispatcher/middlewares/error.py", line 25, in __call__
    return await handler(event, data)
  File "/Users/kamamber/Desktop/giftWinnerBot/venv/lib/python3.9/site-packages/aiogram/dispatcher/middlewares/user_context.py", line 27, in __call__
    return await handler(event, data)
  File "/Users/kamamber/Desktop/giftWinnerBot/venv/lib/python3.9/site-packages/aiogram/fsm/middleware.py", line 41, in __call__
    return await handler(event, data)
  File "/Users/kamamber/Desktop/giftWinnerBot/venv/lib/python3.9/site-packages/aiogram/dispatcher/event/telegram.py", line 121, in trigger
    return await wrapped_inner(event, kwargs)
  File "/Users/kamamber/Desktop/giftWinnerBot/venv/lib/python3.9/site-packages/aiogram/dispatcher/event/handler.py", line 43, in call
    return await wrapped()
  File "/Users/kamamber/Desktop/giftWinnerBot/venv/lib/python3.9/site-packages/aiogram/dispatcher/dispatcher.py", line 276, in _listen_update
    return await self.propagate_event(update_type=update_type, event=event, **kwargs)
  File "/Users/kamamber/Desktop/giftWinnerBot/venv/lib/python3.9/site-packages/aiogram/dispatcher/router.py", line 128, in propagate_event
    return await observer.wrap_outer_middleware(_wrapped, event=event, data=kwargs)
  File "/Users/kamamber/Desktop/giftWinnerBot/venv/lib/python3.9/site-packages/aiogram/dispatcher/router.py", line 123, in _wrapped
    return await self._propagate_event(
  File "/Users/kamamber/Desktop/giftWinnerBot/venv/lib/python3.9/site-packages/aiogram/dispatcher/router.py", line 156, in _propagate_event
    response = await router.propagate_event(update_type=update_type, event=event, **kwargs)
  File "/Users/kamamber/Desktop/giftWinnerBot/venv/lib/python3.9/site-packages/aiogram/dispatcher/router.py", line 128, in propagate_event
    return await observer.wrap_outer_middleware(_wrapped, event=event, data=kwargs)
  File "/Users/kamamber/Desktop/giftWinnerBot/venv/lib/python3.9/site-packages/aiogram/dispatcher/router.py", line 123, in _wrapped
    return await self._propagate_event(
  File "/Users/kamamber/Desktop/giftWinnerBot/venv/lib/python3.9/site-packages/aiogram/dispatcher/router.py", line 148, in _propagate_event
    response = await observer.trigger(event, **kwargs)
  File "/Users/kamamber/Desktop/giftWinnerBot/venv/lib/python3.9/site-packages/aiogram/dispatcher/event/telegram.py", line 121, in trigger
    return await wrapped_inner(event, kwargs)
  File "/Users/kamamber/Desktop/giftWinnerBot/venv/lib/python3.9/site-packages/aiogram/dispatcher/event/handler.py", line 43, in call
    return await wrapped()
  File "/Users/kamamber/Desktop/giftWinnerBot/src/handlers/post/post_routes.py", line 35, in post_find
    await add_all_new_posts_to_database()
  File "/Users/kamamber/Desktop/giftWinnerBot/src/services/services.py", line 20, in add_all_new_posts_to_database
    validated_posts = get_validated_posts(posts)
  File "/Users/kamamber/Desktop/giftWinnerBot/src/services/utils.py", line 33, in get_validated_posts
    if post_is_validated(post):
  File "/Users/kamamber/Desktop/giftWinnerBot/src/services/utils.py", line 66, in post_is_validated
    if 'copy_history' not in post.keys():
AttributeError: 'str' object has no attribute 'keys'
2024-05-04 23:48:51,864 - WARNING - dispatcher.py - 455 - Received SIGINT signal
2024-05-04 23:48:51,865 - INFO - dispatcher.py - 359 - Polling stopped for bot @testoooooooooooo_bot id=7090078691 - 'Тестовый бот'
2024-05-04 23:48:51,866 - INFO - dispatcher.py - 554 - Polling stopped
2024-05-04 23:48:54,255 - INFO - dispatcher.py - 527 - Start polling
2024-05-04 23:48:54,305 - INFO - dispatcher.py - 341 - Run polling for bot @testoooooooooooo_bot id=7090078691 - 'Тестовый бот'
2024-05-04 23:48:56,701 - INFO - dispatcher.py - 172 - Update id=588933933 is handled. Duration 232 ms by bot id=7090078691
2024-05-04 23:48:57,629 - INFO - dispatcher.py - 172 - Update id=588933934 is handled. Duration 82 ms by bot id=7090078691
2024-05-04 23:48:58,519 - INFO - dispatcher.py - 172 - Update id=588933935 is not handled. Duration 353 ms by bot id=7090078691
2024-05-04 23:48:58,519 - ERROR - dispatcher.py - 315 - Cause exception while process update id=588933935 by bot id=7090078691
AttributeError: 'str' object has no attribute 'keys'
Traceback (most recent call last):
  File "/Users/kamamber/Desktop/giftWinnerBot/venv/lib/python3.9/site-packages/aiogram/dispatcher/dispatcher.py", line 309, in _process_update
    response = await self.feed_update(bot, update, **kwargs)
  File "/Users/kamamber/Desktop/giftWinnerBot/venv/lib/python3.9/site-packages/aiogram/dispatcher/dispatcher.py", line 158, in feed_update
    response = await self.update.wrap_outer_middleware(
  File "/Users/kamamber/Desktop/giftWinnerBot/venv/lib/python3.9/site-packages/aiogram/dispatcher/middlewares/error.py", line 25, in __call__
    return await handler(event, data)
  File "/Users/kamamber/Desktop/giftWinnerBot/venv/lib/python3.9/site-packages/aiogram/dispatcher/middlewares/user_context.py", line 27, in __call__
    return await handler(event, data)
  File "/Users/kamamber/Desktop/giftWinnerBot/venv/lib/python3.9/site-packages/aiogram/fsm/middleware.py", line 41, in __call__
    return await handler(event, data)
  File "/Users/kamamber/Desktop/giftWinnerBot/venv/lib/python3.9/site-packages/aiogram/dispatcher/event/telegram.py", line 121, in trigger
    return await wrapped_inner(event, kwargs)
  File "/Users/kamamber/Desktop/giftWinnerBot/venv/lib/python3.9/site-packages/aiogram/dispatcher/event/handler.py", line 43, in call
    return await wrapped()
  File "/Users/kamamber/Desktop/giftWinnerBot/venv/lib/python3.9/site-packages/aiogram/dispatcher/dispatcher.py", line 276, in _listen_update
    return await self.propagate_event(update_type=update_type, event=event, **kwargs)
  File "/Users/kamamber/Desktop/giftWinnerBot/venv/lib/python3.9/site-packages/aiogram/dispatcher/router.py", line 128, in propagate_event
    return await observer.wrap_outer_middleware(_wrapped, event=event, data=kwargs)
  File "/Users/kamamber/Desktop/giftWinnerBot/venv/lib/python3.9/site-packages/aiogram/dispatcher/router.py", line 123, in _wrapped
    return await self._propagate_event(
  File "/Users/kamamber/Desktop/giftWinnerBot/venv/lib/python3.9/site-packages/aiogram/dispatcher/router.py", line 156, in _propagate_event
    response = await router.propagate_event(update_type=update_type, event=event, **kwargs)
  File "/Users/kamamber/Desktop/giftWinnerBot/venv/lib/python3.9/site-packages/aiogram/dispatcher/router.py", line 128, in propagate_event
    return await observer.wrap_outer_middleware(_wrapped, event=event, data=kwargs)
  File "/Users/kamamber/Desktop/giftWinnerBot/venv/lib/python3.9/site-packages/aiogram/dispatcher/router.py", line 123, in _wrapped
    return await self._propagate_event(
  File "/Users/kamamber/Desktop/giftWinnerBot/venv/lib/python3.9/site-packages/aiogram/dispatcher/router.py", line 148, in _propagate_event
    response = await observer.trigger(event, **kwargs)
  File "/Users/kamamber/Desktop/giftWinnerBot/venv/lib/python3.9/site-packages/aiogram/dispatcher/event/telegram.py", line 121, in trigger
    return await wrapped_inner(event, kwargs)
  File "/Users/kamamber/Desktop/giftWinnerBot/venv/lib/python3.9/site-packages/aiogram/dispatcher/event/handler.py", line 43, in call
    return await wrapped()
  File "/Users/kamamber/Desktop/giftWinnerBot/src/handlers/post/post_routes.py", line 35, in post_find
    await add_all_new_posts_to_database()
  File "/Users/kamamber/Desktop/giftWinnerBot/src/services/services.py", line 20, in add_all_new_posts_to_database
    validated_posts = get_validated_posts(posts)
  File "/Users/kamamber/Desktop/giftWinnerBot/src/services/utils.py", line 33, in get_validated_posts
    if post_is_validated(post):
  File "/Users/kamamber/Desktop/giftWinnerBot/src/services/utils.py", line 66, in post_is_validated
    if 'copy_history' not in post.keys():
AttributeError: 'str' object has no attribute 'keys'
2024-05-04 23:49:01,177 - WARNING - dispatcher.py - 455 - Received SIGINT signal
2024-05-04 23:49:01,178 - INFO - dispatcher.py - 359 - Polling stopped for bot @testoooooooooooo_bot id=7090078691 - 'Тестовый бот'
2024-05-04 23:49:01,178 - INFO - dispatcher.py - 554 - Polling stopped
2024-05-04 23:49:17,318 - INFO - dispatcher.py - 527 - Start polling
2024-05-04 23:49:17,412 - INFO - dispatcher.py - 341 - Run polling for bot @testoooooooooooo_bot id=7090078691 - 'Тестовый бот'
2024-05-04 23:49:20,427 - INFO - dispatcher.py - 172 - Update id=588933936 is handled. Duration 224 ms by bot id=7090078691
2024-05-04 23:49:21,320 - INFO - dispatcher.py - 172 - Update id=588933937 is handled. Duration 108 ms by bot id=7090078691
2024-05-04 23:49:22,204 - INFO - dispatcher.py - 172 - Update id=588933938 is not handled. Duration 328 ms by bot id=7090078691
2024-05-04 23:49:22,205 - ERROR - dispatcher.py - 315 - Cause exception while process update id=588933938 by bot id=7090078691
AttributeError: 'str' object has no attribute 'keys'
Traceback (most recent call last):
  File "/Users/kamamber/Desktop/giftWinnerBot/venv/lib/python3.9/site-packages/aiogram/dispatcher/dispatcher.py", line 309, in _process_update
    response = await self.feed_update(bot, update, **kwargs)
  File "/Users/kamamber/Desktop/giftWinnerBot/venv/lib/python3.9/site-packages/aiogram/dispatcher/dispatcher.py", line 158, in feed_update
    response = await self.update.wrap_outer_middleware(
  File "/Users/kamamber/Desktop/giftWinnerBot/venv/lib/python3.9/site-packages/aiogram/dispatcher/middlewares/error.py", line 25, in __call__
    return await handler(event, data)
  File "/Users/kamamber/Desktop/giftWinnerBot/venv/lib/python3.9/site-packages/aiogram/dispatcher/middlewares/user_context.py", line 27, in __call__
    return await handler(event, data)
  File "/Users/kamamber/Desktop/giftWinnerBot/venv/lib/python3.9/site-packages/aiogram/fsm/middleware.py", line 41, in __call__
    return await handler(event, data)
  File "/Users/kamamber/Desktop/giftWinnerBot/venv/lib/python3.9/site-packages/aiogram/dispatcher/event/telegram.py", line 121, in trigger
    return await wrapped_inner(event, kwargs)
  File "/Users/kamamber/Desktop/giftWinnerBot/venv/lib/python3.9/site-packages/aiogram/dispatcher/event/handler.py", line 43, in call
    return await wrapped()
  File "/Users/kamamber/Desktop/giftWinnerBot/venv/lib/python3.9/site-packages/aiogram/dispatcher/dispatcher.py", line 276, in _listen_update
    return await self.propagate_event(update_type=update_type, event=event, **kwargs)
  File "/Users/kamamber/Desktop/giftWinnerBot/venv/lib/python3.9/site-packages/aiogram/dispatcher/router.py", line 128, in propagate_event
    return await observer.wrap_outer_middleware(_wrapped, event=event, data=kwargs)
  File "/Users/kamamber/Desktop/giftWinnerBot/venv/lib/python3.9/site-packages/aiogram/dispatcher/router.py", line 123, in _wrapped
    return await self._propagate_event(
  File "/Users/kamamber/Desktop/giftWinnerBot/venv/lib/python3.9/site-packages/aiogram/dispatcher/router.py", line 156, in _propagate_event
    response = await router.propagate_event(update_type=update_type, event=event, **kwargs)
  File "/Users/kamamber/Desktop/giftWinnerBot/venv/lib/python3.9/site-packages/aiogram/dispatcher/router.py", line 128, in propagate_event
    return await observer.wrap_outer_middleware(_wrapped, event=event, data=kwargs)
  File "/Users/kamamber/Desktop/giftWinnerBot/venv/lib/python3.9/site-packages/aiogram/dispatcher/router.py", line 123, in _wrapped
    return await self._propagate_event(
  File "/Users/kamamber/Desktop/giftWinnerBot/venv/lib/python3.9/site-packages/aiogram/dispatcher/router.py", line 148, in _propagate_event
    response = await observer.trigger(event, **kwargs)
  File "/Users/kamamber/Desktop/giftWinnerBot/venv/lib/python3.9/site-packages/aiogram/dispatcher/event/telegram.py", line 121, in trigger
    return await wrapped_inner(event, kwargs)
  File "/Users/kamamber/Desktop/giftWinnerBot/venv/lib/python3.9/site-packages/aiogram/dispatcher/event/handler.py", line 43, in call
    return await wrapped()
  File "/Users/kamamber/Desktop/giftWinnerBot/src/handlers/post/post_routes.py", line 35, in post_find
    await add_all_new_posts_to_database()
  File "/Users/kamamber/Desktop/giftWinnerBot/src/services/services.py", line 20, in add_all_new_posts_to_database
    validated_posts = get_validated_posts(posts)
  File "/Users/kamamber/Desktop/giftWinnerBot/src/services/utils.py", line 33, in get_validated_posts
    if post_is_validated(post):
  File "/Users/kamamber/Desktop/giftWinnerBot/src/services/utils.py", line 63, in post_is_validated
    if 'copy_history' not in post.keys():
AttributeError: 'str' object has no attribute 'keys'
2024-05-04 23:49:42,964 - WARNING - dispatcher.py - 455 - Received SIGINT signal
2024-05-04 23:49:42,965 - INFO - dispatcher.py - 359 - Polling stopped for bot @testoooooooooooo_bot id=7090078691 - 'Тестовый бот'
2024-05-04 23:49:42,965 - INFO - dispatcher.py - 554 - Polling stopped
2024-05-04 23:49:45,380 - INFO - dispatcher.py - 527 - Start polling
2024-05-04 23:49:45,429 - INFO - dispatcher.py - 341 - Run polling for bot @testoooooooooooo_bot id=7090078691 - 'Тестовый бот'
2024-05-04 23:49:46,012 - INFO - dispatcher.py - 172 - Update id=588933939 is handled. Duration 215 ms by bot id=7090078691
2024-05-04 23:49:46,893 - INFO - dispatcher.py - 172 - Update id=588933940 is handled. Duration 85 ms by bot id=7090078691
2024-05-04 23:49:47,826 - INFO - dispatcher.py - 172 - Update id=588933941 is not handled. Duration 432 ms by bot id=7090078691
2024-05-04 23:49:47,827 - ERROR - dispatcher.py - 315 - Cause exception while process update id=588933941 by bot id=7090078691
AttributeError: 'str' object has no attribute 'keys'
Traceback (most recent call last):
  File "/Users/kamamber/Desktop/giftWinnerBot/venv/lib/python3.9/site-packages/aiogram/dispatcher/dispatcher.py", line 309, in _process_update
    response = await self.feed_update(bot, update, **kwargs)
  File "/Users/kamamber/Desktop/giftWinnerBot/venv/lib/python3.9/site-packages/aiogram/dispatcher/dispatcher.py", line 158, in feed_update
    response = await self.update.wrap_outer_middleware(
  File "/Users/kamamber/Desktop/giftWinnerBot/venv/lib/python3.9/site-packages/aiogram/dispatcher/middlewares/error.py", line 25, in __call__
    return await handler(event, data)
  File "/Users/kamamber/Desktop/giftWinnerBot/venv/lib/python3.9/site-packages/aiogram/dispatcher/middlewares/user_context.py", line 27, in __call__
    return await handler(event, data)
  File "/Users/kamamber/Desktop/giftWinnerBot/venv/lib/python3.9/site-packages/aiogram/fsm/middleware.py", line 41, in __call__
    return await handler(event, data)
  File "/Users/kamamber/Desktop/giftWinnerBot/venv/lib/python3.9/site-packages/aiogram/dispatcher/event/telegram.py", line 121, in trigger
    return await wrapped_inner(event, kwargs)
  File "/Users/kamamber/Desktop/giftWinnerBot/venv/lib/python3.9/site-packages/aiogram/dispatcher/event/handler.py", line 43, in call
    return await wrapped()
  File "/Users/kamamber/Desktop/giftWinnerBot/venv/lib/python3.9/site-packages/aiogram/dispatcher/dispatcher.py", line 276, in _listen_update
    return await self.propagate_event(update_type=update_type, event=event, **kwargs)
  File "/Users/kamamber/Desktop/giftWinnerBot/venv/lib/python3.9/site-packages/aiogram/dispatcher/router.py", line 128, in propagate_event
    return await observer.wrap_outer_middleware(_wrapped, event=event, data=kwargs)
  File "/Users/kamamber/Desktop/giftWinnerBot/venv/lib/python3.9/site-packages/aiogram/dispatcher/router.py", line 123, in _wrapped
    return await self._propagate_event(
  File "/Users/kamamber/Desktop/giftWinnerBot/venv/lib/python3.9/site-packages/aiogram/dispatcher/router.py", line 156, in _propagate_event
    response = await router.propagate_event(update_type=update_type, event=event, **kwargs)
  File "/Users/kamamber/Desktop/giftWinnerBot/venv/lib/python3.9/site-packages/aiogram/dispatcher/router.py", line 128, in propagate_event
    return await observer.wrap_outer_middleware(_wrapped, event=event, data=kwargs)
  File "/Users/kamamber/Desktop/giftWinnerBot/venv/lib/python3.9/site-packages/aiogram/dispatcher/router.py", line 123, in _wrapped
    return await self._propagate_event(
  File "/Users/kamamber/Desktop/giftWinnerBot/venv/lib/python3.9/site-packages/aiogram/dispatcher/router.py", line 148, in _propagate_event
    response = await observer.trigger(event, **kwargs)
  File "/Users/kamamber/Desktop/giftWinnerBot/venv/lib/python3.9/site-packages/aiogram/dispatcher/event/telegram.py", line 121, in trigger
    return await wrapped_inner(event, kwargs)
  File "/Users/kamamber/Desktop/giftWinnerBot/venv/lib/python3.9/site-packages/aiogram/dispatcher/event/handler.py", line 43, in call
    return await wrapped()
  File "/Users/kamamber/Desktop/giftWinnerBot/src/handlers/post/post_routes.py", line 35, in post_find
    await add_all_new_posts_to_database()
  File "/Users/kamamber/Desktop/giftWinnerBot/src/services/services.py", line 20, in add_all_new_posts_to_database
    validated_posts = get_validated_posts(posts)
  File "/Users/kamamber/Desktop/giftWinnerBot/src/services/utils.py", line 33, in get_validated_posts
    if post_is_validated(post):
  File "/Users/kamamber/Desktop/giftWinnerBot/src/services/utils.py", line 63, in post_is_validated
    if 'copy_history' not in post.keys():
AttributeError: 'str' object has no attribute 'keys'
2024-05-04 23:50:31,943 - WARNING - dispatcher.py - 455 - Received SIGINT signal
2024-05-04 23:50:31,945 - INFO - dispatcher.py - 359 - Polling stopped for bot @testoooooooooooo_bot id=7090078691 - 'Тестовый бот'
2024-05-04 23:50:31,945 - INFO - dispatcher.py - 554 - Polling stopped
2024-05-04 23:50:35,479 - INFO - dispatcher.py - 527 - Start polling
2024-05-04 23:50:35,529 - INFO - dispatcher.py - 341 - Run polling for bot @testoooooooooooo_bot id=7090078691 - 'Тестовый бот'
2024-05-04 23:50:38,197 - INFO - dispatcher.py - 172 - Update id=588933942 is handled. Duration 239 ms by bot id=7090078691
2024-05-04 23:50:39,582 - INFO - dispatcher.py - 172 - Update id=588933943 is handled. Duration 96 ms by bot id=7090078691
2024-05-04 23:50:40,445 - INFO - dispatcher.py - 172 - Update id=588933944 is not handled. Duration 273 ms by bot id=7090078691
2024-05-04 23:50:40,445 - ERROR - dispatcher.py - 315 - Cause exception while process update id=588933944 by bot id=7090078691
AttributeError: 'str' object has no attribute 'keys'
Traceback (most recent call last):
  File "/Users/kamamber/Desktop/giftWinnerBot/venv/lib/python3.9/site-packages/aiogram/dispatcher/dispatcher.py", line 309, in _process_update
    response = await self.feed_update(bot, update, **kwargs)
  File "/Users/kamamber/Desktop/giftWinnerBot/venv/lib/python3.9/site-packages/aiogram/dispatcher/dispatcher.py", line 158, in feed_update
    response = await self.update.wrap_outer_middleware(
  File "/Users/kamamber/Desktop/giftWinnerBot/venv/lib/python3.9/site-packages/aiogram/dispatcher/middlewares/error.py", line 25, in __call__
    return await handler(event, data)
  File "/Users/kamamber/Desktop/giftWinnerBot/venv/lib/python3.9/site-packages/aiogram/dispatcher/middlewares/user_context.py", line 27, in __call__
    return await handler(event, data)
  File "/Users/kamamber/Desktop/giftWinnerBot/venv/lib/python3.9/site-packages/aiogram/fsm/middleware.py", line 41, in __call__
    return await handler(event, data)
  File "/Users/kamamber/Desktop/giftWinnerBot/venv/lib/python3.9/site-packages/aiogram/dispatcher/event/telegram.py", line 121, in trigger
    return await wrapped_inner(event, kwargs)
  File "/Users/kamamber/Desktop/giftWinnerBot/venv/lib/python3.9/site-packages/aiogram/dispatcher/event/handler.py", line 43, in call
    return await wrapped()
  File "/Users/kamamber/Desktop/giftWinnerBot/venv/lib/python3.9/site-packages/aiogram/dispatcher/dispatcher.py", line 276, in _listen_update
    return await self.propagate_event(update_type=update_type, event=event, **kwargs)
  File "/Users/kamamber/Desktop/giftWinnerBot/venv/lib/python3.9/site-packages/aiogram/dispatcher/router.py", line 128, in propagate_event
    return await observer.wrap_outer_middleware(_wrapped, event=event, data=kwargs)
  File "/Users/kamamber/Desktop/giftWinnerBot/venv/lib/python3.9/site-packages/aiogram/dispatcher/router.py", line 123, in _wrapped
    return await self._propagate_event(
  File "/Users/kamamber/Desktop/giftWinnerBot/venv/lib/python3.9/site-packages/aiogram/dispatcher/router.py", line 156, in _propagate_event
    response = await router.propagate_event(update_type=update_type, event=event, **kwargs)
  File "/Users/kamamber/Desktop/giftWinnerBot/venv/lib/python3.9/site-packages/aiogram/dispatcher/router.py", line 128, in propagate_event
    return await observer.wrap_outer_middleware(_wrapped, event=event, data=kwargs)
  File "/Users/kamamber/Desktop/giftWinnerBot/venv/lib/python3.9/site-packages/aiogram/dispatcher/router.py", line 123, in _wrapped
    return await self._propagate_event(
  File "/Users/kamamber/Desktop/giftWinnerBot/venv/lib/python3.9/site-packages/aiogram/dispatcher/router.py", line 148, in _propagate_event
    response = await observer.trigger(event, **kwargs)
  File "/Users/kamamber/Desktop/giftWinnerBot/venv/lib/python3.9/site-packages/aiogram/dispatcher/event/telegram.py", line 121, in trigger
    return await wrapped_inner(event, kwargs)
  File "/Users/kamamber/Desktop/giftWinnerBot/venv/lib/python3.9/site-packages/aiogram/dispatcher/event/handler.py", line 43, in call
    return await wrapped()
  File "/Users/kamamber/Desktop/giftWinnerBot/src/handlers/post/post_routes.py", line 35, in post_find
    await add_all_new_posts_to_database()
  File "/Users/kamamber/Desktop/giftWinnerBot/src/services/services.py", line 20, in add_all_new_posts_to_database
    validated_posts = get_validated_posts(posts)
  File "/Users/kamamber/Desktop/giftWinnerBot/src/services/utils.py", line 34, in get_validated_posts
    if post_is_validated(post):
  File "/Users/kamamber/Desktop/giftWinnerBot/src/services/utils.py", line 64, in post_is_validated
    if 'copy_history' not in post.keys():
AttributeError: 'str' object has no attribute 'keys'
2024-05-04 23:52:32,205 - WARNING - dispatcher.py - 455 - Received SIGINT signal
2024-05-04 23:52:32,208 - INFO - dispatcher.py - 359 - Polling stopped for bot @testoooooooooooo_bot id=7090078691 - 'Тестовый бот'
2024-05-04 23:52:32,209 - INFO - dispatcher.py - 554 - Polling stopped
2024-05-04 23:52:45,711 - INFO - dispatcher.py - 527 - Start polling
2024-05-04 23:52:45,761 - INFO - dispatcher.py - 341 - Run polling for bot @testoooooooooooo_bot id=7090078691 - 'Тестовый бот'
2024-05-04 23:52:52,501 - INFO - dispatcher.py - 172 - Update id=588933945 is handled. Duration 284 ms by bot id=7090078691
2024-05-04 23:52:53,570 - INFO - dispatcher.py - 172 - Update id=588933946 is handled. Duration 184 ms by bot id=7090078691
2024-05-04 23:52:54,481 - INFO - dispatcher.py - 172 - Update id=588933947 is not handled. Duration 366 ms by bot id=7090078691
2024-05-04 23:52:54,481 - ERROR - dispatcher.py - 315 - Cause exception while process update id=588933947 by bot id=7090078691
AttributeError: 'str' object has no attribute 'keys'
Traceback (most recent call last):
  File "/Users/kamamber/Desktop/giftWinnerBot/venv/lib/python3.9/site-packages/aiogram/dispatcher/dispatcher.py", line 309, in _process_update
    response = await self.feed_update(bot, update, **kwargs)
  File "/Users/kamamber/Desktop/giftWinnerBot/venv/lib/python3.9/site-packages/aiogram/dispatcher/dispatcher.py", line 158, in feed_update
    response = await self.update.wrap_outer_middleware(
  File "/Users/kamamber/Desktop/giftWinnerBot/venv/lib/python3.9/site-packages/aiogram/dispatcher/middlewares/error.py", line 25, in __call__
    return await handler(event, data)
  File "/Users/kamamber/Desktop/giftWinnerBot/venv/lib/python3.9/site-packages/aiogram/dispatcher/middlewares/user_context.py", line 27, in __call__
    return await handler(event, data)
  File "/Users/kamamber/Desktop/giftWinnerBot/venv/lib/python3.9/site-packages/aiogram/fsm/middleware.py", line 41, in __call__
    return await handler(event, data)
  File "/Users/kamamber/Desktop/giftWinnerBot/venv/lib/python3.9/site-packages/aiogram/dispatcher/event/telegram.py", line 121, in trigger
    return await wrapped_inner(event, kwargs)
  File "/Users/kamamber/Desktop/giftWinnerBot/venv/lib/python3.9/site-packages/aiogram/dispatcher/event/handler.py", line 43, in call
    return await wrapped()
  File "/Users/kamamber/Desktop/giftWinnerBot/venv/lib/python3.9/site-packages/aiogram/dispatcher/dispatcher.py", line 276, in _listen_update
    return await self.propagate_event(update_type=update_type, event=event, **kwargs)
  File "/Users/kamamber/Desktop/giftWinnerBot/venv/lib/python3.9/site-packages/aiogram/dispatcher/router.py", line 128, in propagate_event
    return await observer.wrap_outer_middleware(_wrapped, event=event, data=kwargs)
  File "/Users/kamamber/Desktop/giftWinnerBot/venv/lib/python3.9/site-packages/aiogram/dispatcher/router.py", line 123, in _wrapped
    return await self._propagate_event(
  File "/Users/kamamber/Desktop/giftWinnerBot/venv/lib/python3.9/site-packages/aiogram/dispatcher/router.py", line 156, in _propagate_event
    response = await router.propagate_event(update_type=update_type, event=event, **kwargs)
  File "/Users/kamamber/Desktop/giftWinnerBot/venv/lib/python3.9/site-packages/aiogram/dispatcher/router.py", line 128, in propagate_event
    return await observer.wrap_outer_middleware(_wrapped, event=event, data=kwargs)
  File "/Users/kamamber/Desktop/giftWinnerBot/venv/lib/python3.9/site-packages/aiogram/dispatcher/router.py", line 123, in _wrapped
    return await self._propagate_event(
  File "/Users/kamamber/Desktop/giftWinnerBot/venv/lib/python3.9/site-packages/aiogram/dispatcher/router.py", line 148, in _propagate_event
    response = await observer.trigger(event, **kwargs)
  File "/Users/kamamber/Desktop/giftWinnerBot/venv/lib/python3.9/site-packages/aiogram/dispatcher/event/telegram.py", line 121, in trigger
    return await wrapped_inner(event, kwargs)
  File "/Users/kamamber/Desktop/giftWinnerBot/venv/lib/python3.9/site-packages/aiogram/dispatcher/event/handler.py", line 43, in call
    return await wrapped()
  File "/Users/kamamber/Desktop/giftWinnerBot/src/handlers/post/post_routes.py", line 35, in post_find
    await add_all_new_posts_to_database()
  File "/Users/kamamber/Desktop/giftWinnerBot/src/services/services.py", line 20, in add_all_new_posts_to_database
    validated_posts = get_validated_posts(posts)
  File "/Users/kamamber/Desktop/giftWinnerBot/src/services/utils.py", line 34, in get_validated_posts
    if post_is_validated(post):
  File "/Users/kamamber/Desktop/giftWinnerBot/src/services/utils.py", line 64, in post_is_validated
    if 'copy_history' not in post.keys():
AttributeError: 'str' object has no attribute 'keys'
2024-05-04 23:53:38,400 - WARNING - dispatcher.py - 455 - Received SIGINT signal
2024-05-04 23:53:38,402 - INFO - dispatcher.py - 359 - Polling stopped for bot @testoooooooooooo_bot id=7090078691 - 'Тестовый бот'
2024-05-04 23:53:38,403 - INFO - dispatcher.py - 554 - Polling stopped
2024-05-04 23:53:41,270 - INFO - dispatcher.py - 527 - Start polling
2024-05-04 23:53:41,329 - INFO - dispatcher.py - 341 - Run polling for bot @testoooooooooooo_bot id=7090078691 - 'Тестовый бот'
2024-05-04 23:53:45,346 - INFO - dispatcher.py - 172 - Update id=588933948 is handled. Duration 230 ms by bot id=7090078691
2024-05-04 23:53:46,304 - INFO - dispatcher.py - 172 - Update id=588933949 is handled. Duration 89 ms by bot id=7090078691
2024-05-04 23:53:47,123 - INFO - dispatcher.py - 172 - Update id=588933950 is not handled. Duration 248 ms by bot id=7090078691
2024-05-04 23:53:47,123 - ERROR - dispatcher.py - 315 - Cause exception while process update id=588933950 by bot id=7090078691
AttributeError: 'str' object has no attribute 'keys'
Traceback (most recent call last):
  File "/Users/kamamber/Desktop/giftWinnerBot/venv/lib/python3.9/site-packages/aiogram/dispatcher/dispatcher.py", line 309, in _process_update
    response = await self.feed_update(bot, update, **kwargs)
  File "/Users/kamamber/Desktop/giftWinnerBot/venv/lib/python3.9/site-packages/aiogram/dispatcher/dispatcher.py", line 158, in feed_update
    response = await self.update.wrap_outer_middleware(
  File "/Users/kamamber/Desktop/giftWinnerBot/venv/lib/python3.9/site-packages/aiogram/dispatcher/middlewares/error.py", line 25, in __call__
    return await handler(event, data)
  File "/Users/kamamber/Desktop/giftWinnerBot/venv/lib/python3.9/site-packages/aiogram/dispatcher/middlewares/user_context.py", line 27, in __call__
    return await handler(event, data)
  File "/Users/kamamber/Desktop/giftWinnerBot/venv/lib/python3.9/site-packages/aiogram/fsm/middleware.py", line 41, in __call__
    return await handler(event, data)
  File "/Users/kamamber/Desktop/giftWinnerBot/venv/lib/python3.9/site-packages/aiogram/dispatcher/event/telegram.py", line 121, in trigger
    return await wrapped_inner(event, kwargs)
  File "/Users/kamamber/Desktop/giftWinnerBot/venv/lib/python3.9/site-packages/aiogram/dispatcher/event/handler.py", line 43, in call
    return await wrapped()
  File "/Users/kamamber/Desktop/giftWinnerBot/venv/lib/python3.9/site-packages/aiogram/dispatcher/dispatcher.py", line 276, in _listen_update
    return await self.propagate_event(update_type=update_type, event=event, **kwargs)
  File "/Users/kamamber/Desktop/giftWinnerBot/venv/lib/python3.9/site-packages/aiogram/dispatcher/router.py", line 128, in propagate_event
    return await observer.wrap_outer_middleware(_wrapped, event=event, data=kwargs)
  File "/Users/kamamber/Desktop/giftWinnerBot/venv/lib/python3.9/site-packages/aiogram/dispatcher/router.py", line 123, in _wrapped
    return await self._propagate_event(
  File "/Users/kamamber/Desktop/giftWinnerBot/venv/lib/python3.9/site-packages/aiogram/dispatcher/router.py", line 156, in _propagate_event
    response = await router.propagate_event(update_type=update_type, event=event, **kwargs)
  File "/Users/kamamber/Desktop/giftWinnerBot/venv/lib/python3.9/site-packages/aiogram/dispatcher/router.py", line 128, in propagate_event
    return await observer.wrap_outer_middleware(_wrapped, event=event, data=kwargs)
  File "/Users/kamamber/Desktop/giftWinnerBot/venv/lib/python3.9/site-packages/aiogram/dispatcher/router.py", line 123, in _wrapped
    return await self._propagate_event(
  File "/Users/kamamber/Desktop/giftWinnerBot/venv/lib/python3.9/site-packages/aiogram/dispatcher/router.py", line 148, in _propagate_event
    response = await observer.trigger(event, **kwargs)
  File "/Users/kamamber/Desktop/giftWinnerBot/venv/lib/python3.9/site-packages/aiogram/dispatcher/event/telegram.py", line 121, in trigger
    return await wrapped_inner(event, kwargs)
  File "/Users/kamamber/Desktop/giftWinnerBot/venv/lib/python3.9/site-packages/aiogram/dispatcher/event/handler.py", line 43, in call
    return await wrapped()
  File "/Users/kamamber/Desktop/giftWinnerBot/src/handlers/post/post_routes.py", line 35, in post_find
    await add_all_new_posts_to_database()
  File "/Users/kamamber/Desktop/giftWinnerBot/src/services/services.py", line 20, in add_all_new_posts_to_database
    validated_posts = get_validated_posts(posts)
  File "/Users/kamamber/Desktop/giftWinnerBot/src/services/utils.py", line 34, in get_validated_posts
    if post_is_validated(post):
  File "/Users/kamamber/Desktop/giftWinnerBot/src/services/utils.py", line 64, in post_is_validated
    if 'copy_history' not in post.keys():
AttributeError: 'str' object has no attribute 'keys'
2024-05-04 23:54:29,541 - WARNING - dispatcher.py - 455 - Received SIGINT signal
2024-05-04 23:54:29,541 - INFO - dispatcher.py - 359 - Polling stopped for bot @testoooooooooooo_bot id=7090078691 - 'Тестовый бот'
2024-05-04 23:54:29,542 - INFO - dispatcher.py - 554 - Polling stopped
2024-05-04 23:54:31,994 - INFO - dispatcher.py - 527 - Start polling
2024-05-04 23:54:32,038 - INFO - dispatcher.py - 341 - Run polling for bot @testoooooooooooo_bot id=7090078691 - 'Тестовый бот'
2024-05-04 23:54:33,705 - INFO - dispatcher.py - 172 - Update id=588933951 is handled. Duration 230 ms by bot id=7090078691
2024-05-04 23:54:34,608 - INFO - dispatcher.py - 172 - Update id=588933952 is handled. Duration 145 ms by bot id=7090078691
2024-05-04 23:54:35,505 - INFO - dispatcher.py - 172 - Update id=588933953 is not handled. Duration 367 ms by bot id=7090078691
2024-05-04 23:54:35,506 - ERROR - dispatcher.py - 315 - Cause exception while process update id=588933953 by bot id=7090078691
AttributeError: 'list' object has no attribute 'keys'
Traceback (most recent call last):
  File "/Users/kamamber/Desktop/giftWinnerBot/venv/lib/python3.9/site-packages/aiogram/dispatcher/dispatcher.py", line 309, in _process_update
    response = await self.feed_update(bot, update, **kwargs)
  File "/Users/kamamber/Desktop/giftWinnerBot/venv/lib/python3.9/site-packages/aiogram/dispatcher/dispatcher.py", line 158, in feed_update
    response = await self.update.wrap_outer_middleware(
  File "/Users/kamamber/Desktop/giftWinnerBot/venv/lib/python3.9/site-packages/aiogram/dispatcher/middlewares/error.py", line 25, in __call__
    return await handler(event, data)
  File "/Users/kamamber/Desktop/giftWinnerBot/venv/lib/python3.9/site-packages/aiogram/dispatcher/middlewares/user_context.py", line 27, in __call__
    return await handler(event, data)
  File "/Users/kamamber/Desktop/giftWinnerBot/venv/lib/python3.9/site-packages/aiogram/fsm/middleware.py", line 41, in __call__
    return await handler(event, data)
  File "/Users/kamamber/Desktop/giftWinnerBot/venv/lib/python3.9/site-packages/aiogram/dispatcher/event/telegram.py", line 121, in trigger
    return await wrapped_inner(event, kwargs)
  File "/Users/kamamber/Desktop/giftWinnerBot/venv/lib/python3.9/site-packages/aiogram/dispatcher/event/handler.py", line 43, in call
    return await wrapped()
  File "/Users/kamamber/Desktop/giftWinnerBot/venv/lib/python3.9/site-packages/aiogram/dispatcher/dispatcher.py", line 276, in _listen_update
    return await self.propagate_event(update_type=update_type, event=event, **kwargs)
  File "/Users/kamamber/Desktop/giftWinnerBot/venv/lib/python3.9/site-packages/aiogram/dispatcher/router.py", line 128, in propagate_event
    return await observer.wrap_outer_middleware(_wrapped, event=event, data=kwargs)
  File "/Users/kamamber/Desktop/giftWinnerBot/venv/lib/python3.9/site-packages/aiogram/dispatcher/router.py", line 123, in _wrapped
    return await self._propagate_event(
  File "/Users/kamamber/Desktop/giftWinnerBot/venv/lib/python3.9/site-packages/aiogram/dispatcher/router.py", line 156, in _propagate_event
    response = await router.propagate_event(update_type=update_type, event=event, **kwargs)
  File "/Users/kamamber/Desktop/giftWinnerBot/venv/lib/python3.9/site-packages/aiogram/dispatcher/router.py", line 128, in propagate_event
    return await observer.wrap_outer_middleware(_wrapped, event=event, data=kwargs)
  File "/Users/kamamber/Desktop/giftWinnerBot/venv/lib/python3.9/site-packages/aiogram/dispatcher/router.py", line 123, in _wrapped
    return await self._propagate_event(
  File "/Users/kamamber/Desktop/giftWinnerBot/venv/lib/python3.9/site-packages/aiogram/dispatcher/router.py", line 148, in _propagate_event
    response = await observer.trigger(event, **kwargs)
  File "/Users/kamamber/Desktop/giftWinnerBot/venv/lib/python3.9/site-packages/aiogram/dispatcher/event/telegram.py", line 121, in trigger
    return await wrapped_inner(event, kwargs)
  File "/Users/kamamber/Desktop/giftWinnerBot/venv/lib/python3.9/site-packages/aiogram/dispatcher/event/handler.py", line 43, in call
    return await wrapped()
  File "/Users/kamamber/Desktop/giftWinnerBot/src/handlers/post/post_routes.py", line 35, in post_find
    await add_all_new_posts_to_database()
  File "/Users/kamamber/Desktop/giftWinnerBot/src/services/services.py", line 20, in add_all_new_posts_to_database
    validated_posts = get_validated_posts(posts)
  File "/Users/kamamber/Desktop/giftWinnerBot/src/services/utils.py", line 33, in get_validated_posts
    if post_is_validated(post):
  File "/Users/kamamber/Desktop/giftWinnerBot/src/services/utils.py", line 63, in post_is_validated
    if 'copy_history' not in post.keys():
AttributeError: 'list' object has no attribute 'keys'
2024-05-04 23:55:46,773 - WARNING - dispatcher.py - 455 - Received SIGINT signal
2024-05-04 23:55:46,774 - INFO - dispatcher.py - 359 - Polling stopped for bot @testoooooooooooo_bot id=7090078691 - 'Тестовый бот'
2024-05-04 23:55:46,774 - INFO - dispatcher.py - 554 - Polling stopped
2024-05-04 23:55:50,205 - INFO - dispatcher.py - 527 - Start polling
2024-05-04 23:55:50,259 - INFO - dispatcher.py - 341 - Run polling for bot @testoooooooooooo_bot id=7090078691 - 'Тестовый бот'
2024-05-04 23:55:54,599 - INFO - dispatcher.py - 172 - Update id=588933955 is handled. Duration 838 ms by bot id=7090078691
2024-05-04 23:55:55,506 - INFO - dispatcher.py - 172 - Update id=588933956 is handled. Duration 91 ms by bot id=7090078691
2024-05-04 23:55:56,351 - INFO - dispatcher.py - 172 - Update id=588933957 is not handled. Duration 270 ms by bot id=7090078691
2024-05-04 23:55:56,351 - ERROR - dispatcher.py - 315 - Cause exception while process update id=588933957 by bot id=7090078691
AttributeError: 'list' object has no attribute 'keys'
Traceback (most recent call last):
  File "/Users/kamamber/Desktop/giftWinnerBot/venv/lib/python3.9/site-packages/aiogram/dispatcher/dispatcher.py", line 309, in _process_update
    response = await self.feed_update(bot, update, **kwargs)
  File "/Users/kamamber/Desktop/giftWinnerBot/venv/lib/python3.9/site-packages/aiogram/dispatcher/dispatcher.py", line 158, in feed_update
    response = await self.update.wrap_outer_middleware(
  File "/Users/kamamber/Desktop/giftWinnerBot/venv/lib/python3.9/site-packages/aiogram/dispatcher/middlewares/error.py", line 25, in __call__
    return await handler(event, data)
  File "/Users/kamamber/Desktop/giftWinnerBot/venv/lib/python3.9/site-packages/aiogram/dispatcher/middlewares/user_context.py", line 27, in __call__
    return await handler(event, data)
  File "/Users/kamamber/Desktop/giftWinnerBot/venv/lib/python3.9/site-packages/aiogram/fsm/middleware.py", line 41, in __call__
    return await handler(event, data)
  File "/Users/kamamber/Desktop/giftWinnerBot/venv/lib/python3.9/site-packages/aiogram/dispatcher/event/telegram.py", line 121, in trigger
    return await wrapped_inner(event, kwargs)
  File "/Users/kamamber/Desktop/giftWinnerBot/venv/lib/python3.9/site-packages/aiogram/dispatcher/event/handler.py", line 43, in call
    return await wrapped()
  File "/Users/kamamber/Desktop/giftWinnerBot/venv/lib/python3.9/site-packages/aiogram/dispatcher/dispatcher.py", line 276, in _listen_update
    return await self.propagate_event(update_type=update_type, event=event, **kwargs)
  File "/Users/kamamber/Desktop/giftWinnerBot/venv/lib/python3.9/site-packages/aiogram/dispatcher/router.py", line 128, in propagate_event
    return await observer.wrap_outer_middleware(_wrapped, event=event, data=kwargs)
  File "/Users/kamamber/Desktop/giftWinnerBot/venv/lib/python3.9/site-packages/aiogram/dispatcher/router.py", line 123, in _wrapped
    return await self._propagate_event(
  File "/Users/kamamber/Desktop/giftWinnerBot/venv/lib/python3.9/site-packages/aiogram/dispatcher/router.py", line 156, in _propagate_event
    response = await router.propagate_event(update_type=update_type, event=event, **kwargs)
  File "/Users/kamamber/Desktop/giftWinnerBot/venv/lib/python3.9/site-packages/aiogram/dispatcher/router.py", line 128, in propagate_event
    return await observer.wrap_outer_middleware(_wrapped, event=event, data=kwargs)
  File "/Users/kamamber/Desktop/giftWinnerBot/venv/lib/python3.9/site-packages/aiogram/dispatcher/router.py", line 123, in _wrapped
    return await self._propagate_event(
  File "/Users/kamamber/Desktop/giftWinnerBot/venv/lib/python3.9/site-packages/aiogram/dispatcher/router.py", line 148, in _propagate_event
    response = await observer.trigger(event, **kwargs)
  File "/Users/kamamber/Desktop/giftWinnerBot/venv/lib/python3.9/site-packages/aiogram/dispatcher/event/telegram.py", line 121, in trigger
    return await wrapped_inner(event, kwargs)
  File "/Users/kamamber/Desktop/giftWinnerBot/venv/lib/python3.9/site-packages/aiogram/dispatcher/event/handler.py", line 43, in call
    return await wrapped()
  File "/Users/kamamber/Desktop/giftWinnerBot/src/handlers/post/post_routes.py", line 35, in post_find
    await add_all_new_posts_to_database()
  File "/Users/kamamber/Desktop/giftWinnerBot/src/services/services.py", line 20, in add_all_new_posts_to_database
    validated_posts = get_validated_posts(posts)
  File "/Users/kamamber/Desktop/giftWinnerBot/src/services/utils.py", line 35, in get_validated_posts
    if post_is_validated(post):
  File "/Users/kamamber/Desktop/giftWinnerBot/src/services/utils.py", line 65, in post_is_validated
    if 'copy_history' not in post.keys():
AttributeError: 'list' object has no attribute 'keys'
2024-05-04 23:56:43,613 - WARNING - dispatcher.py - 455 - Received SIGINT signal
2024-05-04 23:56:43,614 - INFO - dispatcher.py - 359 - Polling stopped for bot @testoooooooooooo_bot id=7090078691 - 'Тестовый бот'
2024-05-04 23:56:43,614 - INFO - dispatcher.py - 554 - Polling stopped
2024-05-04 23:56:46,050 - INFO - dispatcher.py - 527 - Start polling
2024-05-04 23:56:46,098 - INFO - dispatcher.py - 341 - Run polling for bot @testoooooooooooo_bot id=7090078691 - 'Тестовый бот'
2024-05-04 23:56:47,012 - INFO - dispatcher.py - 172 - Update id=588933958 is handled. Duration 244 ms by bot id=7090078691
2024-05-04 23:56:47,857 - INFO - dispatcher.py - 172 - Update id=588933959 is handled. Duration 93 ms by bot id=7090078691
2024-05-04 23:56:48,831 - INFO - dispatcher.py - 172 - Update id=588933960 is handled. Duration 397 ms by bot id=7090078691
2024-05-04 23:57:38,890 - WARNING - dispatcher.py - 455 - Received SIGINT signal
2024-05-04 23:57:38,891 - INFO - dispatcher.py - 359 - Polling stopped for bot @testoooooooooooo_bot id=7090078691 - 'Тестовый бот'
2024-05-04 23:57:38,892 - INFO - dispatcher.py - 554 - Polling stopped
2024-05-04 23:57:41,389 - INFO - dispatcher.py - 527 - Start polling
2024-05-04 23:57:41,442 - INFO - dispatcher.py - 341 - Run polling for bot @testoooooooooooo_bot id=7090078691 - 'Тестовый бот'
2024-05-04 23:57:43,776 - INFO - dispatcher.py - 172 - Update id=588933961 is handled. Duration 275 ms by bot id=7090078691
2024-05-04 23:57:45,291 - INFO - dispatcher.py - 172 - Update id=588933962 is handled. Duration 518 ms by bot id=7090078691
2024-05-04 23:57:46,867 - INFO - dispatcher.py - 172 - Update id=588933963 is handled. Duration 803 ms by bot id=7090078691
2024-05-04 23:57:53,109 - WARNING - dispatcher.py - 455 - Received SIGINT signal
2024-05-04 23:57:53,110 - INFO - dispatcher.py - 359 - Polling stopped for bot @testoooooooooooo_bot id=7090078691 - 'Тестовый бот'
2024-05-04 23:57:53,111 - INFO - dispatcher.py - 554 - Polling stopped
2024-05-04 23:57:55,968 - INFO - dispatcher.py - 527 - Start polling
2024-05-04 23:57:56,018 - INFO - dispatcher.py - 341 - Run polling for bot @testoooooooooooo_bot id=7090078691 - 'Тестовый бот'
2024-05-04 23:58:00,922 - INFO - dispatcher.py - 172 - Update id=588933964 is handled. Duration 1327 ms by bot id=7090078691
2024-05-04 23:58:06,147 - WARNING - dispatcher.py - 455 - Received SIGINT signal
2024-05-04 23:58:06,148 - INFO - dispatcher.py - 359 - Polling stopped for bot @testoooooooooooo_bot id=7090078691 - 'Тестовый бот'
2024-05-04 23:58:06,148 - INFO - dispatcher.py - 554 - Polling stopped
2024-05-04 23:58:10,798 - INFO - dispatcher.py - 527 - Start polling
2024-05-04 23:58:10,887 - INFO - dispatcher.py - 341 - Run polling for bot @testoooooooooooo_bot id=7090078691 - 'Тестовый бот'
2024-05-04 23:58:12,738 - INFO - dispatcher.py - 172 - Update id=588933965 is handled. Duration 504 ms by bot id=7090078691
2024-05-04 23:58:13,442 - INFO - dispatcher.py - 172 - Update id=588933966 is handled. Duration 151 ms by bot id=7090078691
2024-05-04 23:58:14,464 - INFO - dispatcher.py - 172 - Update id=588933967 is handled. Duration 353 ms by bot id=7090078691
2024-05-04 23:58:55,479 - WARNING - dispatcher.py - 455 - Received SIGINT signal
2024-05-04 23:58:55,481 - INFO - dispatcher.py - 359 - Polling stopped for bot @testoooooooooooo_bot id=7090078691 - 'Тестовый бот'
2024-05-04 23:58:55,482 - INFO - dispatcher.py - 554 - Polling stopped
2024-05-04 23:59:09,213 - INFO - dispatcher.py - 527 - Start polling
2024-05-04 23:59:09,261 - INFO - dispatcher.py - 341 - Run polling for bot @testoooooooooooo_bot id=7090078691 - 'Тестовый бот'
2024-05-04 23:59:13,391 - INFO - dispatcher.py - 172 - Update id=588933968 is handled. Duration 1168 ms by bot id=7090078691
2024-05-04 23:59:38,376 - WARNING - dispatcher.py - 455 - Received SIGINT signal
2024-05-04 23:59:38,377 - INFO - dispatcher.py - 359 - Polling stopped for bot @testoooooooooooo_bot id=7090078691 - 'Тестовый бот'
2024-05-04 23:59:38,377 - INFO - dispatcher.py - 554 - Polling stopped
2024-05-04 23:59:40,767 - INFO - dispatcher.py - 527 - Start polling
2024-05-04 23:59:40,820 - INFO - dispatcher.py - 341 - Run polling for bot @testoooooooooooo_bot id=7090078691 - 'Тестовый бот'
2024-05-04 23:59:42,419 - INFO - dispatcher.py - 172 - Update id=588933969 is handled. Duration 247 ms by bot id=7090078691
2024-05-04 23:59:43,140 - INFO - dispatcher.py - 172 - Update id=588933970 is handled. Duration 87 ms by bot id=7090078691
2024-05-04 23:59:44,657 - INFO - dispatcher.py - 172 - Update id=588933971 is handled. Duration 953 ms by bot id=7090078691
2024-05-05 00:00:04,678 - WARNING - dispatcher.py - 455 - Received SIGINT signal
2024-05-05 00:00:04,679 - INFO - dispatcher.py - 359 - Polling stopped for bot @testoooooooooooo_bot id=7090078691 - 'Тестовый бот'
2024-05-05 00:00:04,680 - INFO - dispatcher.py - 554 - Polling stopped
2024-05-05 00:00:07,104 - INFO - dispatcher.py - 527 - Start polling
2024-05-05 00:00:07,156 - INFO - dispatcher.py - 341 - Run polling for bot @testoooooooooooo_bot id=7090078691 - 'Тестовый бот'
2024-05-05 00:00:10,200 - INFO - dispatcher.py - 172 - Update id=588933972 is handled. Duration 411 ms by bot id=7090078691
2024-05-05 00:00:10,686 - INFO - dispatcher.py - 172 - Update id=588933973 is handled. Duration 355 ms by bot id=7090078691
2024-05-05 00:00:13,418 - INFO - dispatcher.py - 172 - Update id=588933974 is handled. Duration 584 ms by bot id=7090078691
2024-05-05 00:00:46,467 - WARNING - dispatcher.py - 455 - Received SIGINT signal
2024-05-05 00:00:46,469 - INFO - dispatcher.py - 359 - Polling stopped for bot @testoooooooooooo_bot id=7090078691 - 'Тестовый бот'
2024-05-05 00:00:46,469 - INFO - dispatcher.py - 554 - Polling stopped
2024-05-05 00:00:48,902 - INFO - dispatcher.py - 527 - Start polling
2024-05-05 00:00:48,947 - INFO - dispatcher.py - 341 - Run polling for bot @testoooooooooooo_bot id=7090078691 - 'Тестовый бот'
2024-05-05 00:00:50,544 - INFO - dispatcher.py - 172 - Update id=588933975 is handled. Duration 314 ms by bot id=7090078691
2024-05-05 00:00:58,221 - INFO - dispatcher.py - 172 - Update id=588933976 is handled. Duration 120 ms by bot id=7090078691
2024-05-05 00:00:59,459 - INFO - dispatcher.py - 172 - Update id=588933977 is handled. Duration 470 ms by bot id=7090078691
2024-05-05 00:01:58,159 - WARNING - dispatcher.py - 455 - Received SIGINT signal
2024-05-05 00:01:58,160 - INFO - dispatcher.py - 359 - Polling stopped for bot @testoooooooooooo_bot id=7090078691 - 'Тестовый бот'
2024-05-05 00:01:58,160 - INFO - dispatcher.py - 554 - Polling stopped
2024-05-05 00:02:00,642 - INFO - dispatcher.py - 527 - Start polling
2024-05-05 00:02:00,693 - INFO - dispatcher.py - 341 - Run polling for bot @testoooooooooooo_bot id=7090078691 - 'Тестовый бот'
2024-05-05 00:02:03,876 - INFO - dispatcher.py - 172 - Update id=588933978 is handled. Duration 242 ms by bot id=7090078691
2024-05-05 00:02:04,688 - INFO - dispatcher.py - 172 - Update id=588933979 is handled. Duration 117 ms by bot id=7090078691
2024-05-05 00:02:05,626 - INFO - dispatcher.py - 172 - Update id=588933980 is handled. Duration 362 ms by bot id=7090078691
2024-05-05 00:03:05,571 - WARNING - dispatcher.py - 455 - Received SIGINT signal
2024-05-05 00:03:05,572 - INFO - dispatcher.py - 359 - Polling stopped for bot @testoooooooooooo_bot id=7090078691 - 'Тестовый бот'
2024-05-05 00:03:05,573 - INFO - dispatcher.py - 554 - Polling stopped
2024-05-05 00:03:07,896 - INFO - dispatcher.py - 527 - Start polling
2024-05-05 00:03:07,946 - INFO - dispatcher.py - 341 - Run polling for bot @testoooooooooooo_bot id=7090078691 - 'Тестовый бот'
2024-05-05 00:03:09,282 - INFO - dispatcher.py - 172 - Update id=588933981 is handled. Duration 342 ms by bot id=7090078691
2024-05-05 00:03:09,981 - INFO - dispatcher.py - 172 - Update id=588933982 is handled. Duration 97 ms by bot id=7090078691
2024-05-05 00:03:10,934 - INFO - dispatcher.py - 172 - Update id=588933983 is handled. Duration 446 ms by bot id=7090078691
2024-05-05 00:04:10,970 - WARNING - dispatcher.py - 455 - Received SIGINT signal
2024-05-05 00:04:10,971 - INFO - dispatcher.py - 359 - Polling stopped for bot @testoooooooooooo_bot id=7090078691 - 'Тестовый бот'
2024-05-05 00:04:10,972 - INFO - dispatcher.py - 554 - Polling stopped
2024-05-05 00:04:13,483 - INFO - dispatcher.py - 527 - Start polling
2024-05-05 00:04:13,540 - INFO - dispatcher.py - 341 - Run polling for bot @testoooooooooooo_bot id=7090078691 - 'Тестовый бот'
2024-05-05 00:04:14,997 - INFO - dispatcher.py - 172 - Update id=588933984 is handled. Duration 279 ms by bot id=7090078691
2024-05-05 00:04:15,874 - INFO - dispatcher.py - 172 - Update id=588933985 is handled. Duration 128 ms by bot id=7090078691
2024-05-05 00:04:16,961 - INFO - dispatcher.py - 172 - Update id=588933986 is handled. Duration 79 ms by bot id=7090078691
2024-05-05 00:04:17,840 - INFO - dispatcher.py - 172 - Update id=588933987 is handled. Duration 164 ms by bot id=7090078691
2024-05-05 00:04:18,730 - INFO - dispatcher.py - 172 - Update id=588933988 is handled. Duration 373 ms by bot id=7090078691
2024-05-05 00:05:00,690 - WARNING - dispatcher.py - 455 - Received SIGINT signal
2024-05-05 00:05:00,690 - INFO - dispatcher.py - 359 - Polling stopped for bot @testoooooooooooo_bot id=7090078691 - 'Тестовый бот'
2024-05-05 00:05:00,691 - INFO - dispatcher.py - 554 - Polling stopped
2024-05-05 00:05:04,010 - INFO - dispatcher.py - 527 - Start polling
2024-05-05 00:05:04,091 - INFO - dispatcher.py - 341 - Run polling for bot @testoooooooooooo_bot id=7090078691 - 'Тестовый бот'
2024-05-05 00:05:04,632 - INFO - dispatcher.py - 172 - Update id=588933989 is handled. Duration 430 ms by bot id=7090078691
2024-05-05 00:05:05,525 - INFO - dispatcher.py - 172 - Update id=588933990 is handled. Duration 212 ms by bot id=7090078691
2024-05-05 00:05:06,823 - INFO - dispatcher.py - 172 - Update id=588933991 is handled. Duration 345 ms by bot id=7090078691
2024-05-05 00:05:51,324 - WARNING - dispatcher.py - 455 - Received SIGINT signal
2024-05-05 00:05:51,326 - INFO - dispatcher.py - 359 - Polling stopped for bot @testoooooooooooo_bot id=7090078691 - 'Тестовый бот'
2024-05-05 00:05:51,326 - INFO - dispatcher.py - 554 - Polling stopped
2024-05-05 00:05:53,777 - INFO - dispatcher.py - 527 - Start polling
2024-05-05 00:05:53,824 - INFO - dispatcher.py - 341 - Run polling for bot @testoooooooooooo_bot id=7090078691 - 'Тестовый бот'
2024-05-05 00:05:55,126 - INFO - dispatcher.py - 172 - Update id=588933992 is handled. Duration 289 ms by bot id=7090078691
2024-05-05 00:05:56,450 - INFO - dispatcher.py - 172 - Update id=588933993 is handled. Duration 588 ms by bot id=7090078691
2024-05-05 00:05:57,930 - INFO - dispatcher.py - 172 - Update id=588933994 is handled. Duration 867 ms by bot id=7090078691
2024-05-05 00:07:01,933 - WARNING - dispatcher.py - 455 - Received SIGINT signal
2024-05-05 00:07:01,934 - INFO - dispatcher.py - 359 - Polling stopped for bot @testoooooooooooo_bot id=7090078691 - 'Тестовый бот'
2024-05-05 00:07:01,935 - INFO - dispatcher.py - 554 - Polling stopped
2024-05-05 00:07:04,453 - INFO - dispatcher.py - 527 - Start polling
2024-05-05 00:07:04,508 - INFO - dispatcher.py - 341 - Run polling for bot @testoooooooooooo_bot id=7090078691 - 'Тестовый бот'
2024-05-05 00:07:05,909 - INFO - dispatcher.py - 172 - Update id=588933995 is handled. Duration 293 ms by bot id=7090078691
2024-05-05 00:07:06,578 - INFO - dispatcher.py - 172 - Update id=588933996 is handled. Duration 86 ms by bot id=7090078691
2024-05-05 00:07:07,449 - INFO - dispatcher.py - 172 - Update id=588933997 is handled. Duration 356 ms by bot id=7090078691
2024-05-05 00:07:53,935 - WARNING - dispatcher.py - 455 - Received SIGINT signal
2024-05-05 00:07:53,938 - INFO - dispatcher.py - 359 - Polling stopped for bot @testoooooooooooo_bot id=7090078691 - 'Тестовый бот'
2024-05-05 00:07:53,938 - INFO - dispatcher.py - 554 - Polling stopped
2024-05-05 00:09:56,454 - INFO - dispatcher.py - 527 - Start polling
2024-05-05 00:09:56,513 - INFO - dispatcher.py - 341 - Run polling for bot @testoooooooooooo_bot id=7090078691 - 'Тестовый бот'
2024-05-05 00:10:02,907 - INFO - dispatcher.py - 172 - Update id=588933998 is handled. Duration 505 ms by bot id=7090078691
2024-05-05 00:12:16,715 - INFO - dispatcher.py - 527 - Start polling
2024-05-05 00:12:16,767 - INFO - dispatcher.py - 341 - Run polling for bot @testoooooooooooo_bot id=7090078691 - 'Тестовый бот'
2024-05-05 00:12:19,414 - INFO - dispatcher.py - 172 - Update id=588934000 is handled. Duration 249 ms by bot id=7090078691
2024-05-05 00:12:20,235 - INFO - dispatcher.py - 172 - Update id=588934001 is handled. Duration 105 ms by bot id=7090078691
2024-05-05 00:12:21,221 - INFO - dispatcher.py - 172 - Update id=588934002 is handled. Duration 481 ms by bot id=7090078691
2024-05-05 00:13:02,333 - WARNING - dispatcher.py - 455 - Received SIGINT signal
2024-05-05 00:13:02,336 - INFO - dispatcher.py - 359 - Polling stopped for bot @testoooooooooooo_bot id=7090078691 - 'Тестовый бот'
2024-05-05 00:13:02,336 - INFO - dispatcher.py - 554 - Polling stopped
2024-05-05 00:13:04,796 - INFO - dispatcher.py - 527 - Start polling
2024-05-05 00:13:04,841 - INFO - dispatcher.py - 341 - Run polling for bot @testoooooooooooo_bot id=7090078691 - 'Тестовый бот'
2024-05-05 00:13:07,613 - INFO - dispatcher.py - 172 - Update id=588934003 is handled. Duration 676 ms by bot id=7090078691
2024-05-05 00:13:39,683 - WARNING - dispatcher.py - 455 - Received SIGINT signal
2024-05-05 00:13:39,686 - INFO - dispatcher.py - 359 - Polling stopped for bot @testoooooooooooo_bot id=7090078691 - 'Тестовый бот'
2024-05-05 00:13:39,686 - INFO - dispatcher.py - 554 - Polling stopped
2024-05-05 00:13:58,100 - INFO - dispatcher.py - 527 - Start polling
2024-05-05 00:13:58,192 - INFO - dispatcher.py - 341 - Run polling for bot @testoooooooooooo_bot id=7090078691 - 'Тестовый бот'
2024-05-05 00:14:02,116 - INFO - dispatcher.py - 172 - Update id=588934004 is handled. Duration 308 ms by bot id=7090078691
2024-05-05 00:14:04,271 - INFO - dispatcher.py - 172 - Update id=588934005 is handled. Duration 174 ms by bot id=7090078691
2024-05-05 00:16:56,920 - INFO - dispatcher.py - 527 - Start polling
2024-05-05 00:16:56,991 - INFO - dispatcher.py - 341 - Run polling for bot @testoooooooooooo_bot id=7090078691 - 'Тестовый бот'
2024-05-05 00:16:57,909 - INFO - dispatcher.py - 172 - Update id=588934007 is handled. Duration 328 ms by bot id=7090078691
2024-05-05 00:16:58,768 - INFO - dispatcher.py - 172 - Update id=588934008 is handled. Duration 161 ms by bot id=7090078691
2024-05-05 00:18:14,920 - INFO - dispatcher.py - 527 - Start polling
2024-05-05 00:18:14,997 - INFO - dispatcher.py - 341 - Run polling for bot @testoooooooooooo_bot id=7090078691 - 'Тестовый бот'
2024-05-05 00:18:16,464 - INFO - dispatcher.py - 172 - Update id=588934011 is handled. Duration 412 ms by bot id=7090078691
2024-05-05 00:18:17,356 - INFO - dispatcher.py - 172 - Update id=588934012 is handled. Duration 136 ms by bot id=7090078691
2024-05-05 00:19:02,025 - INFO - dispatcher.py - 527 - Start polling
2024-05-05 00:19:02,126 - INFO - dispatcher.py - 341 - Run polling for bot @testoooooooooooo_bot id=7090078691 - 'Тестовый бот'
2024-05-05 00:19:03,006 - INFO - dispatcher.py - 172 - Update id=588934015 is handled. Duration 317 ms by bot id=7090078691
2024-05-05 00:19:03,665 - INFO - dispatcher.py - 172 - Update id=588934016 is handled. Duration 102 ms by bot id=7090078691
2024-05-05 00:20:29,737 - INFO - dispatcher.py - 527 - Start polling
2024-05-05 00:20:29,802 - INFO - dispatcher.py - 341 - Run polling for bot @testoooooooooooo_bot id=7090078691 - 'Тестовый бот'
2024-05-05 00:20:30,220 - INFO - dispatcher.py - 172 - Update id=588934022 is handled. Duration 279 ms by bot id=7090078691
2024-05-05 00:20:31,294 - INFO - dispatcher.py - 172 - Update id=588934023 is handled. Duration 167 ms by bot id=7090078691
2024-05-05 00:22:28,989 - INFO - dispatcher.py - 527 - Start polling
2024-05-05 00:22:29,036 - INFO - dispatcher.py - 341 - Run polling for bot @testoooooooooooo_bot id=7090078691 - 'Тестовый бот'
2024-05-05 00:22:30,179 - INFO - dispatcher.py - 172 - Update id=588934025 is handled. Duration 269 ms by bot id=7090078691
2024-05-05 00:22:31,099 - INFO - dispatcher.py - 172 - Update id=588934026 is handled. Duration 150 ms by bot id=7090078691
2024-05-05 00:22:32,435 - INFO - dispatcher.py - 172 - Update id=588934027 is handled. Duration 550 ms by bot id=7090078691
2024-05-05 00:22:52,414 - WARNING - dispatcher.py - 455 - Received SIGINT signal
2024-05-05 00:22:52,416 - INFO - dispatcher.py - 359 - Polling stopped for bot @testoooooooooooo_bot id=7090078691 - 'Тестовый бот'
2024-05-05 00:22:52,416 - INFO - dispatcher.py - 554 - Polling stopped
2024-05-05 00:22:55,060 - INFO - dispatcher.py - 527 - Start polling
2024-05-05 00:22:55,107 - INFO - dispatcher.py - 341 - Run polling for bot @testoooooooooooo_bot id=7090078691 - 'Тестовый бот'
2024-05-05 00:22:57,388 - INFO - dispatcher.py - 172 - Update id=588934028 is handled. Duration 258 ms by bot id=7090078691
2024-05-05 00:22:58,194 - INFO - dispatcher.py - 172 - Update id=588934029 is handled. Duration 125 ms by bot id=7090078691
2024-05-05 00:22:59,152 - INFO - dispatcher.py - 172 - Update id=588934030 is handled. Duration 408 ms by bot id=7090078691
2024-05-05 00:23:24,947 - WARNING - dispatcher.py - 455 - Received SIGINT signal
2024-05-05 00:23:24,950 - INFO - dispatcher.py - 359 - Polling stopped for bot @testoooooooooooo_bot id=7090078691 - 'Тестовый бот'
2024-05-05 00:23:24,950 - INFO - dispatcher.py - 554 - Polling stopped
2024-05-05 00:23:27,377 - INFO - dispatcher.py - 527 - Start polling
2024-05-05 00:23:27,461 - INFO - dispatcher.py - 341 - Run polling for bot @testoooooooooooo_bot id=7090078691 - 'Тестовый бот'
2024-05-05 00:23:29,355 - INFO - dispatcher.py - 172 - Update id=588934031 is handled. Duration 778 ms by bot id=7090078691
2024-05-05 00:25:49,101 - WARNING - dispatcher.py - 455 - Received SIGINT signal
2024-05-05 00:25:49,104 - INFO - dispatcher.py - 359 - Polling stopped for bot @testoooooooooooo_bot id=7090078691 - 'Тестовый бот'
2024-05-05 00:25:49,104 - INFO - dispatcher.py - 554 - Polling stopped
2024-05-05 00:25:51,646 - INFO - dispatcher.py - 527 - Start polling
2024-05-05 00:25:51,693 - INFO - dispatcher.py - 341 - Run polling for bot @testoooooooooooo_bot id=7090078691 - 'Тестовый бот'
2024-05-05 00:25:53,276 - INFO - dispatcher.py - 172 - Update id=588934032 is handled. Duration 595 ms by bot id=7090078691
2024-05-05 00:26:47,661 - WARNING - dispatcher.py - 455 - Received SIGINT signal
2024-05-05 00:26:47,663 - INFO - dispatcher.py - 359 - Polling stopped for bot @testoooooooooooo_bot id=7090078691 - 'Тестовый бот'
2024-05-05 00:26:47,664 - INFO - dispatcher.py - 554 - Polling stopped
2024-05-05 00:27:09,422 - INFO - dispatcher.py - 527 - Start polling
2024-05-05 00:27:09,476 - INFO - dispatcher.py - 341 - Run polling for bot @testoooooooooooo_bot id=7090078691 - 'Тестовый бот'
2024-05-05 00:27:11,147 - INFO - dispatcher.py - 172 - Update id=588934033 is handled. Duration 257 ms by bot id=7090078691
2024-05-05 00:27:11,737 - INFO - dispatcher.py - 172 - Update id=588934034 is handled. Duration 87 ms by bot id=7090078691
2024-05-05 00:27:12,688 - INFO - dispatcher.py - 172 - Update id=588934035 is handled. Duration 461 ms by bot id=7090078691
2024-05-05 00:27:58,398 - WARNING - dispatcher.py - 455 - Received SIGINT signal
2024-05-05 00:27:58,400 - INFO - dispatcher.py - 359 - Polling stopped for bot @testoooooooooooo_bot id=7090078691 - 'Тестовый бот'
2024-05-05 00:27:58,401 - INFO - dispatcher.py - 554 - Polling stopped
2024-05-05 00:28:02,010 - INFO - dispatcher.py - 527 - Start polling
2024-05-05 00:28:02,072 - INFO - dispatcher.py - 341 - Run polling for bot @testoooooooooooo_bot id=7090078691 - 'Тестовый бот'
2024-05-05 00:28:03,806 - INFO - dispatcher.py - 172 - Update id=588934036 is handled. Duration 237 ms by bot id=7090078691
2024-05-05 00:28:04,630 - INFO - dispatcher.py - 172 - Update id=588934037 is handled. Duration 85 ms by bot id=7090078691
2024-05-05 00:28:05,488 - INFO - dispatcher.py - 172 - Update id=588934038 is handled. Duration 350 ms by bot id=7090078691
2024-05-05 00:28:30,504 - WARNING - dispatcher.py - 455 - Received SIGINT signal
2024-05-05 00:28:30,506 - INFO - dispatcher.py - 359 - Polling stopped for bot @testoooooooooooo_bot id=7090078691 - 'Тестовый бот'
2024-05-05 00:28:30,506 - INFO - dispatcher.py - 554 - Polling stopped
2024-05-05 00:28:33,025 - INFO - dispatcher.py - 527 - Start polling
2024-05-05 00:28:33,070 - INFO - dispatcher.py - 341 - Run polling for bot @testoooooooooooo_bot id=7090078691 - 'Тестовый бот'
2024-05-05 00:28:35,145 - INFO - dispatcher.py - 172 - Update id=588934039 is handled. Duration 274 ms by bot id=7090078691
2024-05-05 00:28:36,121 - INFO - dispatcher.py - 172 - Update id=588934040 is handled. Duration 89 ms by bot id=7090078691
2024-05-05 00:28:37,198 - INFO - dispatcher.py - 172 - Update id=588934041 is handled. Duration 528 ms by bot id=7090078691
2024-05-05 00:28:43,844 - WARNING - dispatcher.py - 455 - Received SIGINT signal
2024-05-05 00:28:43,847 - INFO - dispatcher.py - 359 - Polling stopped for bot @testoooooooooooo_bot id=7090078691 - 'Тестовый бот'
2024-05-05 00:28:43,847 - INFO - dispatcher.py - 554 - Polling stopped
2024-05-05 00:28:46,346 - INFO - dispatcher.py - 527 - Start polling
2024-05-05 00:28:46,397 - INFO - dispatcher.py - 341 - Run polling for bot @testoooooooooooo_bot id=7090078691 - 'Тестовый бот'
2024-05-05 00:28:48,566 - INFO - dispatcher.py - 172 - Update id=588934042 is handled. Duration 254 ms by bot id=7090078691
2024-05-05 00:28:49,850 - INFO - dispatcher.py - 172 - Update id=588934043 is handled. Duration 185 ms by bot id=7090078691
2024-05-05 00:28:51,147 - INFO - dispatcher.py - 172 - Update id=588934044 is handled. Duration 532 ms by bot id=7090078691
2024-05-05 00:30:35,157 - WARNING - dispatcher.py - 455 - Received SIGINT signal
2024-05-05 00:30:35,160 - INFO - dispatcher.py - 359 - Polling stopped for bot @testoooooooooooo_bot id=7090078691 - 'Тестовый бот'
2024-05-05 00:30:35,160 - INFO - dispatcher.py - 554 - Polling stopped
2024-05-05 00:32:32,691 - INFO - dispatcher.py - 527 - Start polling
2024-05-05 00:32:32,757 - INFO - dispatcher.py - 341 - Run polling for bot @testoooooooooooo_bot id=7090078691 - 'Тестовый бот'
2024-05-05 00:32:35,107 - INFO - dispatcher.py - 172 - Update id=588934045 is handled. Duration 380 ms by bot id=7090078691
2024-05-05 00:32:35,823 - INFO - dispatcher.py - 172 - Update id=588934046 is handled. Duration 106 ms by bot id=7090078691
2024-05-05 00:32:37,006 - INFO - dispatcher.py - 172 - Update id=588934047 is handled. Duration 437 ms by bot id=7090078691
2024-05-05 00:32:50,820 - WARNING - dispatcher.py - 455 - Received SIGINT signal
2024-05-05 00:32:50,822 - INFO - dispatcher.py - 359 - Polling stopped for bot @testoooooooooooo_bot id=7090078691 - 'Тестовый бот'
2024-05-05 00:32:50,823 - INFO - dispatcher.py - 554 - Polling stopped
2024-05-05 00:32:58,767 - INFO - dispatcher.py - 527 - Start polling
2024-05-05 00:32:58,832 - INFO - dispatcher.py - 341 - Run polling for bot @testoooooooooooo_bot id=7090078691 - 'Тестовый бот'
2024-05-05 00:33:00,672 - INFO - dispatcher.py - 172 - Update id=588934048 is handled. Duration 257 ms by bot id=7090078691
2024-05-05 00:33:01,656 - INFO - dispatcher.py - 172 - Update id=588934049 is handled. Duration 111 ms by bot id=7090078691
2024-05-05 00:33:02,676 - INFO - dispatcher.py - 172 - Update id=588934050 is handled. Duration 511 ms by bot id=7090078691
2024-05-05 00:33:48,430 - INFO - dispatcher.py - 172 - Update id=588934051 is handled. Duration 271 ms by bot id=7090078691
2024-05-05 00:33:49,245 - INFO - dispatcher.py - 172 - Update id=588934052 is handled. Duration 177 ms by bot id=7090078691
2024-05-05 00:33:57,487 - INFO - dispatcher.py - 172 - Update id=588934053 is handled. Duration 70 ms by bot id=7090078691
2024-05-05 00:33:58,536 - INFO - dispatcher.py - 172 - Update id=588934054 is handled. Duration 117 ms by bot id=7090078691
2024-05-05 00:35:51,596 - WARNING - dispatcher.py - 455 - Received SIGINT signal
2024-05-05 00:35:51,597 - INFO - dispatcher.py - 359 - Polling stopped for bot @testoooooooooooo_bot id=7090078691 - 'Тестовый бот'
2024-05-05 00:35:51,597 - INFO - dispatcher.py - 554 - Polling stopped
2024-05-05 00:36:11,161 - INFO - dispatcher.py - 527 - Start polling
2024-05-05 00:36:11,224 - INFO - dispatcher.py - 341 - Run polling for bot @testoooooooooooo_bot id=7090078691 - 'Тестовый бот'
2024-05-05 00:36:14,183 - INFO - dispatcher.py - 172 - Update id=588934055 is handled. Duration 418 ms by bot id=7090078691
2024-05-05 00:36:25,476 - INFO - dispatcher.py - 172 - Update id=588934056 is handled. Duration 95 ms by bot id=7090078691
2024-05-05 00:37:54,687 - INFO - dispatcher.py - 527 - Start polling
2024-05-05 00:37:54,781 - INFO - dispatcher.py - 341 - Run polling for bot @testoooooooooooo_bot id=7090078691 - 'Тестовый бот'
2024-05-05 00:37:56,742 - INFO - dispatcher.py - 172 - Update id=588934062 is handled. Duration 1010 ms by bot id=7090078691
2024-05-05 00:37:56,960 - INFO - dispatcher.py - 172 - Update id=588934063 is handled. Duration 15 ms by bot id=7090078691
2024-05-05 00:37:58,964 - INFO - dispatcher.py - 172 - Update id=588934064 is handled. Duration 176 ms by bot id=7090078691
2024-05-05 00:40:46,595 - ERROR - dispatcher.py - 219 - Failed to fetch updates - TelegramNetworkError: HTTP Client says - Request timeout error
2024-05-05 00:40:46,596 - WARNING - dispatcher.py - 221 - Sleep for 1.000000 seconds and try again... (tryings = 0, bot id = 7090078691)
2024-05-05 00:40:46,907 - INFO - dispatcher.py - 172 - Update id=588934065 is handled. Duration 166993 ms by bot id=7090078691
2024-05-05 00:40:57,845 - INFO - dispatcher.py - 233 - Connection established (tryings = 1, bot id = 7090078691)
2024-05-05 00:41:39,213 - INFO - dispatcher.py - 527 - Start polling
2024-05-05 00:41:39,269 - INFO - dispatcher.py - 341 - Run polling for bot @testoooooooooooo_bot id=7090078691 - 'Тестовый бот'
2024-05-05 00:41:42,884 - INFO - dispatcher.py - 172 - Update id=588934067 is handled. Duration 284 ms by bot id=7090078691
2024-05-05 00:41:44,887 - INFO - dispatcher.py - 172 - Update id=588934068 is handled. Duration 259 ms by bot id=7090078691
2024-05-05 00:41:48,428 - WARNING - dispatcher.py - 455 - Received SIGINT signal
2024-05-05 00:41:48,429 - INFO - dispatcher.py - 359 - Polling stopped for bot @testoooooooooooo_bot id=7090078691 - 'Тестовый бот'
2024-05-05 00:41:48,429 - INFO - dispatcher.py - 554 - Polling stopped
2024-05-05 00:42:21,472 - INFO - dispatcher.py - 527 - Start polling
2024-05-05 00:42:21,521 - INFO - dispatcher.py - 341 - Run polling for bot @testoooooooooooo_bot id=7090078691 - 'Тестовый бот'
2024-05-05 00:42:23,999 - INFO - dispatcher.py - 172 - Update id=588934069 is handled. Duration 809 ms by bot id=7090078691
2024-05-05 00:44:38,666 - INFO - dispatcher.py - 172 - Update id=588934070 is handled. Duration 645 ms by bot id=7090078691
2024-05-05 00:44:49,729 - INFO - dispatcher.py - 172 - Update id=588934071 is handled. Duration 522 ms by bot id=7090078691
2024-05-05 00:45:07,944 - WARNING - dispatcher.py - 455 - Received SIGINT signal
2024-05-05 00:45:07,945 - INFO - dispatcher.py - 359 - Polling stopped for bot @testoooooooooooo_bot id=7090078691 - 'Тестовый бот'
2024-05-05 00:45:07,945 - INFO - dispatcher.py - 554 - Polling stopped
2024-05-05 00:45:10,565 - INFO - dispatcher.py - 527 - Start polling
2024-05-05 00:45:10,626 - INFO - dispatcher.py - 341 - Run polling for bot @testoooooooooooo_bot id=7090078691 - 'Тестовый бот'
2024-05-05 00:45:13,427 - INFO - dispatcher.py - 172 - Update id=588934072 is handled. Duration 343 ms by bot id=7090078691
2024-05-05 00:45:14,278 - INFO - dispatcher.py - 172 - Update id=588934073 is handled. Duration 172 ms by bot id=7090078691
2024-05-05 00:45:15,514 - INFO - dispatcher.py - 172 - Update id=588934074 is handled. Duration 705 ms by bot id=7090078691
2024-05-05 00:45:39,725 - WARNING - dispatcher.py - 455 - Received SIGINT signal
2024-05-05 00:45:39,726 - INFO - dispatcher.py - 359 - Polling stopped for bot @testoooooooooooo_bot id=7090078691 - 'Тестовый бот'
2024-05-05 00:45:39,726 - INFO - dispatcher.py - 554 - Polling stopped
2024-05-05 00:46:24,741 - INFO - dispatcher.py - 527 - Start polling
2024-05-05 00:46:24,796 - INFO - dispatcher.py - 341 - Run polling for bot @testoooooooooooo_bot id=7090078691 - 'Тестовый бот'
2024-05-05 00:46:29,366 - INFO - dispatcher.py - 172 - Update id=588934076 is handled. Duration 808 ms by bot id=7090078691
2024-05-05 00:47:08,827 - WARNING - dispatcher.py - 455 - Received SIGINT signal
2024-05-05 00:47:08,828 - INFO - dispatcher.py - 359 - Polling stopped for bot @testoooooooooooo_bot id=7090078691 - 'Тестовый бот'
2024-05-05 00:47:08,828 - INFO - dispatcher.py - 554 - Polling stopped
2024-05-05 00:47:12,034 - INFO - dispatcher.py - 527 - Start polling
2024-05-05 00:47:12,082 - INFO - dispatcher.py - 341 - Run polling for bot @testoooooooooooo_bot id=7090078691 - 'Тестовый бот'
2024-05-05 00:47:14,343 - INFO - dispatcher.py - 172 - Update id=588934077 is handled. Duration 1315 ms by bot id=7090078691
2024-05-05 00:47:18,469 - INFO - dispatcher.py - 172 - Update id=588934078 is handled. Duration 684 ms by bot id=7090078691
2024-05-05 00:47:26,599 - INFO - dispatcher.py - 172 - Update id=588934079 is handled. Duration 671 ms by bot id=7090078691
2024-05-05 00:47:51,882 - INFO - dispatcher.py - 172 - Update id=588934080 is handled. Duration 790 ms by bot id=7090078691
2024-05-05 00:47:59,490 - INFO - dispatcher.py - 172 - Update id=588934081 is handled. Duration 1077 ms by bot id=7090078691
2024-05-05 00:48:25,019 - INFO - dispatcher.py - 172 - Update id=588934082 is handled. Duration 1084 ms by bot id=7090078691
2024-05-05 00:50:05,814 - WARNING - dispatcher.py - 455 - Received SIGINT signal
2024-05-05 00:50:05,818 - INFO - dispatcher.py - 359 - Polling stopped for bot @testoooooooooooo_bot id=7090078691 - 'Тестовый бот'
2024-05-05 00:50:05,818 - INFO - dispatcher.py - 554 - Polling stopped
2024-05-05 00:50:57,725 - INFO - dispatcher.py - 527 - Start polling
2024-05-05 00:50:57,786 - INFO - dispatcher.py - 341 - Run polling for bot @testoooooooooooo_bot id=7090078691 - 'Тестовый бот'
2024-05-05 00:51:03,147 - INFO - dispatcher.py - 172 - Update id=588934083 is not handled. Duration 736 ms by bot id=7090078691
2024-05-05 00:51:03,147 - ERROR - dispatcher.py - 315 - Cause exception while process update id=588934083 by bot id=7090078691
TypeError: unhashable type: 'dict'
Traceback (most recent call last):
  File "/Users/kamamber/Desktop/giftWinnerBot/venv/lib/python3.9/site-packages/aiogram/dispatcher/dispatcher.py", line 309, in _process_update
    response = await self.feed_update(bot, update, **kwargs)
  File "/Users/kamamber/Desktop/giftWinnerBot/venv/lib/python3.9/site-packages/aiogram/dispatcher/dispatcher.py", line 158, in feed_update
    response = await self.update.wrap_outer_middleware(
  File "/Users/kamamber/Desktop/giftWinnerBot/venv/lib/python3.9/site-packages/aiogram/dispatcher/middlewares/error.py", line 25, in __call__
    return await handler(event, data)
  File "/Users/kamamber/Desktop/giftWinnerBot/venv/lib/python3.9/site-packages/aiogram/dispatcher/middlewares/user_context.py", line 27, in __call__
    return await handler(event, data)
  File "/Users/kamamber/Desktop/giftWinnerBot/venv/lib/python3.9/site-packages/aiogram/fsm/middleware.py", line 41, in __call__
    return await handler(event, data)
  File "/Users/kamamber/Desktop/giftWinnerBot/venv/lib/python3.9/site-packages/aiogram/dispatcher/event/telegram.py", line 121, in trigger
    return await wrapped_inner(event, kwargs)
  File "/Users/kamamber/Desktop/giftWinnerBot/venv/lib/python3.9/site-packages/aiogram/dispatcher/event/handler.py", line 43, in call
    return await wrapped()
  File "/Users/kamamber/Desktop/giftWinnerBot/venv/lib/python3.9/site-packages/aiogram/dispatcher/dispatcher.py", line 276, in _listen_update
    return await self.propagate_event(update_type=update_type, event=event, **kwargs)
  File "/Users/kamamber/Desktop/giftWinnerBot/venv/lib/python3.9/site-packages/aiogram/dispatcher/router.py", line 128, in propagate_event
    return await observer.wrap_outer_middleware(_wrapped, event=event, data=kwargs)
  File "/Users/kamamber/Desktop/giftWinnerBot/venv/lib/python3.9/site-packages/aiogram/dispatcher/router.py", line 123, in _wrapped
    return await self._propagate_event(
  File "/Users/kamamber/Desktop/giftWinnerBot/venv/lib/python3.9/site-packages/aiogram/dispatcher/router.py", line 156, in _propagate_event
    response = await router.propagate_event(update_type=update_type, event=event, **kwargs)
  File "/Users/kamamber/Desktop/giftWinnerBot/venv/lib/python3.9/site-packages/aiogram/dispatcher/router.py", line 128, in propagate_event
    return await observer.wrap_outer_middleware(_wrapped, event=event, data=kwargs)
  File "/Users/kamamber/Desktop/giftWinnerBot/venv/lib/python3.9/site-packages/aiogram/dispatcher/router.py", line 123, in _wrapped
    return await self._propagate_event(
  File "/Users/kamamber/Desktop/giftWinnerBot/venv/lib/python3.9/site-packages/aiogram/dispatcher/router.py", line 148, in _propagate_event
    response = await observer.trigger(event, **kwargs)
  File "/Users/kamamber/Desktop/giftWinnerBot/venv/lib/python3.9/site-packages/aiogram/dispatcher/event/telegram.py", line 121, in trigger
    return await wrapped_inner(event, kwargs)
  File "/Users/kamamber/Desktop/giftWinnerBot/venv/lib/python3.9/site-packages/aiogram/dispatcher/event/handler.py", line 43, in call
    return await wrapped()
  File "/Users/kamamber/Desktop/giftWinnerBot/src/handlers/post/post_routes.py", line 35, in post_find
    await add_all_new_posts_to_database()
  File "/Users/kamamber/Desktop/giftWinnerBot/src/services/services.py", line 18, in add_all_new_posts_to_database
    posts = await get_posts_from_tracked_accounts()
  File "/Users/kamamber/Desktop/giftWinnerBot/src/services/utils.py", line 28, in get_posts_from_tracked_accounts
    posts = list(set(posts))
TypeError: unhashable type: 'dict'
2024-05-05 00:51:32,946 - WARNING - dispatcher.py - 455 - Received SIGINT signal
2024-05-05 00:51:32,948 - INFO - dispatcher.py - 359 - Polling stopped for bot @testoooooooooooo_bot id=7090078691 - 'Тестовый бот'
2024-05-05 00:51:32,949 - INFO - dispatcher.py - 554 - Polling stopped
2024-05-05 00:51:35,453 - INFO - dispatcher.py - 527 - Start polling
2024-05-05 00:51:35,498 - INFO - dispatcher.py - 341 - Run polling for bot @testoooooooooooo_bot id=7090078691 - 'Тестовый бот'
2024-05-05 00:51:36,817 - INFO - dispatcher.py - 172 - Update id=588934084 is handled. Duration 242 ms by bot id=7090078691
2024-05-05 00:51:38,125 - INFO - dispatcher.py - 172 - Update id=588934085 is handled. Duration 138 ms by bot id=7090078691
2024-05-05 00:51:40,161 - INFO - dispatcher.py - 172 - Update id=588934086 is handled. Duration 936 ms by bot id=7090078691
2024-05-05 00:52:49,622 - WARNING - dispatcher.py - 455 - Received SIGINT signal
2024-05-05 00:52:49,626 - INFO - dispatcher.py - 359 - Polling stopped for bot @testoooooooooooo_bot id=7090078691 - 'Тестовый бот'
2024-05-05 00:52:49,627 - INFO - dispatcher.py - 554 - Polling stopped
2024-05-05 00:53:18,536 - INFO - dispatcher.py - 527 - Start polling
2024-05-05 00:53:18,587 - INFO - dispatcher.py - 341 - Run polling for bot @testoooooooooooo_bot id=7090078691 - 'Тестовый бот'
2024-05-05 00:53:33,306 - INFO - dispatcher.py - 172 - Update id=588934087 is not handled. Duration 858 ms by bot id=7090078691
2024-05-05 00:53:33,307 - ERROR - dispatcher.py - 315 - Cause exception while process update id=588934087 by bot id=7090078691
TypeError: unhashable type: 'dict'
Traceback (most recent call last):
  File "/Users/kamamber/Desktop/giftWinnerBot/venv/lib/python3.9/site-packages/aiogram/dispatcher/dispatcher.py", line 309, in _process_update
    response = await self.feed_update(bot, update, **kwargs)
  File "/Users/kamamber/Desktop/giftWinnerBot/venv/lib/python3.9/site-packages/aiogram/dispatcher/dispatcher.py", line 158, in feed_update
    response = await self.update.wrap_outer_middleware(
  File "/Users/kamamber/Desktop/giftWinnerBot/venv/lib/python3.9/site-packages/aiogram/dispatcher/middlewares/error.py", line 25, in __call__
    return await handler(event, data)
  File "/Users/kamamber/Desktop/giftWinnerBot/venv/lib/python3.9/site-packages/aiogram/dispatcher/middlewares/user_context.py", line 27, in __call__
    return await handler(event, data)
  File "/Users/kamamber/Desktop/giftWinnerBot/venv/lib/python3.9/site-packages/aiogram/fsm/middleware.py", line 41, in __call__
    return await handler(event, data)
  File "/Users/kamamber/Desktop/giftWinnerBot/venv/lib/python3.9/site-packages/aiogram/dispatcher/event/telegram.py", line 121, in trigger
    return await wrapped_inner(event, kwargs)
  File "/Users/kamamber/Desktop/giftWinnerBot/venv/lib/python3.9/site-packages/aiogram/dispatcher/event/handler.py", line 43, in call
    return await wrapped()
  File "/Users/kamamber/Desktop/giftWinnerBot/venv/lib/python3.9/site-packages/aiogram/dispatcher/dispatcher.py", line 276, in _listen_update
    return await self.propagate_event(update_type=update_type, event=event, **kwargs)
  File "/Users/kamamber/Desktop/giftWinnerBot/venv/lib/python3.9/site-packages/aiogram/dispatcher/router.py", line 128, in propagate_event
    return await observer.wrap_outer_middleware(_wrapped, event=event, data=kwargs)
  File "/Users/kamamber/Desktop/giftWinnerBot/venv/lib/python3.9/site-packages/aiogram/dispatcher/router.py", line 123, in _wrapped
    return await self._propagate_event(
  File "/Users/kamamber/Desktop/giftWinnerBot/venv/lib/python3.9/site-packages/aiogram/dispatcher/router.py", line 156, in _propagate_event
    response = await router.propagate_event(update_type=update_type, event=event, **kwargs)
  File "/Users/kamamber/Desktop/giftWinnerBot/venv/lib/python3.9/site-packages/aiogram/dispatcher/router.py", line 128, in propagate_event
    return await observer.wrap_outer_middleware(_wrapped, event=event, data=kwargs)
  File "/Users/kamamber/Desktop/giftWinnerBot/venv/lib/python3.9/site-packages/aiogram/dispatcher/router.py", line 123, in _wrapped
    return await self._propagate_event(
  File "/Users/kamamber/Desktop/giftWinnerBot/venv/lib/python3.9/site-packages/aiogram/dispatcher/router.py", line 148, in _propagate_event
    response = await observer.trigger(event, **kwargs)
  File "/Users/kamamber/Desktop/giftWinnerBot/venv/lib/python3.9/site-packages/aiogram/dispatcher/event/telegram.py", line 121, in trigger
    return await wrapped_inner(event, kwargs)
  File "/Users/kamamber/Desktop/giftWinnerBot/venv/lib/python3.9/site-packages/aiogram/dispatcher/event/handler.py", line 43, in call
    return await wrapped()
  File "/Users/kamamber/Desktop/giftWinnerBot/src/handlers/post/post_routes.py", line 35, in post_find
    await add_all_new_posts_to_database()
  File "/Users/kamamber/Desktop/giftWinnerBot/src/services/services.py", line 18, in add_all_new_posts_to_database
    posts = await get_posts_from_tracked_accounts()
  File "/Users/kamamber/Desktop/giftWinnerBot/src/services/utils.py", line 29, in get_posts_from_tracked_accounts
    posts = list(dict.fromkeys(posts))
TypeError: unhashable type: 'dict'
2024-05-05 00:53:59,514 - WARNING - dispatcher.py - 455 - Received SIGINT signal
2024-05-05 00:53:59,517 - INFO - dispatcher.py - 359 - Polling stopped for bot @testoooooooooooo_bot id=7090078691 - 'Тестовый бот'
2024-05-05 00:53:59,518 - INFO - dispatcher.py - 554 - Polling stopped
2024-05-05 00:54:33,861 - INFO - dispatcher.py - 527 - Start polling
2024-05-05 00:54:33,907 - INFO - dispatcher.py - 341 - Run polling for bot @testoooooooooooo_bot id=7090078691 - 'Тестовый бот'
2024-05-05 00:54:35,130 - INFO - dispatcher.py - 172 - Update id=588934088 is handled. Duration 278 ms by bot id=7090078691
2024-05-05 00:54:36,257 - INFO - dispatcher.py - 172 - Update id=588934089 is handled. Duration 325 ms by bot id=7090078691
2024-05-05 00:54:37,363 - INFO - dispatcher.py - 172 - Update id=588934090 is not handled. Duration 572 ms by bot id=7090078691
2024-05-05 00:54:37,363 - ERROR - dispatcher.py - 315 - Cause exception while process update id=588934090 by bot id=7090078691
TypeError: unhashable type: 'dict'
Traceback (most recent call last):
  File "/Users/kamamber/Desktop/giftWinnerBot/venv/lib/python3.9/site-packages/aiogram/dispatcher/dispatcher.py", line 309, in _process_update
    response = await self.feed_update(bot, update, **kwargs)
  File "/Users/kamamber/Desktop/giftWinnerBot/venv/lib/python3.9/site-packages/aiogram/dispatcher/dispatcher.py", line 158, in feed_update
    response = await self.update.wrap_outer_middleware(
  File "/Users/kamamber/Desktop/giftWinnerBot/venv/lib/python3.9/site-packages/aiogram/dispatcher/middlewares/error.py", line 25, in __call__
    return await handler(event, data)
  File "/Users/kamamber/Desktop/giftWinnerBot/venv/lib/python3.9/site-packages/aiogram/dispatcher/middlewares/user_context.py", line 27, in __call__
    return await handler(event, data)
  File "/Users/kamamber/Desktop/giftWinnerBot/venv/lib/python3.9/site-packages/aiogram/fsm/middleware.py", line 41, in __call__
    return await handler(event, data)
  File "/Users/kamamber/Desktop/giftWinnerBot/venv/lib/python3.9/site-packages/aiogram/dispatcher/event/telegram.py", line 121, in trigger
    return await wrapped_inner(event, kwargs)
  File "/Users/kamamber/Desktop/giftWinnerBot/venv/lib/python3.9/site-packages/aiogram/dispatcher/event/handler.py", line 43, in call
    return await wrapped()
  File "/Users/kamamber/Desktop/giftWinnerBot/venv/lib/python3.9/site-packages/aiogram/dispatcher/dispatcher.py", line 276, in _listen_update
    return await self.propagate_event(update_type=update_type, event=event, **kwargs)
  File "/Users/kamamber/Desktop/giftWinnerBot/venv/lib/python3.9/site-packages/aiogram/dispatcher/router.py", line 128, in propagate_event
    return await observer.wrap_outer_middleware(_wrapped, event=event, data=kwargs)
  File "/Users/kamamber/Desktop/giftWinnerBot/venv/lib/python3.9/site-packages/aiogram/dispatcher/router.py", line 123, in _wrapped
    return await self._propagate_event(
  File "/Users/kamamber/Desktop/giftWinnerBot/venv/lib/python3.9/site-packages/aiogram/dispatcher/router.py", line 156, in _propagate_event
    response = await router.propagate_event(update_type=update_type, event=event, **kwargs)
  File "/Users/kamamber/Desktop/giftWinnerBot/venv/lib/python3.9/site-packages/aiogram/dispatcher/router.py", line 128, in propagate_event
    return await observer.wrap_outer_middleware(_wrapped, event=event, data=kwargs)
  File "/Users/kamamber/Desktop/giftWinnerBot/venv/lib/python3.9/site-packages/aiogram/dispatcher/router.py", line 123, in _wrapped
    return await self._propagate_event(
  File "/Users/kamamber/Desktop/giftWinnerBot/venv/lib/python3.9/site-packages/aiogram/dispatcher/router.py", line 148, in _propagate_event
    response = await observer.trigger(event, **kwargs)
  File "/Users/kamamber/Desktop/giftWinnerBot/venv/lib/python3.9/site-packages/aiogram/dispatcher/event/telegram.py", line 121, in trigger
    return await wrapped_inner(event, kwargs)
  File "/Users/kamamber/Desktop/giftWinnerBot/venv/lib/python3.9/site-packages/aiogram/dispatcher/event/handler.py", line 43, in call
    return await wrapped()
  File "/Users/kamamber/Desktop/giftWinnerBot/src/handlers/post/post_routes.py", line 35, in post_find
    await add_all_new_posts_to_database()
  File "/Users/kamamber/Desktop/giftWinnerBot/src/services/services.py", line 18, in add_all_new_posts_to_database
    posts = await get_posts_from_tracked_accounts()
  File "/Users/kamamber/Desktop/giftWinnerBot/src/services/utils.py", line 29, in get_posts_from_tracked_accounts
    posts = list(dict.fromkeys(posts))
TypeError: unhashable type: 'dict'
2024-05-05 00:55:42,464 - WARNING - dispatcher.py - 455 - Received SIGINT signal
2024-05-05 00:55:42,467 - INFO - dispatcher.py - 359 - Polling stopped for bot @testoooooooooooo_bot id=7090078691 - 'Тестовый бот'
2024-05-05 00:55:42,467 - INFO - dispatcher.py - 554 - Polling stopped
2024-05-05 00:55:53,883 - INFO - dispatcher.py - 527 - Start polling
2024-05-05 00:55:53,933 - INFO - dispatcher.py - 341 - Run polling for bot @testoooooooooooo_bot id=7090078691 - 'Тестовый бот'
2024-05-05 00:55:55,296 - INFO - dispatcher.py - 172 - Update id=588934091 is handled. Duration 482 ms by bot id=7090078691
2024-05-05 00:55:56,009 - INFO - dispatcher.py - 172 - Update id=588934092 is handled. Duration 94 ms by bot id=7090078691
2024-05-05 00:55:57,072 - INFO - dispatcher.py - 172 - Update id=588934093 is handled. Duration 99 ms by bot id=7090078691
2024-05-05 00:55:58,439 - INFO - dispatcher.py - 172 - Update id=588934094 is handled. Duration 141 ms by bot id=7090078691
2024-05-05 00:56:48,378 - INFO - dispatcher.py - 172 - Update id=588934095 is handled. Duration 1044 ms by bot id=7090078691
2024-05-05 00:57:09,305 - INFO - dispatcher.py - 172 - Update id=588934096 is handled. Duration 1149 ms by bot id=7090078691
2024-05-05 00:58:41,160 - WARNING - dispatcher.py - 455 - Received SIGINT signal
2024-05-05 00:58:41,162 - INFO - dispatcher.py - 359 - Polling stopped for bot @testoooooooooooo_bot id=7090078691 - 'Тестовый бот'
2024-05-05 00:58:41,162 - INFO - dispatcher.py - 554 - Polling stopped
2024-05-05 17:04:41,573 - INFO - dispatcher.py - 527 - Start polling
2024-05-05 17:04:41,652 - INFO - dispatcher.py - 341 - Run polling for bot @testoooooooooooo_bot id=7090078691 - 'Тестовый бот'
2024-05-05 17:05:28,660 - INFO - dispatcher.py - 172 - Update id=588934110 is handled. Duration 446 ms by bot id=7090078691
2024-05-05 17:05:33,671 - INFO - dispatcher.py - 172 - Update id=588934111 is handled. Duration 1134 ms by bot id=7090078691
2024-05-05 17:11:02,287 - INFO - dispatcher.py - 172 - Update id=588934112 is handled. Duration 989 ms by bot id=7090078691
2024-05-05 17:12:06,467 - INFO - dispatcher.py - 172 - Update id=588934113 is handled. Duration 2514 ms by bot id=7090078691
2024-05-05 19:00:03,263 - ERROR - dispatcher.py - 219 - Failed to fetch updates - TelegramNetworkError: HTTP Client says - Request timeout error
2024-05-05 19:00:03,266 - WARNING - dispatcher.py - 221 - Sleep for 1.000000 seconds and try again... (tryings = 0, bot id = 7090078691)
2024-05-05 19:00:14,469 - INFO - dispatcher.py - 233 - Connection established (tryings = 1, bot id = 7090078691)
2024-05-05 19:30:02,228 - INFO - dispatcher.py - 172 - Update id=588934114 is handled. Duration 240 ms by bot id=7090078691
2024-05-05 19:30:03,346 - INFO - dispatcher.py - 172 - Update id=588934115 is handled. Duration 350 ms by bot id=7090078691
2024-05-05 19:30:05,247 - INFO - dispatcher.py - 172 - Update id=588934116 is handled. Duration 111 ms by bot id=7090078691
2024-05-05 19:30:07,257 - INFO - dispatcher.py - 172 - Update id=588934117 is handled. Duration 75 ms by bot id=7090078691
2024-05-05 19:30:18,113 - INFO - dispatcher.py - 172 - Update id=588934118 is handled. Duration 96 ms by bot id=7090078691
2024-05-05 19:30:24,757 - INFO - dispatcher.py - 172 - Update id=588934119 is handled. Duration 255 ms by bot id=7090078691
2024-05-05 19:30:27,121 - INFO - dispatcher.py - 172 - Update id=588934120 is handled. Duration 74 ms by bot id=7090078691
2024-05-05 19:30:33,975 - INFO - dispatcher.py - 172 - Update id=588934121 is handled. Duration 89 ms by bot id=7090078691
2024-05-05 19:39:56,058 - INFO - dispatcher.py - 172 - Update id=588934122 is handled. Duration 235 ms by bot id=7090078691
2024-05-05 19:39:57,668 - INFO - dispatcher.py - 172 - Update id=588934123 is handled. Duration 140 ms by bot id=7090078691
2024-05-05 19:40:11,445 - INFO - dispatcher.py - 172 - Update id=588934124 is handled. Duration 85 ms by bot id=7090078691
2024-05-05 19:41:35,098 - WARNING - dispatcher.py - 455 - Received SIGINT signal
2024-05-05 19:41:35,107 - INFO - dispatcher.py - 359 - Polling stopped for bot @testoooooooooooo_bot id=7090078691 - 'Тестовый бот'
2024-05-05 19:41:35,109 - INFO - dispatcher.py - 554 - Polling stopped
2024-05-05 19:42:29,400 - INFO - dispatcher.py - 527 - Start polling
2024-05-05 19:42:29,446 - INFO - dispatcher.py - 341 - Run polling for bot @testoooooooooooo_bot id=7090078691 - 'Тестовый бот'
2024-05-05 19:42:32,611 - ERROR - permissions.py - 14 - Пользователь с id 723054122 не авторизован!
2024-05-05 19:42:32,922 - INFO - dispatcher.py - 172 - Update id=588934125 is handled. Duration 312 ms by bot id=7090078691
2024-05-05 19:42:38,800 - INFO - dispatcher.py - 172 - Update id=588934126 is handled. Duration 144 ms by bot id=7090078691
2024-05-05 19:42:44,261 - INFO - dispatcher.py - 172 - Update id=588934127 is handled. Duration 186 ms by bot id=7090078691
2024-05-05 19:42:50,190 - INFO - dispatcher.py - 172 - Update id=588934128 is handled. Duration 91 ms by bot id=7090078691
2024-05-05 19:43:20,699 - INFO - dispatcher.py - 172 - Update id=588934129 is handled. Duration 373 ms by bot id=7090078691
2024-05-05 19:43:24,059 - INFO - dispatcher.py - 172 - Update id=588934130 is handled. Duration 147 ms by bot id=7090078691
2024-05-05 19:43:26,912 - INFO - dispatcher.py - 172 - Update id=588934131 is handled. Duration 95 ms by bot id=7090078691
2024-05-05 19:43:56,878 - INFO - dispatcher.py - 172 - Update id=588934132 is handled. Duration 246 ms by bot id=7090078691
2024-05-05 19:44:23,200 - INFO - dispatcher.py - 172 - Update id=588934133 is handled. Duration 309 ms by bot id=7090078691
2024-05-05 19:44:24,692 - INFO - dispatcher.py - 172 - Update id=588934134 is handled. Duration 125 ms by bot id=7090078691
2024-05-05 19:44:29,610 - INFO - dispatcher.py - 172 - Update id=588934135 is handled. Duration 76 ms by bot id=7090078691
2024-05-05 19:44:35,270 - INFO - dispatcher.py - 172 - Update id=588934136 is handled. Duration 120 ms by bot id=7090078691
2024-05-05 19:44:37,996 - INFO - dispatcher.py - 172 - Update id=588934137 is handled. Duration 101 ms by bot id=7090078691
2024-05-05 19:44:42,128 - INFO - dispatcher.py - 172 - Update id=588934138 is handled. Duration 189 ms by bot id=7090078691
2024-05-05 19:44:43,350 - INFO - dispatcher.py - 172 - Update id=588934139 is handled. Duration 209 ms by bot id=7090078691
2024-05-05 19:44:44,215 - INFO - dispatcher.py - 172 - Update id=588934140 is handled. Duration 103 ms by bot id=7090078691
2024-05-05 19:44:47,210 - INFO - dispatcher.py - 172 - Update id=588934141 is handled. Duration 136 ms by bot id=7090078691
2024-05-05 19:44:51,041 - INFO - dispatcher.py - 172 - Update id=588934142 is handled. Duration 173 ms by bot id=7090078691
2024-05-05 19:45:01,829 - INFO - dispatcher.py - 172 - Update id=588934143 is handled. Duration 71 ms by bot id=7090078691
2024-05-05 19:45:08,074 - INFO - dispatcher.py - 172 - Update id=588934144 is handled. Duration 247 ms by bot id=7090078691
2024-05-05 19:45:09,659 - INFO - dispatcher.py - 172 - Update id=588934145 is handled. Duration 117 ms by bot id=7090078691
2024-05-05 19:45:11,225 - INFO - dispatcher.py - 172 - Update id=588934146 is handled. Duration 239 ms by bot id=7090078691
2024-05-05 19:45:12,734 - INFO - dispatcher.py - 172 - Update id=588934147 is handled. Duration 644 ms by bot id=7090078691
2024-05-05 19:49:08,996 - INFO - dispatcher.py - 172 - Update id=588934148 is handled. Duration 931 ms by bot id=7090078691
2024-05-05 19:49:11,429 - INFO - vk_api.py - 172 - Auth with login: +79886924592
2024-05-05 19:49:11,429 - INFO - vk_api.py - 431 - Checking remixsid...
2024-05-05 19:49:11,429 - INFO - vk_api.py - 434 - No remixsid
2024-05-05 19:49:11,430 - INFO - vk_api.py - 202 - remixsid from config is not valid: None
2024-05-05 19:49:11,430 - INFO - vk_api.py - 242 - Logging in...
2024-05-05 19:49:12,036 - INFO - vk_api.py - 323 - Got remixsid
2024-05-05 19:49:12,039 - INFO - vk_api.py - 389 - Checking security check request
2024-05-05 19:49:12,039 - INFO - vk_api.py - 395 - Security check is not required
2024-05-05 19:49:12,040 - INFO - vk_api.py - 209 - access_token from config is not valid: None
2024-05-05 19:49:12,289 - INFO - vk_api.py - 543 - Got access_token
2024-05-05 19:49:12,423 - INFO - utils.py - 111 - Аккаунт Екатерина Фокина комментирует пост с id wall-118335380_44292
2024-05-05 19:49:15,049 - INFO - utils.py - 115 - аккаунт Екатерина Фокина репостит запись wall-118335380_44292
2024-05-05 19:49:17,426 - INFO - utils.py - 119 - аккаунт Екатерина Фокина вступает в группу поста wall-118335380_44292
2024-05-05 19:49:17,475 - ERROR - utils.py - 132 - Ошибка при работе с постом wall-118335380_44292:
[15] Access denied: you are already in this community
2024-05-05 19:49:17,475 - INFO - utils.py - 135 - ----------КОНЕЦ-РАБОТЫ-С-ПОСТОМ-wall-118335380_44292----------
2024-05-05 19:49:17,699 - INFO - dispatcher.py - 172 - Update id=588934149 is handled. Duration 6402 ms by bot id=7090078691
2024-05-05 19:51:13,601 - WARNING - dispatcher.py - 455 - Received SIGINT signal
2024-05-05 19:51:13,604 - INFO - dispatcher.py - 359 - Polling stopped for bot @testoooooooooooo_bot id=7090078691 - 'Тестовый бот'
2024-05-05 19:51:13,605 - INFO - dispatcher.py - 554 - Polling stopped
2024-05-05 19:51:16,702 - INFO - dispatcher.py - 527 - Start polling
2024-05-05 19:51:16,806 - INFO - dispatcher.py - 341 - Run polling for bot @testoooooooooooo_bot id=7090078691 - 'Тестовый бот'
2024-05-05 19:52:41,580 - INFO - dispatcher.py - 172 - Update id=588934150 is handled. Duration 1023 ms by bot id=7090078691
2024-05-05 19:52:42,609 - INFO - vk_api.py - 172 - Auth with login: +79886924592
2024-05-05 19:52:42,609 - INFO - vk_api.py - 431 - Checking remixsid...
2024-05-05 19:52:42,707 - INFO - vk_api.py - 444 - remixsid is valid
2024-05-05 19:52:42,707 - INFO - vk_api.py - 389 - Checking security check request
2024-05-05 19:52:43,291 - INFO - vk_api.py - 395 - Security check is not required
2024-05-05 19:52:43,397 - INFO - vk_api.py - 213 - access_token from config is valid
2024-05-05 19:52:43,783 - INFO - utils.py - 111 - Аккаунт Екатерина Фокина комментирует пост с id wall-118335380_44292
2024-05-05 19:52:46,404 - INFO - utils.py - 115 - аккаунт Екатерина Фокина репостит запись wall-118335380_44292
2024-05-05 19:52:48,722 - INFO - utils.py - 119 - аккаунт Екатерина Фокина вступает в группу поста wall-118335380_44292
2024-05-05 19:52:48,788 - ERROR - utils.py - 132 - Ошибка при работе с постом wall-118335380_44292:
[15] Access denied: you are already in this community
2024-05-05 19:52:48,789 - INFO - utils.py - 136 - ----------КОНЕЦ-РАБОТЫ-С-ПОСТОМ-wall-118335380_44292----------
2024-05-05 19:52:48,907 - INFO - dispatcher.py - 172 - Update id=588934151 is handled. Duration 6464 ms by bot id=7090078691
2024-05-05 19:53:22,434 - WARNING - dispatcher.py - 455 - Received SIGINT signal
2024-05-05 19:53:22,437 - INFO - dispatcher.py - 359 - Polling stopped for bot @testoooooooooooo_bot id=7090078691 - 'Тестовый бот'
2024-05-05 19:53:22,438 - INFO - dispatcher.py - 554 - Polling stopped
2024-05-05 19:54:03,102 - INFO - dispatcher.py - 527 - Start polling
2024-05-05 19:54:03,166 - INFO - dispatcher.py - 341 - Run polling for bot @testoooooooooooo_bot id=7090078691 - 'Тестовый бот'
2024-05-05 19:55:01,608 - INFO - dispatcher.py - 172 - Update id=588934152 is handled. Duration 1197 ms by bot id=7090078691
2024-05-05 19:55:03,021 - INFO - vk_api.py - 172 - Auth with login: +79886924592
2024-05-05 19:55:03,021 - INFO - vk_api.py - 431 - Checking remixsid...
2024-05-05 19:55:03,104 - INFO - vk_api.py - 444 - remixsid is valid
2024-05-05 19:55:03,104 - INFO - vk_api.py - 389 - Checking security check request
2024-05-05 19:55:03,625 - INFO - vk_api.py - 395 - Security check is not required
2024-05-05 19:55:03,747 - INFO - vk_api.py - 213 - access_token from config is valid
2024-05-05 19:55:04,197 - INFO - utils.py - 111 - Аккаунт Екатерина Фокина комментирует пост с id wall-118335380_44292
2024-05-05 19:55:06,893 - INFO - utils.py - 115 - аккаунт Екатерина Фокина репостит запись wall-118335380_44292
2024-05-05 19:55:09,344 - INFO - utils.py - 119 - аккаунт Екатерина Фокина вступает в группу поста wall-118335380_44292
2024-05-05 19:55:09,416 - ERROR - utils.py - 132 - Ошибка при работе с постом wall-118335380_44292:
[15] Access denied: you are already in this community
2024-05-05 19:55:09,417 - INFO - utils.py - 136 - ----------КОНЕЦ-РАБОТЫ-С-ПОСТОМ-wall-118335380_44292----------
2024-05-05 19:55:09,574 - INFO - dispatcher.py - 172 - Update id=588934153 is handled. Duration 6764 ms by bot id=7090078691
2024-05-05 20:00:43,316 - WARNING - dispatcher.py - 455 - Received SIGINT signal
2024-05-05 20:00:43,320 - INFO - dispatcher.py - 359 - Polling stopped for bot @testoooooooooooo_bot id=7090078691 - 'Тестовый бот'
2024-05-05 20:00:43,320 - INFO - dispatcher.py - 554 - Polling stopped
2024-05-05 20:00:46,056 - INFO - dispatcher.py - 527 - Start polling
2024-05-05 20:00:46,109 - INFO - dispatcher.py - 341 - Run polling for bot @testoooooooooooo_bot id=7090078691 - 'Тестовый бот'
2024-05-05 20:00:48,426 - INFO - dispatcher.py - 172 - Update id=588934154 is handled. Duration 993 ms by bot id=7090078691
2024-05-05 20:00:49,821 - INFO - vk_api.py - 172 - Auth with login: +79886924592
2024-05-05 20:00:49,822 - INFO - vk_api.py - 431 - Checking remixsid...
2024-05-05 20:00:49,944 - INFO - vk_api.py - 444 - remixsid is valid
2024-05-05 20:00:49,945 - INFO - vk_api.py - 389 - Checking security check request
2024-05-05 20:00:50,541 - INFO - vk_api.py - 395 - Security check is not required
2024-05-05 20:00:50,620 - INFO - vk_api.py - 213 - access_token from config is valid
2024-05-05 20:00:51,019 - INFO - utils.py - 111 - Аккаунт Екатерина Фокина комментирует пост с id wall-118335380_44292
2024-05-05 20:00:53,829 - INFO - utils.py - 115 - аккаунт Екатерина Фокина репостит запись wall-118335380_44292
2024-05-05 20:00:56,123 - INFO - utils.py - 119 - аккаунт Екатерина Фокина вступает в группу поста wall-118335380_44292
2024-05-05 20:00:56,196 - ERROR - utils.py - 132 - Ошибка при работе с постом wall-118335380_44292:
[15] Access denied: you are already in this community
2024-05-05 20:00:56,196 - INFO - utils.py - 136 - ----------КОНЕЦ-РАБОТЫ-С-ПОСТОМ-wall-118335380_44292----------
2024-05-05 20:00:56,369 - INFO - dispatcher.py - 172 - Update id=588934155 is handled. Duration 6740 ms by bot id=7090078691
2024-05-05 20:01:11,175 - WARNING - dispatcher.py - 455 - Received SIGINT signal
2024-05-05 20:01:11,179 - INFO - dispatcher.py - 359 - Polling stopped for bot @testoooooooooooo_bot id=7090078691 - 'Тестовый бот'
2024-05-05 20:01:11,180 - INFO - dispatcher.py - 554 - Polling stopped
2024-05-05 20:01:14,202 - INFO - dispatcher.py - 527 - Start polling
2024-05-05 20:01:14,280 - INFO - dispatcher.py - 341 - Run polling for bot @testoooooooooooo_bot id=7090078691 - 'Тестовый бот'
2024-05-05 20:01:52,695 - INFO - dispatcher.py - 172 - Update id=588934156 is handled. Duration 1056 ms by bot id=7090078691
2024-05-05 20:01:54,246 - INFO - vk_api.py - 172 - Auth with login: +79886924592
2024-05-05 20:01:54,246 - INFO - vk_api.py - 431 - Checking remixsid...
2024-05-05 20:01:54,336 - INFO - vk_api.py - 444 - remixsid is valid
2024-05-05 20:01:54,336 - INFO - vk_api.py - 389 - Checking security check request
2024-05-05 20:01:55,134 - INFO - vk_api.py - 395 - Security check is not required
2024-05-05 20:01:55,244 - INFO - vk_api.py - 213 - access_token from config is valid
2024-05-05 20:01:55,626 - INFO - utils.py - 111 - Аккаунт Екатерина Фокина комментирует пост с id wall-118335380_44292
2024-05-05 20:01:58,447 - INFO - utils.py - 115 - аккаунт Екатерина Фокина репостит запись wall-118335380_44292
2024-05-05 20:02:00,884 - INFO - utils.py - 119 - аккаунт Екатерина Фокина вступает в группу поста wall-118335380_44292
2024-05-05 20:02:00,937 - ERROR - utils.py - 132 - Ошибка при работе с постом wall-118335380_44292:
[15] Access denied: you are already in this community
2024-05-05 20:02:00,937 - INFO - utils.py - 136 - ----------КОНЕЦ-РАБОТЫ-С-ПОСТОМ-wall-118335380_44292----------
2024-05-05 20:02:01,062 - INFO - dispatcher.py - 172 - Update id=588934157 is handled. Duration 7036 ms by bot id=7090078691
2024-05-05 20:02:41,430 - WARNING - dispatcher.py - 455 - Received SIGINT signal
2024-05-05 20:02:41,433 - INFO - dispatcher.py - 359 - Polling stopped for bot @testoooooooooooo_bot id=7090078691 - 'Тестовый бот'
2024-05-05 20:02:41,434 - INFO - dispatcher.py - 554 - Polling stopped
2024-05-05 20:02:41,627 - WARNING - dispatcher.py - 455 - Received SIGINT signal
2024-05-05 20:02:49,542 - INFO - dispatcher.py - 527 - Start polling
2024-05-05 20:02:49,597 - INFO - dispatcher.py - 341 - Run polling for bot @testoooooooooooo_bot id=7090078691 - 'Тестовый бот'
2024-05-05 20:03:11,921 - INFO - dispatcher.py - 172 - Update id=588934158 is handled. Duration 1189 ms by bot id=7090078691
2024-05-05 20:03:24,823 - INFO - dispatcher.py - 172 - Update id=588934159 is handled. Duration 794 ms by bot id=7090078691
2024-05-05 20:03:26,546 - INFO - vk_api.py - 172 - Auth with login: +79886924592
2024-05-05 20:03:26,547 - INFO - vk_api.py - 431 - Checking remixsid...
2024-05-05 20:03:26,748 - INFO - vk_api.py - 444 - remixsid is valid
2024-05-05 20:03:26,748 - INFO - vk_api.py - 389 - Checking security check request
2024-05-05 20:03:27,485 - INFO - vk_api.py - 395 - Security check is not required
2024-05-05 20:03:27,571 - INFO - vk_api.py - 213 - access_token from config is valid
2024-05-05 20:03:27,963 - INFO - utils.py - 111 - Аккаунт Екатерина Фокина комментирует пост с id wall-118335380_44292
2024-05-05 20:03:30,937 - INFO - utils.py - 115 - аккаунт Екатерина Фокина репостит запись wall-118335380_44292
2024-05-05 20:03:33,211 - INFO - utils.py - 119 - аккаунт Екатерина Фокина вступает в группу поста wall-118335380_44292
2024-05-05 20:03:33,282 - INFO - dispatcher.py - 172 - Update id=588934160 is not handled. Duration 6859 ms by bot id=7090078691
2024-05-05 20:03:33,282 - ERROR - dispatcher.py - 315 - Cause exception while process update id=588934160 by bot id=7090078691
ApiError: [15] Access denied: you are already in this community
Traceback (most recent call last):
  File "/Users/kamamber/Desktop/giftWinnerBot/venv/lib/python3.9/site-packages/aiogram/dispatcher/dispatcher.py", line 309, in _process_update
    response = await self.feed_update(bot, update, **kwargs)
  File "/Users/kamamber/Desktop/giftWinnerBot/venv/lib/python3.9/site-packages/aiogram/dispatcher/dispatcher.py", line 158, in feed_update
    response = await self.update.wrap_outer_middleware(
  File "/Users/kamamber/Desktop/giftWinnerBot/venv/lib/python3.9/site-packages/aiogram/dispatcher/middlewares/error.py", line 25, in __call__
    return await handler(event, data)
  File "/Users/kamamber/Desktop/giftWinnerBot/venv/lib/python3.9/site-packages/aiogram/dispatcher/middlewares/user_context.py", line 27, in __call__
    return await handler(event, data)
  File "/Users/kamamber/Desktop/giftWinnerBot/venv/lib/python3.9/site-packages/aiogram/fsm/middleware.py", line 41, in __call__
    return await handler(event, data)
  File "/Users/kamamber/Desktop/giftWinnerBot/venv/lib/python3.9/site-packages/aiogram/dispatcher/event/telegram.py", line 121, in trigger
    return await wrapped_inner(event, kwargs)
  File "/Users/kamamber/Desktop/giftWinnerBot/venv/lib/python3.9/site-packages/aiogram/dispatcher/event/handler.py", line 43, in call
    return await wrapped()
  File "/Users/kamamber/Desktop/giftWinnerBot/venv/lib/python3.9/site-packages/aiogram/dispatcher/dispatcher.py", line 276, in _listen_update
    return await self.propagate_event(update_type=update_type, event=event, **kwargs)
  File "/Users/kamamber/Desktop/giftWinnerBot/venv/lib/python3.9/site-packages/aiogram/dispatcher/router.py", line 128, in propagate_event
    return await observer.wrap_outer_middleware(_wrapped, event=event, data=kwargs)
  File "/Users/kamamber/Desktop/giftWinnerBot/venv/lib/python3.9/site-packages/aiogram/dispatcher/router.py", line 123, in _wrapped
    return await self._propagate_event(
  File "/Users/kamamber/Desktop/giftWinnerBot/venv/lib/python3.9/site-packages/aiogram/dispatcher/router.py", line 156, in _propagate_event
    response = await router.propagate_event(update_type=update_type, event=event, **kwargs)
  File "/Users/kamamber/Desktop/giftWinnerBot/venv/lib/python3.9/site-packages/aiogram/dispatcher/router.py", line 128, in propagate_event
    return await observer.wrap_outer_middleware(_wrapped, event=event, data=kwargs)
  File "/Users/kamamber/Desktop/giftWinnerBot/venv/lib/python3.9/site-packages/aiogram/dispatcher/router.py", line 123, in _wrapped
    return await self._propagate_event(
  File "/Users/kamamber/Desktop/giftWinnerBot/venv/lib/python3.9/site-packages/aiogram/dispatcher/router.py", line 148, in _propagate_event
    response = await observer.trigger(event, **kwargs)
  File "/Users/kamamber/Desktop/giftWinnerBot/venv/lib/python3.9/site-packages/aiogram/dispatcher/event/telegram.py", line 121, in trigger
    return await wrapped_inner(event, kwargs)
  File "/Users/kamamber/Desktop/giftWinnerBot/venv/lib/python3.9/site-packages/aiogram/dispatcher/event/handler.py", line 43, in call
    return await wrapped()
  File "/Users/kamamber/Desktop/giftWinnerBot/src/handlers/post/post_routes.py", line 50, in repost_posts
    await repost_all_new_posts_from_database()
  File "/Users/kamamber/Desktop/giftWinnerBot/src/services/services.py", line 33, in repost_all_new_posts_from_database
    take_part_in_the_draw(vk_auth, account, posts)
  File "/Users/kamamber/Desktop/giftWinnerBot/src/services/utils.py", line 120, in take_part_in_the_draw
    join_to_groups(vk_auth, [group_id])
  File "/Users/kamamber/Desktop/giftWinnerBot/src/services/utils.py", line 161, in join_to_groups
    vk_auth.method(method='groups.join', values={
  File "/Users/kamamber/Desktop/giftWinnerBot/src/vk_api/vk_api/vk_api.py", line 738, in method
    raise error
vk_api.vk_api.exceptions.ApiError: [15] Access denied: you are already in this community
2024-05-05 20:15:00,688 - WARNING - dispatcher.py - 455 - Received SIGINT signal
2024-05-05 20:15:00,693 - INFO - dispatcher.py - 359 - Polling stopped for bot @testoooooooooooo_bot id=7090078691 - 'Тестовый бот'
2024-05-05 20:15:00,694 - INFO - dispatcher.py - 554 - Polling stopped
2024-05-05 20:15:23,885 - INFO - dispatcher.py - 527 - Start polling
2024-05-05 20:15:23,935 - INFO - dispatcher.py - 341 - Run polling for bot @testoooooooooooo_bot id=7090078691 - 'Тестовый бот'
2024-05-05 20:15:30,561 - WARNING - dispatcher.py - 455 - Received SIGINT signal
2024-05-05 20:15:30,565 - INFO - dispatcher.py - 359 - Polling stopped for bot @testoooooooooooo_bot id=7090078691 - 'Тестовый бот'
2024-05-05 20:15:30,565 - INFO - dispatcher.py - 554 - Polling stopped
2024-05-05 20:15:51,544 - INFO - dispatcher.py - 527 - Start polling
2024-05-05 20:15:51,600 - INFO - dispatcher.py - 341 - Run polling for bot @testoooooooooooo_bot id=7090078691 - 'Тестовый бот'
2024-05-05 20:16:25,368 - INFO - dispatcher.py - 172 - Update id=588934161 is handled. Duration 368 ms by bot id=7090078691
2024-05-05 20:16:26,193 - INFO - dispatcher.py - 172 - Update id=588934162 is handled. Duration 110 ms by bot id=7090078691
2024-05-05 20:16:27,475 - INFO - dispatcher.py - 172 - Update id=588934163 is handled. Duration 743 ms by bot id=7090078691
2024-05-05 20:16:30,594 - INFO - vk_api.py - 172 - Auth with login: +79886924592
2024-05-05 20:16:30,595 - INFO - vk_api.py - 431 - Checking remixsid...
2024-05-05 20:16:30,683 - INFO - vk_api.py - 444 - remixsid is valid
2024-05-05 20:16:30,683 - INFO - vk_api.py - 389 - Checking security check request
2024-05-05 20:16:31,405 - INFO - vk_api.py - 395 - Security check is not required
2024-05-05 20:16:31,501 - INFO - vk_api.py - 213 - access_token from config is valid
2024-05-05 20:16:31,910 - INFO - utils.py - 112 - Аккаунт Екатерина Фокина комментирует пост с id wall-118335380_44292
2024-05-05 20:16:34,531 - INFO - utils.py - 116 - аккаунт Екатерина Фокина репостит запись wall-118335380_44292
2024-05-05 20:16:36,801 - INFO - utils.py - 120 - аккаунт Екатерина Фокина вступает в группу поста wall-118335380_44292
2024-05-05 20:16:36,866 - ERROR - utils.py - 134 - Ошибка при работе с постом wall-118335380_44292:
__init__() missing 5 required positional arguments: 'vk', 'method', 'values', 'raw', and 'error'
2024-05-05 20:16:36,867 - INFO - utils.py - 138 - ----------КОНЕЦ-РАБОТЫ-С-ПОСТОМ-wall-118335380_44292----------
2024-05-05 20:16:37,077 - INFO - dispatcher.py - 172 - Update id=588934164 is handled. Duration 6626 ms by bot id=7090078691
2024-05-05 20:17:38,895 - WARNING - dispatcher.py - 455 - Received SIGINT signal
2024-05-05 20:17:38,899 - INFO - dispatcher.py - 359 - Polling stopped for bot @testoooooooooooo_bot id=7090078691 - 'Тестовый бот'
2024-05-05 20:17:38,900 - INFO - dispatcher.py - 554 - Polling stopped
2024-05-05 20:18:05,916 - INFO - dispatcher.py - 527 - Start polling
2024-05-05 20:18:05,990 - INFO - dispatcher.py - 341 - Run polling for bot @testoooooooooooo_bot id=7090078691 - 'Тестовый бот'
2024-05-05 20:18:33,964 - INFO - dispatcher.py - 172 - Update id=588934165 is handled. Duration 1058 ms by bot id=7090078691
2024-05-05 20:18:35,519 - INFO - vk_api.py - 172 - Auth with login: +79886924592
2024-05-05 20:18:35,519 - INFO - vk_api.py - 431 - Checking remixsid...
2024-05-05 20:18:35,651 - INFO - vk_api.py - 444 - remixsid is valid
2024-05-05 20:18:35,651 - INFO - vk_api.py - 389 - Checking security check request
2024-05-05 20:18:36,173 - INFO - vk_api.py - 395 - Security check is not required
2024-05-05 20:18:36,273 - INFO - vk_api.py - 213 - access_token from config is valid
2024-05-05 20:18:36,695 - INFO - utils.py - 112 - Аккаунт Екатерина Фокина комментирует пост с id wall-118335380_44292
2024-05-05 20:18:39,442 - INFO - utils.py - 116 - аккаунт Екатерина Фокина репостит запись wall-118335380_44292
2024-05-05 20:18:41,845 - INFO - utils.py - 120 - аккаунт Екатерина Фокина вступает в группу поста wall-118335380_44292
2024-05-05 20:18:41,896 - ERROR - utils.py - 134 - Ошибка при работе с постом wall-118335380_44292:
__init__() missing 5 required positional arguments: 'vk', 'method', 'values', 'raw', and 'error'
2024-05-05 20:18:41,896 - INFO - utils.py - 138 - ----------КОНЕЦ-РАБОТЫ-С-ПОСТОМ-wall-118335380_44292----------
2024-05-05 20:18:42,023 - INFO - dispatcher.py - 172 - Update id=588934166 is handled. Duration 6620 ms by bot id=7090078691
2024-05-05 20:21:12,198 - WARNING - dispatcher.py - 455 - Received SIGINT signal
2024-05-05 20:21:12,201 - INFO - dispatcher.py - 359 - Polling stopped for bot @testoooooooooooo_bot id=7090078691 - 'Тестовый бот'
2024-05-05 20:21:12,201 - INFO - dispatcher.py - 554 - Polling stopped
2024-05-05 20:21:19,914 - INFO - dispatcher.py - 527 - Start polling
2024-05-05 20:21:19,962 - INFO - dispatcher.py - 341 - Run polling for bot @testoooooooooooo_bot id=7090078691 - 'Тестовый бот'
2024-05-05 20:21:40,928 - WARNING - dispatcher.py - 455 - Received SIGINT signal
2024-05-05 20:21:40,931 - INFO - dispatcher.py - 359 - Polling stopped for bot @testoooooooooooo_bot id=7090078691 - 'Тестовый бот'
2024-05-05 20:21:40,931 - INFO - dispatcher.py - 554 - Polling stopped
2024-05-05 20:21:43,448 - INFO - dispatcher.py - 527 - Start polling
2024-05-05 20:21:43,500 - INFO - dispatcher.py - 341 - Run polling for bot @testoooooooooooo_bot id=7090078691 - 'Тестовый бот'
2024-05-05 20:21:44,982 - INFO - dispatcher.py - 172 - Update id=588934167 is handled. Duration 805 ms by bot id=7090078691
2024-05-05 20:22:01,790 - INFO - dispatcher.py - 172 - Update id=588934168 is handled. Duration 889 ms by bot id=7090078691
2024-05-05 20:22:03,014 - INFO - vk_api.py - 172 - Auth with login: +79886924592
2024-05-05 20:22:03,015 - INFO - vk_api.py - 431 - Checking remixsid...
2024-05-05 20:22:03,102 - INFO - vk_api.py - 444 - remixsid is valid
2024-05-05 20:22:03,103 - INFO - vk_api.py - 389 - Checking security check request
2024-05-05 20:22:03,660 - INFO - vk_api.py - 395 - Security check is not required
2024-05-05 20:22:03,754 - INFO - vk_api.py - 213 - access_token from config is valid
2024-05-05 20:22:04,150 - INFO - utils.py - 112 - Аккаунт Екатерина Фокина комментирует пост с id wall-118335380_44292
2024-05-05 20:22:06,833 - INFO - utils.py - 116 - аккаунт Екатерина Фокина репостит запись wall-118335380_44292
2024-05-05 20:22:09,133 - INFO - utils.py - 120 - аккаунт Екатерина Фокина вступает в группу поста wall-118335380_44292
2024-05-05 20:22:09,173 - INFO - utils.py - 125 - аккаунт Екатерина Фокина вступает в группы из текста поста ['118335380']
2024-05-05 20:23:09,579 - INFO - utils.py - 138 - ----------КОНЕЦ-РАБОТЫ-С-ПОСТОМ-wall-118335380_44292----------
2024-05-05 20:23:09,930 - INFO - dispatcher.py - 172 - Update id=588934169 is handled. Duration 67235 ms by bot id=7090078691
2024-05-05 21:32:41,150 - ERROR - dispatcher.py - 219 - Failed to fetch updates - TelegramNetworkError: HTTP Client says - Request timeout error
2024-05-05 21:32:41,153 - WARNING - dispatcher.py - 221 - Sleep for 1.000000 seconds and try again... (tryings = 0, bot id = 7090078691)
2024-05-05 22:32:15,716 - ERROR - dispatcher.py - 219 - Failed to fetch updates - TelegramNetworkError: HTTP Client says - Request timeout error
2024-05-05 22:32:15,722 - WARNING - dispatcher.py - 221 - Sleep for 1.148930 seconds and try again... (tryings = 1, bot id = 7090078691)
2024-05-05 22:32:27,098 - INFO - dispatcher.py - 233 - Connection established (tryings = 2, bot id = 7090078691)
2024-05-06 00:46:10,794 - ERROR - dispatcher.py - 219 - Failed to fetch updates - TelegramNetworkError: HTTP Client says - Request timeout error
2024-05-06 00:46:10,800 - WARNING - dispatcher.py - 221 - Sleep for 1.000000 seconds and try again... (tryings = 0, bot id = 7090078691)
2024-05-06 01:03:12,818 - INFO - dispatcher.py - 233 - Connection established (tryings = 1, bot id = 7090078691)
2024-05-06 01:03:15,572 - INFO - dispatcher.py - 172 - Update id=588934170 is handled. Duration 2747 ms by bot id=7090078691
2024-05-06 03:32:31,138 - ERROR - dispatcher.py - 219 - Failed to fetch updates - TelegramNetworkError: HTTP Client says - Request timeout error
2024-05-06 03:32:31,145 - WARNING - dispatcher.py - 221 - Sleep for 1.000000 seconds and try again... (tryings = 0, bot id = 7090078691)
2024-05-06 03:32:42,380 - INFO - dispatcher.py - 233 - Connection established (tryings = 1, bot id = 7090078691)
2024-05-06 07:00:58,670 - ERROR - dispatcher.py - 219 - Failed to fetch updates - TelegramNetworkError: HTTP Client says - Request timeout error
2024-05-06 07:00:58,775 - WARNING - dispatcher.py - 221 - Sleep for 1.000000 seconds and try again... (tryings = 0, bot id = 7090078691)
2024-05-06 09:11:36,158 - ERROR - dispatcher.py - 219 - Failed to fetch updates - TelegramNetworkError: HTTP Client says - Request timeout error
2024-05-06 09:11:36,160 - WARNING - dispatcher.py - 221 - Sleep for 1.190498 seconds and try again... (tryings = 1, bot id = 7090078691)
2024-05-06 12:06:16,620 - ERROR - dispatcher.py - 219 - Failed to fetch updates - TelegramNetworkError: HTTP Client says - Request timeout error
2024-05-06 12:06:16,623 - WARNING - dispatcher.py - 221 - Sleep for 1.474407 seconds and try again... (tryings = 2, bot id = 7090078691)
2024-05-06 14:18:41,901 - ERROR - dispatcher.py - 219 - Failed to fetch updates - TelegramNetworkError: HTTP Client says - Request timeout error
2024-05-06 14:18:41,903 - WARNING - dispatcher.py - 221 - Sleep for 1.858265 seconds and try again... (tryings = 3, bot id = 7090078691)
2024-05-06 09:30:36,553 - ERROR - dispatcher.py - 219 - Failed to fetch updates - TelegramNetworkError: HTTP Client says - Request timeout error
2024-05-06 09:30:36,557 - WARNING - dispatcher.py - 221 - Sleep for 2.432573 seconds and try again... (tryings = 4, bot id = 7090078691)
2024-05-06 09:30:49,300 - INFO - dispatcher.py - 233 - Connection established (tryings = 5, bot id = 7090078691)
